weather_station_id,timestamp,temp,humidity,wind_speed,wind_dir,precip,station_name,pm10,pm25,o3,no2
108,2025-01-01 0:00,-1.47,60.53,0.87,257.74,0,吝备,21,12,0.001,0.0306
108,2025-01-01 1:00,-1.6,63.03,0.7,272.49,0,吝备,21,13,0.0011,0.0307
108,2025-01-01 2:00,-1.75,64.75,0.75,25.65,0,吝备,19,12,0.0025,0.0301
108,2025-01-01 3:00,-2.1,66.5,1.95,28.43,0,吝备,20,12,0.001,0.0307
108,2025-01-01 4:00,-2.37,67.97,1.96,32.87,0,吝备,23,12,0.0012,0.0281
108,2025-01-01 5:00,-2.2,68.45,2.21,30.77,0,吝备,22,15,0.0009,0.0266
108,2025-01-01 6:00,-1.62,67.8,2.26,32.48,0,吝备,23,14,0.0011,0.0265
108,2025-01-01 7:00,-1.03,67.65,2.05,36.02,0,吝备,23,14,0.0009,0.0273
108,2025-01-01 8:00,-0.52,67.86,1.89,39.31,0,吝备,21,14,0.0025,0.0267
108,2025-01-01 9:00,0.48,67.33,1.75,48.55,0,吝备,22,15,0.0045,0.0248
108,2025-01-01 10:00,2.04,63.89,1.3,51.71,0,吝备,23,16,0.0069,0.0239
108,2025-01-01 11:00,4.9,57.81,1.43,137.98,0,吝备,24,19,0.0116,0.023
108,2025-01-01 12:00,7.48,52.75,2.8,212.07,0,吝备,26,12,0.0222,0.0177
108,2025-01-01 13:00,7.66,52.64,3.76,254.11,0,吝备,43,25,0.0363,0.0113
108,2025-01-01 14:00,8.34,52.39,4.1,251.15,0,吝备,49,31,0.0471,0.007
108,2025-01-01 15:00,8.62,50.54,4.15,245.82,0,吝备,49,29,0.0466,0.0084
108,2025-01-01 16:00,7.8,51.48,3.56,244.45,0,吝备,54,29,0.0463,0.0098
108,2025-01-01 17:00,6.3,54.96,2.81,249.39,0,吝备,54,29,0.0423,0.0122
108,2025-01-01 18:00,5.17,61.85,2.83,255.38,0,吝备,52,29,0.038,0.0144
108,2025-01-01 19:00,4.17,68.29,1.91,270.93,0,吝备,50,30,0.0309,0.0187
108,2025-01-01 20:00,3.61,73.86,1.52,280.63,0,吝备,48,28,0.0315,0.0164
108,2025-01-01 21:00,3.12,73.32,1.9,306.13,0,吝备,48,29,0.0285,0.0179
108,2025-01-01 22:00,2.52,71.41,1.94,284.23,0,吝备,49,31,0.0272,0.0176
108,2025-01-01 23:00,1.3,71.27,1.27,272.51,0,吝备,46,29,0.0186,0.0241
108,2025-01-02 0:00,0.57,74.46,1.58,286.38,0,吝备,47,34,0.015,0.0253
108,2025-01-02 1:00,-0.17,74.08,1.04,280.38,0,吝备,45,31,0.0197,0.02
108,2025-01-02 2:00,-1.04,72.45,1.7,264.56,0,吝备,39,25,0.0181,0.0214
108,2025-01-02 3:00,-1.42,69.92,1.62,243.82,0,吝备,35,26,0.0175,0.0196
108,2025-01-02 4:00,-1.89,72.49,1.4,257.22,0,吝备,44,32,0.0151,0.0215
108,2025-01-02 5:00,-2.45,73.99,0.82,277.29,0,吝备,45,30,0.0061,0.027
108,2025-01-02 6:00,-2.67,74.42,1.55,272.27,0,吝备,38,24,0.0006,0.0317
108,2025-01-02 7:00,-2.58,70.19,1.58,273.7,0,吝备,36,26,0.0017,0.0302
108,2025-01-02 8:00,-2.74,66.72,0.58,289.56,0,吝备,35,24,0.0048,0.0266
108,2025-01-02 9:00,-1.46,63.11,1.43,279.52,0,吝备,39,25,0.0042,0.0258
108,2025-01-02 10:00,0.98,48.86,1.86,259.14,0,吝备,41,27,0.0133,0.0211
108,2025-01-02 11:00,2.7,38.74,2.76,282.01,0,吝备,30,17,0.0245,0.0141
108,2025-01-02 12:00,4.17,33.37,3.63,274.02,0,吝备,24,13,0.03,0.0113
108,2025-01-02 13:00,4.91,27.32,3.64,283.3,0,吝备,24,15,0.0348,0.0094
108,2025-01-02 14:00,5.43,25.14,3.31,289.6,0,吝备,18,9,0.038,0.0066
108,2025-01-02 15:00,5.68,26.43,3.05,282.97,0,吝备,15,7,0.0386,0.0068
108,2025-01-02 16:00,4.79,26.72,3.02,286.07,0,吝备,15,10,0.0386,0.0067
108,2025-01-02 17:00,3.38,29.47,2.09,283.39,0,吝备,17,8,0.0341,0.0091
108,2025-01-02 18:00,2.29,32.12,2.03,275.05,0,吝备,18,7,0.0274,0.0141
108,2025-01-02 19:00,1.47,32.56,1.83,311.01,0,吝备,20,13,0.0312,0.0111
108,2025-01-02 20:00,0.56,35.33,1.22,310.91,0,吝备,20,12,0.0284,0.0122
108,2025-01-02 21:00,-0.31,38.07,1.66,248.49,0,吝备,22,15,0.0219,0.0177
108,2025-01-02 22:00,-0.28,43.24,3.6,282.71,0,吝备,26,15,0.0268,0.0121
108,2025-01-02 23:00,-1.41,45.24,3.41,287.27,0,吝备,26,17,0.0282,0.0077
108,2025-01-03 0:00,-2.4,46.82,2.99,289.59,0,吝备,16,11,0.0277,0.007
108,2025-01-03 1:00,-3.15,48.6,1.79,300.48,0,吝备,20,12,0.0275,0.0068
108,2025-01-03 2:00,-3.62,49.05,2.27,323.48,0,吝备,21,15,0.0264,0.0061
108,2025-01-03 3:00,-4.12,50.16,1.4,268.57,0,吝备,21,15,0.0233,0.0092
108,2025-01-03 4:00,-4.52,51.53,1.42,261.78,0,吝备,19,13,0.02,0.0125
108,2025-01-03 5:00,-4.96,53.91,1.51,271.59,0,吝备,22,16,0.017,0.0154
108,2025-01-03 6:00,-5,55.99,1.68,288.38,0,吝备,22,17,0.0144,0.017
108,2025-01-03 7:00,-4.69,54.84,2.09,311.62,0,吝备,21,17,0.0145,0.015
108,2025-01-03 8:00,-4.68,52.83,1.61,301.83,0,吝备,20,17,0.0131,0.0158
108,2025-01-03 9:00,-3.35,45.61,2.65,286.93,0,吝备,20,14,0.0194,0.012
108,2025-01-03 10:00,-1.55,37.29,1.72,279.87,0,吝备,20,12,0.0208,0.011
108,2025-01-03 11:00,0.95,32.8,2.06,185.72,0,吝备,16,10,0.0195,0.0133
108,2025-01-03 12:00,1.69,28.28,1.91,274.08,0,吝备,18,8,0.0223,0.0132
108,2025-01-03 13:00,2.46,34.19,2.56,247.04,0,吝备,18,13,0.0255,0.0119
108,2025-01-03 14:00,2.39,34.87,2.34,228.61,0,吝备,20,12,0.0222,0.0159
108,2025-01-03 15:00,2.48,39.29,2.96,243.62,0,吝备,21,13,0.0234,0.0168
108,2025-01-03 16:00,2.77,40.12,3.06,220.33,0,吝备,18,11,0.0221,0.017
108,2025-01-03 17:00,1.48,53.63,2.6,214.55,0,吝备,18,12,0.0242,0.0152
108,2025-01-03 18:00,1.14,64.98,2.07,228.17,0,吝备,19,9,0.0208,0.0173
108,2025-01-03 19:00,0.64,65.64,1.96,261.9,0,吝备,17,10,0.0225,0.0167
108,2025-01-03 20:00,0.32,67.98,1.68,268.01,0,吝备,15,10,0.0208,0.0182
108,2025-01-03 21:00,0.51,71.18,2.06,264.03,0,吝备,17,11,0.0187,0.0189
108,2025-01-03 22:00,-0.15,70.81,3.45,279.62,0,吝备,18,11,0.0263,0.0119
108,2025-01-03 23:00,-1.32,64.68,3.75,311.01,0,吝备,26,17,0.03,0.0075
108,2025-01-04 0:00,-2.28,59.8,2.69,279.59,0,吝备,28,23,0.0292,0.008
108,2025-01-04 1:00,-2.8,57.48,2.8,269.51,0,吝备,29,21,0.0286,0.0078
108,2025-01-04 2:00,-3.22,58.78,1.71,312.73,0,吝备,29,21,0.0279,0.0078
108,2025-01-04 3:00,-3.87,61.16,1.25,353.53,0,吝备,28,23,0.0266,0.0083
108,2025-01-04 4:00,-4.22,59.51,1.6,326.72,0,吝备,30,26,0.0281,0.007
108,2025-01-04 5:00,-4.7,60.18,1.05,271.74,0,吝备,27,21,0.0239,0.0111
108,2025-01-04 6:00,-4.94,61.22,0.6,342.19,0,吝备,27,21,0.0194,0.0139
108,2025-01-04 7:00,-5.19,62.1,1.33,36.12,0,吝备,27,22,0.0056,0.0237
108,2025-01-04 8:00,-5.14,64.38,1.5,41.61,0,吝备,31,21,0.0004,0.027
108,2025-01-04 9:00,-3.48,65.99,2.02,40.7,0,吝备,31,20,0.0021,0.0251
108,2025-01-04 10:00,-0.63,56.34,1.81,41.31,0,吝备,47,32,0.0041,0.0249
108,2025-01-04 11:00,1.97,44.67,1.29,134.22,0,吝备,43,28,0.0071,0.025
108,2025-01-04 12:00,3.69,35.23,1.8,195.05,0,吝备,28,19,0.0107,0.0228
108,2025-01-04 13:00,4.58,29.94,1.97,226.41,0,吝备,27,12,0.0204,0.016
108,2025-01-04 14:00,5.14,27.8,2.2,259.1,0,吝备,21,14,0.025,0.0142
108,2025-01-04 15:00,5.39,27.93,2.18,238.54,0,吝备,20,13,0.0196,0.0208
108,2025-01-04 16:00,4.12,32.02,2.08,268.08,0,吝备,24,15,0.0205,0.0204
108,2025-01-04 17:00,3.31,37.8,1.54,278.67,0,吝备,23,17,0.01,0.0287
108,2025-01-04 18:00,2.75,39.18,1.7,245.93,0,吝备,26,14,0.0124,0.0248
108,2025-01-04 19:00,1.92,41.17,0.95,205.99,0,吝备,23,15,0.0109,0.0268
108,2025-01-04 20:00,1.01,46.42,1.28,125.66,0,吝备,25,17,0.0076,0.0289
108,2025-01-04 21:00,0.61,49.34,1.39,68.46,0,吝备,26,20,0.004,0.0326
108,2025-01-04 22:00,0.16,51.61,1.49,31.15,0,吝备,25,19,0.0002,0.0352
108,2025-01-04 23:00,-0.19,54.72,1.8,42.05,0,吝备,27,17,0.0004,0.0356
108,2025-01-05 0:00,-0.36,56.68,2.27,39.93,0,吝备,27,19,0.002,0.0345
108,2025-01-05 1:00,-0.64,58.5,2.06,41.08,0,吝备,28,21,0.0011,0.0353
108,2025-01-05 2:00,-0.36,60.54,2.22,37.13,0,吝备,27,19,0.0014,0.0347
108,2025-01-05 3:00,0.51,61.53,2.82,43.41,0,吝备,37,,0.0075,0.0298
108,2025-01-05 4:00,0.73,60.83,2.57,46.57,0,吝备,,,0.0106,0.0272
108,2025-01-05 5:00,0.76,61.72,2.63,50.77,0.04,吝备,,,0.0125,0.0246
108,2025-01-05 6:00,-0.01,81.67,3.01,42.83,0.41,吝备,,,0.0136,0.0212
108,2025-01-05 7:00,-0.21,89.39,1.93,54.75,1.06,吝备,,,0.0109,0.0233
108,2025-01-05 8:00,-0.29,92.06,1.95,62.21,3.12,吝备,,,0.0077,0.024
108,2025-01-05 9:00,-0.22,92.53,2.63,49.41,4.5,吝备,,,0.0066,0.0235
108,2025-01-05 10:00,0.12,93.21,2.23,43.57,5.05,吝备,,,0.0078,0.0246
108,2025-01-05 11:00,0.5,93.09,2.45,40.63,5.5,吝备,,,0.0067,0.0257
108,2025-01-05 12:00,0.7,93.56,2,45.84,6.2,吝备,,,0.0069,0.0263
108,2025-01-05 13:00,0.99,93.22,2.2,42.37,6.66,吝备,43,39,0.0069,0.0272
108,2025-01-05 14:00,1.61,92.02,2.79,43.22,6.7,吝备,44,37,0.0108,0.024
108,2025-01-05 15:00,1.8,90.61,3.08,45.32,6.7,吝备,44,38,0.0116,0.0236
108,2025-01-05 16:00,1.84,90.68,2.72,46.18,6.7,吝备,43,35,0.0106,0.025
108,2025-01-05 17:00,1.9,90.37,2.92,52.61,6.7,吝备,40,33,0.009,0.0274
108,2025-01-05 18:00,1.94,89.94,2.34,50.68,6.7,吝备,41,33,0.0108,0.0253
108,2025-01-05 19:00,2.09,89.9,2.84,48.42,6.7,吝备,42,35,0.0099,0.026
108,2025-01-05 20:00,2.2,89.67,2.73,54.48,6.7,吝备,42,36,0.0101,0.0252
108,2025-01-05 21:00,2.27,89.83,2.54,54.8,6.7,吝备,45,36,0.0103,0.0247
108,2025-01-05 22:00,2.39,90.09,2.49,53,6.7,吝备,46,38,0.0096,0.0249
108,2025-01-05 23:00,2.4,90.32,2.29,46.28,6.7,吝备,43,36,0.0092,0.0247
108,2025-01-06 0:00,2.46,90.39,2.1,50.81,0.11,吝备,47,38,0.0095,0.0244
108,2025-01-06 1:00,2.56,91.44,2.25,46.13,0,吝备,51,40,0.0096,0.0237
108,2025-01-06 2:00,2.87,92.89,2.43,307.05,0.29,吝备,49,39,0.038,0.0088
108,2025-01-06 3:00,2.51,92.34,0.96,267.52,1.82,吝备,32,25,0.0422,0.0105
108,2025-01-06 4:00,2.34,92.41,1.25,54.76,2.99,吝备,33,23,0.0407,0.0118
108,2025-01-06 5:00,2.22,94.05,1.82,38.97,3,吝备,36,32,0.0204,0.0225
108,2025-01-06 6:00,2.2,94.06,0.53,337,3,吝备,39,35,0.0108,0.0276
108,2025-01-06 7:00,2.3,93.84,1,274.62,3,吝备,46,34,0.0195,0.0262
108,2025-01-06 8:00,2.44,93.99,1.9,260.09,3,吝备,50,37,0.016,0.0293
108,2025-01-06 9:00,2.35,94.63,3.03,270.2,3,吝备,53,44,0.0177,0.0214
108,2025-01-06 10:00,2.16,89.74,3.15,284.99,3,吝备,61,51,0.0237,0.0133
108,2025-01-06 11:00,2.47,80.51,3.78,282.26,3,吝备,,,,
108,2025-01-06 12:00,2.8,70.53,3.8,290.83,3,吝备,,,,
108,2025-01-06 13:00,2.91,66.65,3.83,288.19,3,吝备,,,0.0345,0.0138
108,2025-01-06 14:00,2.54,62.84,4.44,284.5,3,吝备,101,92,0.0383,0.0125
108,2025-01-06 15:00,2.37,60.46,4.16,274.38,3,吝备,90,81,0.0347,0.0147
108,2025-01-06 16:00,1.6,60.72,4.25,283.63,3,吝备,78,71,0.0326,0.0154
108,2025-01-06 17:00,0.62,65.63,3.77,301.26,3,吝备,83,74,0.0299,0.0162
108,2025-01-06 18:00,-0.22,64.24,2.96,285.3,3,吝备,77,69,0.0276,0.0187
108,2025-01-06 19:00,-0.98,64.3,2.82,276.29,3,吝备,55,47,0.0276,0.0184
108,2025-01-06 20:00,-1.52,61.83,3.07,278.58,3,吝备,34,29,0.0287,0.0158
108,2025-01-06 21:00,-2.14,57.28,3.89,276.41,3,吝备,22,16,0.0315,0.0116
108,2025-01-06 22:00,-2.62,58.35,3.65,260.52,3,吝备,21,14,0.0317,0.0103
108,2025-01-06 23:00,-2.94,61.16,2.83,253.32,3,吝备,21,15,0.029,0.0122
108,2025-01-07 0:00,-3.06,57.23,3.31,269.41,0.05,吝备,22,11,0.0295,0.0112
108,2025-01-07 1:00,-3.45,54.04,3,264.42,0,吝备,20,11,0.0298,0.0103
108,2025-01-07 2:00,-3.78,50.76,3.52,265.75,0,吝备,21,12,0.0303,0.0087
108,2025-01-07 3:00,-4.08,52.16,3.18,257.42,0,吝备,23,14,0.0286,0.01
108,2025-01-07 4:00,-4.31,52.57,2.52,269.51,0,吝备,22,16,0.0276,0.0112
108,2025-01-07 5:00,-4.8,54.02,1.6,271.89,0,吝备,22,18,0.0242,0.0145
108,2025-01-07 6:00,-5.11,54.67,1.94,258.55,0,吝备,25,19,0.0206,0.0191
108,2025-01-07 7:00,-5.34,54.93,1.43,258.87,0,吝备,28,20,0.0183,0.0213
108,2025-01-07 8:00,-5.47,55.75,1.11,284.12,0,吝备,33,19,0.0169,0.0242
108,2025-01-07 9:00,-4.17,50.89,1.77,273.05,0,吝备,25,16,0.0201,0.0209
108,2025-01-07 10:00,-2.33,44.36,2.06,256.74,0,吝备,32,21,0.0236,0.0176
108,2025-01-07 11:00,-0.85,39.84,3.09,257.68,0,吝备,,,0.0239,0.0147
108,2025-01-07 12:00,0.05,38.95,3.17,260.2,0,吝备,,,0.0223,0.0122
108,2025-01-07 13:00,0.76,42.48,3.93,254.05,0,吝备,26,15,0.027,0.0105
108,2025-01-07 14:00,1.1,47.96,4.34,256.86,0,吝备,28,14,0.0278,0.0112
108,2025-01-07 15:00,0.37,50.49,4.92,280.88,0,吝备,30,12,0.029,0.0107
108,2025-01-07 16:00,-0.19,54.79,3.59,265.12,0,吝备,24,15,0.0278,0.013
108,2025-01-07 17:00,-0.57,57.91,3.61,262.05,0,吝备,23,16,0.0267,0.0147
108,2025-01-07 18:00,-1.32,70.38,3.23,255.32,0.07,吝备,,12,0.0283,0.0123
108,2025-01-07 19:00,-1.54,69.29,2.33,249.48,0.1,吝备,,15,0.0182,0.0236
108,2025-01-07 20:00,-1.77,56.83,3.21,268.63,0.1,吝备,20,11,0.0241,0.0167
108,2025-01-07 21:00,-2.2,53.58,2.4,303.1,0.1,吝备,22,12,0.0249,0.0144
108,2025-01-07 22:00,-3.25,56.28,0.62,298.89,0.1,吝备,23,13,0.0237,0.0156
108,2025-01-07 23:00,-4.08,59.5,0.86,317.55,0.1,吝备,20,8,0.0231,0.0163
108,2025-01-08 0:00,-4.45,61.06,0.88,263.92,0,吝备,20,11,0.0178,0.0237
108,2025-01-08 1:00,-4.54,64.09,1.16,273.19,0,吝备,20,16,0.0128,0.0292
108,2025-01-08 2:00,-4.43,66.4,1.14,270.89,0,吝备,19,11,0.0068,0.0358
108,2025-01-08 3:00,-4.15,66.21,1.02,275.51,0,吝备,19,13,0.0046,0.0404
108,2025-01-08 4:00,-4.53,66.26,0.93,283.66,0,吝备,20,11,0.015,0.0253
108,2025-01-08 5:00,-4.39,64.9,1.24,300.15,0,吝备,16,11,0.0217,0.0172
108,2025-01-08 6:00,-4.45,61.66,1.33,298.61,0,吝备,24,13,0.0233,0.0155
108,2025-01-08 7:00,-4.79,62.66,0.94,270.02,0,吝备,25,12,0.0174,0.0221
108,2025-01-08 8:00,-4.42,56.78,1.48,276.3,0,吝备,21,15,0.0165,0.0233
108,2025-01-08 9:00,-3.38,50.6,1.59,268.72,0,吝备,24,14,0.0206,0.0189
108,2025-01-08 10:00,-2.44,48.04,1.94,264.26,0,吝备,25,21,0.023,0.0153
108,2025-01-08 11:00,-1.57,44.73,2.79,291.33,0,吝备,37,30,0.0248,0.0148
108,2025-01-08 12:00,-0.49,45.57,2.8,261.79,0,吝备,41,32,0.0221,0.0214
108,2025-01-08 13:00,-0.25,44.33,3.73,263.51,0,吝备,47,37,0.0296,0.0129
108,2025-01-08 14:00,-0.01,44.52,3.34,283.1,0,吝备,44,36,0.0321,0.0111
108,2025-01-08 15:00,-0.16,45.41,4.47,272.73,0,吝备,39,30,0.032,0.0107
108,2025-01-08 16:00,-0.24,43.03,4.8,260.86,0,吝备,29,17,0.0292,0.0102
108,2025-01-08 17:00,-1.46,42.73,4.69,263.16,0,吝备,19,11,0.0256,0.0139
108,2025-01-08 18:00,-2.41,48.47,4.13,268.59,0,吝备,15,8,0.0248,0.0139
108,2025-01-08 19:00,-3.45,53.85,4.37,288.02,0,吝备,18,11,0.0257,0.0109
108,2025-01-08 20:00,-4.75,56.48,4.37,299.42,0,吝备,23,12,0.0259,0.0096
108,2025-01-08 21:00,-5.54,56.07,3.41,284.3,0,吝备,28,19,0.0253,0.0097
108,2025-01-08 22:00,-5.77,58.23,3.64,275.11,0,吝备,27,20,0.0244,0.0101
108,2025-01-08 23:00,-5.87,61.54,4.2,296.2,0,吝备,45,23,0.0247,0.0085
108,2025-01-09 0:00,-6.99,58.56,5.58,280.27,0,吝备,,20,0.0271,0.0065
108,2025-01-09 1:00,-7.85,49.93,3.79,270.6,0,吝备,34,15,0.027,0.0069
108,2025-01-09 2:00,-8.3,45.12,3.77,269.84,0,吝备,25,9,0.0285,0.0072
108,2025-01-09 3:00,-8.61,36.15,4.49,272.68,0,吝备,21,6,0.0298,0.0053
108,2025-01-09 4:00,-8.95,35.05,3.97,286.95,0,吝备,15,4,0.0283,0.0061
108,2025-01-09 5:00,-9.37,36.99,3.83,272.89,0,吝备,15,5,0.0272,0.0081
108,2025-01-09 6:00,-9.64,38.34,3.76,288.44,0,吝备,11,3,0.0251,0.009
108,2025-01-09 7:00,-10,40.07,3.62,292.62,0,吝备,13,6,0.0251,0.0088
108,2025-01-09 8:00,-10.16,41.37,4.28,287.17,0,吝备,12,4,0.0257,0.0076
108,2025-01-09 9:00,-9.7,40.96,4.61,287.16,0,吝备,15,7,0.027,0.0067
108,2025-01-09 10:00,-8.88,39.65,5.03,283.51,0,吝备,16,7,0.0278,0.006
108,2025-01-09 11:00,-8.16,37.13,5.12,278.55,0,吝备,15,5,0.0284,0.0063
108,2025-01-09 12:00,-8.1,34.07,6.01,294.5,0,吝备,19,4,0.0283,0.0054
108,2025-01-09 13:00,-8.16,34.51,6.25,286.72,0,吝备,26,9,0.0296,0.0047
108,2025-01-09 14:00,-8.21,32.09,5.96,289.82,0,吝备,26,8,0.0302,0.0042
108,2025-01-09 15:00,-8.31,32.98,5.87,287.26,0,吝备,25,8,0.0288,0.0053
108,2025-01-09 16:00,-8.88,34.33,4.92,295.77,0,吝备,27,9,0.0272,0.0054
108,2025-01-09 17:00,-9.85,35.67,4.21,297.49,0,吝备,32,15,0.0255,0.0073
108,2025-01-09 18:00,-10.47,36.74,3.83,301.86,,吝备,34,17,0.0245,0.0086
108,2025-01-09 19:00,-10.82,39.34,2.47,318.3,,吝备,39,18,0.0224,0.0104
108,2025-01-09 20:00,-11.29,41.34,1.81,309.78,,吝备,33,16,0.0215,0.012
108,2025-01-09 21:00,-11.38,42.21,2.6,264.56,,吝备,32,15,0.0205,0.0124
108,2025-01-09 22:00,-11.43,42.86,2.21,260.6,,吝备,30,15,0.0205,0.0123
108,2025-01-09 23:00,-11.48,43.69,1.68,274.97,,吝备,27,14,0.0205,0.012
108,2025-01-10 0:00,-11.61,44.75,1.54,292.91,0,吝备,24,13,0.0218,0.0099
108,2025-01-10 1:00,-11.64,45.58,1.73,312.12,0,吝备,22,16,0.0217,0.0095
108,2025-01-10 2:00,-11.62,46.95,1.55,305,0,吝备,19,12,0.0215,0.0098
108,2025-01-10 3:00,-11.59,47.85,1.77,320.39,0,吝备,20,15,0.0217,0.0093
108,2025-01-10 4:00,-11.52,48.71,2.29,324.26,0,吝备,21,16,0.0218,0.0085
108,2025-01-10 5:00,-11.53,49.18,2.57,322.95,0,吝备,22,14,0.0225,0.0086
108,2025-01-10 6:00,-11.7,49.66,1.38,304.11,0,吝备,22,13,0.0216,0.0096
108,2025-01-10 7:00,-12.08,52.27,1.2,13.6,0,吝备,23,13,0.012,0.0214
108,2025-01-10 8:00,-11.84,51.04,0.82,355.67,0,吝备,26,13,0.0112,0.0244
108,2025-01-10 9:00,-10.08,48.96,1.71,292.07,0,吝备,16,11,0.0215,0.0138
108,2025-01-10 10:00,-8.09,45.85,2.13,276.36,0,吝备,22,15,0.0226,0.0136
108,2025-01-10 11:00,-6.79,44.49,2.07,258.63,0,吝备,16,8,0.0227,0.0135
108,2025-01-10 12:00,-5.36,42.09,1.9,285.67,0,吝备,12,5,0.0193,0.0198
108,2025-01-10 13:00,-3.7,39.54,1.85,258.33,0,吝备,22,15,0.024,0.0157
108,2025-01-10 14:00,-2.79,37.64,1.88,264.23,0,吝备,21,14,0.0243,0.0162
108,2025-01-10 15:00,-2.21,36.78,2.24,278.14,,吝备,19,14,0.0219,0.0207
108,2025-01-10 16:00,-2.34,38.56,1.97,268.26,,吝备,23,15,0.017,0.0279
108,2025-01-10 17:00,-3.69,43.63,1.7,286.77,,吝备,21,14,0.0189,0.0234
108,2025-01-10 18:00,-4.62,46.33,1.18,351.64,,吝备,18,16,0.0124,0.0308
108,2025-01-10 19:00,-5.38,48.86,0.8,347.19,,吝备,24,14,0.0071,0.0366
108,2025-01-10 20:00,-5.91,52.45,1.02,328.95,,吝备,26,17,0.0033,0.0402
108,2025-01-10 21:00,-6.02,55.49,0.68,315,,吝备,24,17,0.0013,0.0448
108,2025-01-10 22:00,-6.01,57.76,0.67,339.48,,吝备,24,15,0.0042,0.0382
108,2025-01-10 23:00,-6.08,58.3,1.53,27.27,,吝备,20,17,0.0001,0.0513
108,2025-01-11 0:00,-6.13,60.31,1.56,351.49,0,吝备,27,20,0.0001,0.0514
108,2025-01-11 1:00,-6.7,63.51,0.81,307.77,0,吝备,27,22,0.0005,0.0446
108,2025-01-11 2:00,-7.28,64.08,0.9,306.89,0,吝备,26,18,0.0001,0.047
108,2025-01-11 3:00,-7.89,66.78,1.21,285.95,0,吝备,25,18,0.0001,0.0442
108,2025-01-11 4:00,-8.4,68.74,1.01,308.19,0,吝备,22,18,0.0018,0.0375
108,2025-01-11 5:00,-8.76,71.43,1.88,44.45,0,吝备,25,19,0.0001,0.0456
108,2025-01-11 6:00,-9.09,72.21,2.44,35.9,0,吝备,28,22,0.0001,0.0468
108,2025-01-11 7:00,-9.34,72.59,2.49,34.67,0,吝备,30,21,0.0001,0.0435
108,2025-01-11 8:00,-9.12,71.96,2.23,45.67,0,吝备,38,24,0.002,0.0396
108,2025-01-11 9:00,-7.57,66.72,1.95,46.14,0,吝备,35,24,0.0046,0.0378
108,2025-01-11 10:00,-5.18,58.18,2.18,47.36,0,吝备,45,33,0.0075,0.0358
108,2025-01-11 11:00,-3.53,53.17,1.58,2.57,0,吝备,42,34,0.0087,0.0353
108,2025-01-11 12:00,-1.86,47.94,1.34,156.39,0,吝备,35,29,0.0105,0.035
108,2025-01-11 13:00,-0.34,40.88,2.43,180,0,吝备,40,28,0.016,0.0309
108,2025-01-11 14:00,-0.22,38.16,2.79,240.78,0,吝备,35,28,0.0182,0.0288
108,2025-01-11 15:00,-0.47,36.83,2.33,294.12,0,吝备,26,16,0.0249,0.0196
108,2025-01-11 16:00,-0.97,39.29,2.12,287.32,0,吝备,24,19,0.0198,0.0252
108,2025-01-11 17:00,-2.02,42.75,1.97,274.85,0,吝备,24,21,0.0166,0.0291
108,2025-01-11 18:00,-2.98,49.76,2.4,263.92,0,吝备,27,20,0.0186,0.0258
108,2025-01-11 19:00,-3.66,55.81,1.83,274.01,0,吝备,25,20,0.0188,0.0247
108,2025-01-11 20:00,-4.5,54.72,0.42,240.42,0,吝备,25,19,0.0199,0.0223
108,2025-01-11 21:00,-5.21,56.02,0.78,260.07,0,吝备,22,18,0.0186,0.0244
108,2025-01-11 22:00,-5.65,59.3,1.06,271.74,0,吝备,22,20,0.0104,0.0341
108,2025-01-11 23:00,-6.08,62.32,1.27,258.28,0,吝备,24,22,0.0106,0.0354
108,2025-01-12 0:00,-6,62.61,1.26,32.04,0,吝备,28,23,0.0088,0.0336
108,2025-01-12 1:00,-6.22,62.36,1.47,39.57,0,吝备,31,29,0.0026,0.0428
108,2025-01-12 2:00,-6.58,66.22,1.77,32.11,0,吝备,30,26,0.0019,0.0444
108,2025-01-12 3:00,-6.89,67.31,1.92,30.73,0,吝备,30,25,0.0002,0.0484
108,2025-01-12 4:00,-7.33,69.14,2.08,36.56,0,吝备,28,25,0.0004,0.0472
108,2025-01-12 5:00,-7.51,70.73,1.88,38.65,0,吝备,28,26,0.0005,0.0456
108,2025-01-12 6:00,-7.78,72.41,2.24,31.01,0,吝备,30,26,0.0006,0.0477
108,2025-01-12 7:00,-8.07,73.72,2.16,36.9,0,吝备,33,29,0.0004,0.0478
108,2025-01-12 8:00,-8.07,74.51,2.01,30.1,0,吝备,36,29,0.0021,0.0431
108,2025-01-12 9:00,-6.68,72.16,2.13,42.55,0,吝备,40,33,0.0042,0.0436
108,2025-01-12 10:00,-4.17,63.22,1.49,68.67,0,吝备,48,42,0.0065,0.0397
108,2025-01-12 11:00,-2.17,55.45,1.01,45.27,0,吝备,49,42,0.0114,0.0369
108,2025-01-12 12:00,0.19,45.73,1.13,136.47,0,吝备,40,33,0.0158,0.0352
108,2025-01-12 13:00,1.7,38.24,2.12,247.53,0,吝备,39,30,0.0192,0.033
108,2025-01-12 14:00,1.92,39.02,2.7,284.18,0,吝备,40,35,0.0254,0.0259
108,2025-01-12 15:00,1.63,44,2.73,304.43,0,吝备,35,31,0.0311,0.0183
108,2025-01-12 16:00,1.61,43.34,2.16,268.25,0,吝备,37,31,0.0285,0.0216
108,2025-01-12 17:00,0.36,47.82,1.92,277.91,0,吝备,35,28,0.0311,0.0184
108,2025-01-12 18:00,-0.58,51.84,1.54,280.15,0,吝备,35,31,0.0231,0.028
108,2025-01-12 19:00,-1.2,52.82,1.48,274.72,0,吝备,35,30,0.0204,0.03
108,2025-01-12 20:00,-1.95,56.04,1.33,276.02,0,吝备,38,32,0.0116,0.0389
108,2025-01-12 21:00,-2.9,61.27,1.1,270.43,0,吝备,37,34,0.0055,0.0466
108,2025-01-12 22:00,-3.22,65.44,1.31,301.64,0,吝备,42,37,0.0018,0.0487
108,2025-01-12 23:00,-3.15,64.52,1.61,303.79,0,吝备,41,34,0.0089,0.038
108,2025-01-13 0:00,-3.71,65.67,0.69,271.67,0,吝备,45,37,0.0125,0.032
108,2025-01-13 1:00,-4.29,68.29,0.57,256.36,0,吝备,45,41,0.0042,0.0428
108,2025-01-13 2:00,-4.54,68.82,0.83,290.87,0,吝备,45,39,0.0018,0.0446
108,2025-01-13 3:00,-4.88,71.41,1.27,9.8,0,吝备,42,36,0.005,0.0382
108,2025-01-13 4:00,-5.17,74.14,1.92,33.75,0,吝备,46,38,0.0001,0.0508
108,2025-01-13 5:00,-5.44,75.95,2.06,35.19,0,吝备,52,43,0.0001,0.0532
108,2025-01-13 6:00,-5.45,77.06,2.12,39.17,0,吝备,54,45,0.0001,0.054
108,2025-01-13 7:00,-4.63,75.34,2,43.44,0,吝备,52,44,0.0001,0.0537
108,2025-01-13 8:00,-3.82,73.78,2.1,40.57,0,吝备,54,44,0.0001,0.0566
108,2025-01-13 9:00,-2.88,73.17,2.36,42.58,0,吝备,59,50,0.0001,0.0563
108,2025-01-13 10:00,-1.43,70.16,2.58,45.08,0,吝备,65,54,0.0004,0.0578
108,2025-01-13 11:00,0.23,63.65,2.22,46.33,0,吝备,70,57,0.0013,0.0582
108,2025-01-13 12:00,1.8,59.22,1.74,52.27,0,吝备,68,57,0.0023,0.0555
108,2025-01-13 13:00,3.58,58.08,1.86,179.17,0,吝备,63,51,,
108,2025-01-13 14:00,3.97,60.46,2.63,192.82,0,吝备,55,47,,
108,2025-01-13 15:00,3.83,63.7,2.85,208.31,0,吝备,54,42,0.0159,0.0361
108,2025-01-13 16:00,2.71,81.22,2.57,223.79,0.22,吝备,58,47,0.0195,0.0312
108,2025-01-13 17:00,2.15,87.8,0.81,262.58,0.65,吝备,57,42,0.0104,0.0393
108,2025-01-13 18:00,1.77,90.09,0.97,45.91,1.23,吝备,58,44,0.0043,0.046
108,2025-01-13 19:00,1.6,91.67,1.7,22.05,1.3,吝备,61,50,0.0006,0.0501
108,2025-01-13 20:00,1.61,91.44,1.55,31.09,1.3,吝备,62,50,0.0009,0.0523
108,2025-01-13 21:00,1.6,90.69,1.57,19.31,1.3,吝备,62,52,0.0006,0.0513
108,2025-01-13 22:00,1.68,91.69,1.23,36.99,1.3,吝备,61,55,0.0008,0.0497
108,2025-01-13 23:00,1.74,91.96,1.38,31.57,1.3,吝备,61,53,0.0006,0.0498
108,2025-01-14 0:00,1.7,92.64,1.76,25.62,0.02,吝备,62,52,0.0005,0.0482
108,2025-01-14 1:00,1.8,92.84,1.48,34.02,0,吝备,60,52,0.0008,0.0475
108,2025-01-14 2:00,1.81,92.43,1.78,24.25,0,吝备,59,50,0.0006,0.0457
108,2025-01-14 3:00,1.8,92.27,1.46,25.64,0,吝备,59,50,0.0006,0.0444
108,2025-01-14 4:00,1.93,92.92,1.31,25.11,0,吝备,59,51,0.001,0.0438
108,2025-01-14 5:00,1.95,92.78,1.3,22.52,0.07,吝备,59,51,0.001,0.0439
108,2025-01-14 6:00,1.41,92.86,1.54,28.59,0.1,吝备,63,52,0.0006,0.0433
108,2025-01-14 7:00,0.88,93.61,2.15,23.99,0.1,吝备,59,51,0.0008,0.0476
108,2025-01-14 8:00,0.92,95.47,2.17,18.69,0.1,吝备,60,50,0.0013,0.0511
108,2025-01-14 9:00,1.5,96.52,1.83,26.36,0.1,吝备,61,51,0.002,0.054
108,2025-01-14 10:00,2.34,96.55,1.68,28.88,0.1,吝备,67,57,0.0022,0.0587
108,2025-01-14 11:00,4.05,93.52,0.88,267.4,0.1,吝备,75,67,0.0047,0.059
108,2025-01-14 12:00,4.93,80.63,2.81,290.36,0.1,吝备,82,69,0.0161,0.0452
108,2025-01-14 13:00,4.92,69.74,3.37,307.04,0.1,吝备,81,64,0.0329,0.0269
108,2025-01-14 14:00,4.89,52.87,3.22,285.87,0.1,吝备,68,52,0.0344,0.0194
108,2025-01-14 15:00,4.89,50.18,2.29,282.95,0.1,吝备,46,40,0.0329,0.0198
108,2025-01-14 16:00,4.51,49.28,3.14,276.23,0.1,吝备,50,41,0.0333,0.0212
108,2025-01-14 17:00,4.01,52.13,2.97,269.09,0.1,吝备,53,43,0.0337,0.021
108,2025-01-14 18:00,3.53,53.99,2.94,281.93,0.1,吝备,60,50,0.0344,0.018
108,2025-01-14 19:00,2.92,51.18,2.74,287.66,0.1,吝备,55,42,0.0325,0.0168
108,2025-01-14 20:00,2.06,50.72,2.66,281.24,0.1,吝备,53,44,0.0284,0.0195
108,2025-01-14 21:00,0.85,45.73,2.87,298.45,0.1,吝备,49,39,0.0272,0.0149
108,2025-01-14 22:00,-0.56,43.8,2.72,285.42,0.1,吝备,29,22,0.0254,0.013
108,2025-01-14 23:00,-1.39,49.46,3.12,267.91,0.1,吝备,20,17,0.0247,0.0125
108,2025-01-15 0:00,-1.97,50.83,2.83,280.18,0,吝备,25,20,0.0248,0.011
108,2025-01-15 1:00,-2.52,53.3,2.03,285.91,0,吝备,28,22,0.0226,0.012
108,2025-01-15 2:00,-2.96,54.89,1.94,306.69,0,吝备,28,20,0.022,0.0116
108,2025-01-15 3:00,-3.41,53.17,2.73,288.93,0,吝备,27,18,0.0199,0.0116
108,2025-01-15 4:00,-3.86,49.58,2.62,283.93,0,吝备,31,15,0.0187,0.0114
108,2025-01-15 5:00,-4.52,50.45,2.23,277.55,0,吝备,36,18,0.0146,0.0153
108,2025-01-15 6:00,-4.93,50.39,2.25,262.65,0,吝备,39,18,0.0123,0.0178
108,2025-01-15 7:00,-5.16,49.21,2.29,251.53,0,吝备,44,15,0.0108,0.0198
108,2025-01-15 8:00,-4.95,46.88,2.92,261.84,0,吝备,47,12,0.0108,0.0195
108,2025-01-15 9:00,-4.14,38.17,4.46,284.44,0,吝备,42,12,0.0174,0.0125
108,2025-01-15 10:00,-3.42,32.77,3.54,305.48,0,吝备,34,11,0.0218,0.0087
108,2025-01-15 11:00,-2.84,31.21,4.07,290.76,0,吝备,29,8,0.0251,0.0074
108,2025-01-15 12:00,-2.01,28.39,3.59,288.44,0,吝备,18,3,0.0276,0.0076
108,2025-01-15 13:00,-1.76,25.63,4.33,298.01,0,吝备,23,7,0.0304,0.0066
108,2025-01-15 14:00,-1.33,25.35,4.18,282.64,0,吝备,20,10,0.0313,0.0075
108,2025-01-15 15:00,-0.86,25.27,4.11,266.05,0,吝备,18,8,0.0306,0.0087
108,2025-01-15 16:00,-1.44,26.69,3.55,280.97,0,吝备,17,6,0.0294,0.0091
108,2025-01-15 17:00,-2.36,31.44,3.01,276.94,0,吝备,17,8,0.0245,0.0137
108,2025-01-15 18:00,-2.94,36.46,2.53,269.53,0,吝备,17,9,0.0206,0.0173
108,2025-01-15 19:00,-3.32,41.09,2.6,259.43,0,吝备,18,10,0.0161,0.0221
108,2025-01-15 20:00,-3.57,38.48,2.85,282.81,0,吝备,21,13,0.0211,0.0153
108,2025-01-15 21:00,-4.21,40.99,2.16,285.8,0,吝备,17,8,0.0233,0.0128
108,2025-01-15 22:00,-4.74,44.47,1.58,292.96,0,吝备,16,10,0.0239,0.0117
108,2025-01-15 23:00,-4.96,47.32,1.14,326.61,0,吝备,13,10,0.0217,0.014
108,2025-01-16 0:00,-4.69,47.74,0.75,290.92,0,吝备,11,6,0.0184,0.0169
108,2025-01-16 1:00,-4.17,48.71,0.59,295.79,0,吝备,12,5,0.0189,0.0164
108,2025-01-16 2:00,-3.9,50.87,1.08,25.07,0,吝备,13,5,0.0152,0.0195
108,2025-01-16 3:00,-3.72,52.52,1.68,34.58,0,吝备,12,8,0.0117,0.0229
108,2025-01-16 4:00,-3.55,52.61,2.17,40.87,0,吝备,12,9,0.0094,0.0251
108,2025-01-16 5:00,-3.48,50.09,1.95,41.06,0,吝备,16,10,0.0056,0.029
108,2025-01-16 6:00,-3.33,50.89,1.86,42.93,0,吝备,13,12,0.0018,0.034
108,2025-01-16 7:00,-3.07,54.22,1.91,34,0,吝备,16,13,0.0001,0.0401
108,2025-01-16 8:00,-2.74,55.77,2.01,30.03,0,吝备,18,14,0.0001,0.0419
108,2025-01-16 9:00,-2.29,56.78,1.8,25.24,0,吝备,18,13,0.0001,0.0422
108,2025-01-16 10:00,-1.5,57.83,1.4,30.2,0,吝备,22,10,0.0003,0.0413
108,2025-01-16 11:00,-0.48,63.77,1,180.45,0,吝备,26,16,0.0015,0.0405
108,2025-01-16 12:00,0.82,69.64,1.8,222.68,0,吝备,29,16,0.0036,0.0366
108,2025-01-16 13:00,2.16,65.64,2.84,206.48,0,吝备,31,18,0.007,0.0369
108,2025-01-16 14:00,2.58,63.92,2.71,244.22,0,吝备,38,26,0.0091,0.037
108,2025-01-16 15:00,2.7,65.57,3.24,263.48,0,吝备,37,25,0.0219,0.0207
108,2025-01-16 16:00,2.45,71.55,2.55,253.23,0,吝备,39,25,0.0175,0.0258
108,2025-01-16 17:00,2.5,72.85,2.36,269.56,0,吝备,42,27,0.0163,0.0262
108,2025-01-16 18:00,2.28,74.2,1.61,266.2,0,吝备,43,31,0.0118,0.0304
108,2025-01-16 19:00,1.89,75.71,0.62,303.54,0,吝备,50,31,0.0081,0.0342
108,2025-01-16 20:00,1.73,79.62,2.39,321.15,0,吝备,48,31,0.0132,0.0256
108,2025-01-16 21:00,1.21,74.72,3.9,318.62,0,吝备,45,31,0.025,0.012
108,2025-01-16 22:00,0.13,73.08,2.41,310.14,0,吝备,49,34,0.0195,0.0153
108,2025-01-16 23:00,-0.6,75.29,2.78,291.49,0,吝备,52,37,0.0132,0.0212
108,2025-01-17 0:00,-1.32,75.44,2.27,285.05,0,吝备,51,36,0.0126,0.0209
108,2025-01-17 1:00,-2.1,73.91,1.13,289.3,0,吝备,52,39,0.0097,0.0236
108,2025-01-17 2:00,-2.95,76.24,0.84,298.8,0,吝备,48,35,0.0059,0.0269
108,2025-01-17 3:00,-3.49,77.29,1.1,276.56,0,吝备,49,35,0.0021,0.0324
108,2025-01-17 4:00,-3.85,76.46,0.45,314.76,0,吝备,47,32,0.0011,0.0318
108,2025-01-17 5:00,-4.16,77.01,0.68,327.29,0,吝备,42,30,0.0026,0.0295
108,2025-01-17 6:00,-4.41,78.62,1.07,351.52,0,吝备,41,29,0.0001,0.035
108,2025-01-17 7:00,-4.73,80.15,1.69,36.69,0,吝备,43,32,0.0001,0.041
108,2025-01-17 8:00,-4.78,84.27,2.48,32.33,0,吝备,51,39,0.0003,0.0402
108,2025-01-17 9:00,-3.23,83.2,2.08,50.75,0,吝备,59,44,0.0019,0.0371
108,2025-01-17 10:00,-0.88,71.91,2.11,59.25,0,吝备,68,54,0.0049,0.0329
108,2025-01-17 11:00,1.04,65.38,1.92,43.26,0,吝备,66,55,,0.0365
108,2025-01-17 12:00,3.34,58.43,1.69,205.22,0,吝备,57,45,,0.0299
108,2025-01-17 13:00,4.7,48.26,2.65,248.11,0,吝备,64,45,0.0115,0.0381
108,2025-01-17 14:00,4.84,43.78,2.8,277.49,0,吝备,71,55,0.0109,0.0443
108,2025-01-17 15:00,5.06,37.73,2.44,281.32,0,吝备,57,43,0.025,0.0272
108,2025-01-17 16:00,5,34.37,2.49,278.68,0,吝备,49,33,0.0268,0.0265
108,2025-01-17 17:00,3.54,35.98,2.6,271.77,0,吝备,42,30,0.0228,0.0308
108,2025-01-17 18:00,2.35,43.03,2.43,285.58,0,吝备,41,32,0.0116,0.0399
108,2025-01-17 19:00,1.27,47.78,2.81,283.11,0,吝备,40,26,0.0111,0.0369
108,2025-01-17 20:00,0.4,53.29,2.43,263.46,0,吝备,30,21,0.0092,0.0364
108,2025-01-17 21:00,-0.26,57.18,1.43,261.99,0,吝备,29,21,0.0055,0.043
108,2025-01-17 22:00,-0.85,59.82,0.97,270.49,0,吝备,32,23,0.0001,0.0549
108,2025-01-17 23:00,-1.11,61.36,1.32,279.2,0,吝备,33,24,0.0001,0.0548
108,2025-01-18 0:00,-1.61,62.87,1.62,254.71,0,吝备,34,23,0.0001,0.0562
108,2025-01-18 1:00,-1.96,63.96,1.03,274.51,0,吝备,34,25,0.0001,0.0521
108,2025-01-18 2:00,-2.06,62.34,1.02,30.51,0,吝备,28,18,0.0001,0.0482
108,2025-01-18 3:00,-2.44,62.94,1.79,33.17,0,吝备,30,20,0.0001,0.0514
108,2025-01-18 4:00,-2.93,66.28,1.84,32.51,0,吝备,32,24,0.0001,0.0537
108,2025-01-18 5:00,-3.45,68.41,1.91,34.66,0,吝备,33,24,0.0001,0.0505
108,2025-01-18 6:00,-3.52,68.55,1.78,26.25,0,吝备,36,30,0.0001,0.0518
108,2025-01-18 7:00,-3.83,70.18,2.08,27.78,0,吝备,37,30,0.0001,0.0547
108,2025-01-18 8:00,-3.59,71.09,2.16,48.23,0,吝备,39,29,0.0009,0.0531
108,2025-01-18 9:00,-1.92,66.6,1.65,49.9,0,吝备,42,30,0.0031,0.0511
108,2025-01-18 10:00,0.94,56.91,1.79,48.21,0,吝备,52,37,0.0028,0.053
108,2025-01-18 11:00,3.17,48.38,1.3,28.66,0,吝备,54,44,0.0058,0.0542
108,2025-01-18 12:00,5.39,41.38,1.46,62.23,0,吝备,45,34,0.0127,0.045
108,2025-01-18 13:00,6.95,33.84,1.82,195.16,0,吝备,44,30,0.021,0.0358
108,2025-01-18 14:00,7.13,28.7,2,218.45,0,吝备,42,30,0.0238,0.0347
108,2025-01-18 15:00,6.88,30.29,2.02,274.95,0,吝备,43,32,0.0143,0.0489
108,2025-01-18 16:00,6.26,31.02,1.75,279.52,0,吝备,52,35,0.011,0.0528
108,2025-01-18 17:00,4.92,36.16,2.21,264.01,0,吝备,56,40,0.0041,0.0643
108,2025-01-18 18:00,3.52,41.74,2.24,269.02,0,吝备,57,44,0.0122,0.0502
108,2025-01-18 19:00,2.58,48.39,1.52,266.24,0,吝备,39,25,0.0173,0.0393
108,2025-01-18 20:00,1.64,52.91,1.21,261.81,0,吝备,35,24,0.0122,0.0465
108,2025-01-18 21:00,1.01,58.36,0.85,272.13,0,吝备,38,27,0.0023,0.0573
108,2025-01-18 22:00,0.41,62.05,0.86,331.39,0,吝备,38,31,0.0049,0.0501
108,2025-01-18 23:00,-0.06,64.77,0.65,14.88,0,吝备,33,24,0.0054,0.0464
108,2025-01-19 0:00,-0.47,62.39,1.57,17.25,0,吝备,31,24,0.0025,0.0505
108,2025-01-19 1:00,-0.96,63.11,1.72,28.01,0,吝备,32,26,0.0021,0.0541
108,2025-01-19 2:00,-0.83,65.5,1.88,31.07,0,吝备,37,30,0.0023,0.059
108,2025-01-19 3:00,-0.27,63.87,2.39,44.61,0,吝备,42,34,0.0022,0.0574
108,2025-01-19 4:00,0.16,59.74,2.66,51.57,0,吝备,46,37,0.0024,0.0544
108,2025-01-19 5:00,0.47,56.97,2.15,60.62,0,吝备,45,35,0.0023,0.0523
108,2025-01-19 6:00,0.56,57.63,1.7,65.59,0,吝备,42,38,0.0031,0.0513
108,2025-01-19 7:00,0.6,59.78,1.7,51.31,0,吝备,42,36,0.0028,0.0509
108,2025-01-19 8:00,0.96,61.21,2.68,46.36,0,吝备,40,34,0.0042,0.0506
108,2025-01-19 9:00,1.45,61.84,2.54,47.77,0,吝备,43,35,0.0055,0.0488
108,2025-01-19 10:00,2.58,58.71,2.6,50.31,0,吝备,45,37,0.0112,0.0415
108,2025-01-19 11:00,4.01,54.7,2.28,59.4,0,吝备,48,42,0.0161,0.0367
108,2025-01-19 12:00,5.84,50,1.94,71.24,0,吝备,49,43,0.0199,0.0356
108,2025-01-19 13:00,7.97,49.08,1.57,144.37,0,吝备,51,40,0.0231,0.0341
108,2025-01-19 14:00,8.66,53.67,2.39,201.82,0,吝备,49,39,0.0302,0.0263
108,2025-01-19 15:00,8.49,57.48,2.23,224.4,0,吝备,37,30,0.0364,0.0213
108,2025-01-19 16:00,7.98,60.44,2.16,268.03,0,吝备,37,29,0.0428,0.0202
108,2025-01-19 17:00,7.31,65.95,1.76,278.85,0,吝备,40,31,0.037,0.0249
108,2025-01-19 18:00,6.36,70.66,1.35,269.28,0,吝备,39,30,0.0226,0.0395
108,2025-01-19 19:00,5.73,73.52,0.8,287.04,0,吝备,40,29,0.0199,0.0383
108,2025-01-19 20:00,5.46,76.67,0.91,280.67,0,吝备,42,33,0.0058,0.0533
108,2025-01-19 21:00,5.06,78.53,0.86,257.03,0,吝备,44,35,0.0029,0.0563
108,2025-01-19 22:00,4.5,81.53,0.3,350.81,0,吝备,41,33,0.0032,0.0502
108,2025-01-19 23:00,3.9,82.44,1.58,40.75,0,吝备,43,36,0.004,0.0546
108,2025-01-20 0:00,3.48,80.85,2,38.27,0,吝备,53,42,0.0025,0.0588
108,2025-01-20 1:00,2.98,82.27,1.58,36.39,0,吝备,55,46,0.0026,0.0546
108,2025-01-20 2:00,3.1,82.71,1.14,58.2,0,吝备,54,49,0.0028,0.0529
108,2025-01-20 3:00,3.39,81.79,1.22,42.42,0,吝备,54,48,0.0028,0.0512
108,2025-01-20 4:00,3.53,81.11,1.37,32.27,0,吝备,54,48,0.0027,0.0509
108,2025-01-20 5:00,3.67,80.43,1.51,27.82,0,吝备,70,65,0.0036,0.0505
108,2025-01-20 6:00,3.53,80.25,1.81,34.89,0,吝备,60,54,0.0027,0.0523
108,2025-01-20 7:00,3.16,81.3,1.65,43.22,0,吝备,58,52,0.0023,0.0532
108,2025-01-20 8:00,3.11,81.06,1.18,27.36,0,吝备,59,54,0.0033,0.0513
108,2025-01-20 9:00,3.88,80.64,1.91,177.82,0,吝备,89,75,0.0108,0.0452
108,2025-01-20 10:00,4.51,76.66,2.51,207.25,0,吝备,122,108,0.0155,0.0404
108,2025-01-20 11:00,4.95,71.63,2.17,212.39,0,吝备,130,123,0.0257,0.0332
108,2025-01-20 12:00,5.56,67.05,2.29,228.93,0,吝备,131,122,,
108,2025-01-20 13:00,6.69,60.52,2.19,219.72,0,吝备,116,97,,
108,2025-01-20 14:00,7.2,56.59,1.98,215.43,0,吝备,126,119,0.0372,0.0284
108,2025-01-20 15:00,7.22,53.57,2.19,211.07,0,吝备,119,108,0.0423,0.0295
108,2025-01-20 16:00,6.72,52.96,2.36,201.9,0,吝备,105,89,0.0407,0.0337
108,2025-01-20 17:00,5.46,56.4,1.8,249.32,0,吝备,101,83,0.0385,0.036
108,2025-01-20 18:00,4.29,64.32,1.69,284.26,0,吝备,104,90,0.0267,0.0468
108,2025-01-20 19:00,3.36,68.83,1.66,264.47,0,吝备,114,99,0.0212,0.0513
108,2025-01-20 20:00,2.66,72.89,1.78,278.73,0,吝备,118,109,0.0139,0.0584
108,2025-01-20 21:00,2.22,74.54,0.87,267.53,0,吝备,122,113,0.0124,0.0568
108,2025-01-20 22:00,1.58,77.83,1.47,260.25,0,吝备,126,114,0.0077,0.0647
108,2025-01-20 23:00,1.1,80.17,1.59,256.88,0,吝备,127,113,0.0073,0.0624
108,2025-01-21 0:00,0.83,82.41,1.35,257.41,0,吝备,126,112,0.0074,0.0613
108,2025-01-21 1:00,0.49,83.59,1.06,16.58,0,吝备,129,116,0.0086,0.0519
108,2025-01-21 2:00,0.32,84.44,1.59,22.9,0,吝备,121,112,0.0073,0.0554
108,2025-01-21 3:00,0.07,85.41,1.57,29.85,0,吝备,120,107,0.0071,0.056
108,2025-01-21 4:00,-0.21,86.46,1.63,23.17,0,吝备,118,109,0.0071,0.0579
108,2025-01-21 5:00,-0.39,87.33,1.58,20.37,0,吝备,117,108,0.0071,0.0581
108,2025-01-21 6:00,-0.68,88.49,1.59,32.77,0,吝备,119,109,0.0071,0.0572
108,2025-01-21 7:00,-0.8,89.22,1.87,26.18,0,吝备,118,110,0.0072,0.0589
108,2025-01-21 8:00,-0.72,90.46,1.75,24.24,0,吝备,122,109,0.0076,0.0622
108,2025-01-21 9:00,0.29,89.36,1.68,14.09,0,吝备,126,115,0.0079,0.067
108,2025-01-21 10:00,2.14,84.89,1.4,196.23,0,吝备,135,126,0.0086,0.0667
108,2025-01-21 11:00,4.1,78.82,2.2,196,0,吝备,141,130,0.0101,0.0702
108,2025-01-21 12:00,5.19,75.85,2.29,221.88,0,吝备,131,123,0.0177,0.0521
108,2025-01-21 13:00,5.89,70.61,2.15,219.91,0,吝备,121,110,0.0172,0.0522
108,2025-01-21 14:00,5.87,66.59,2.22,226.05,0,吝备,124,109,0.0211,0.0492
108,2025-01-21 15:00,5.82,67.11,2.31,235.07,0,吝备,122,108,0.0202,0.0527
108,2025-01-21 16:00,5.46,69.05,1.5,281.66,0,吝备,125,112,0.0168,0.0573
108,2025-01-21 17:00,4.75,71.15,0.71,307.22,0,吝备,123,118,0.0111,0.0645
108,2025-01-21 18:00,3.63,74.84,1.21,277.57,0,吝备,130,119,0.0077,0.0726
108,2025-01-21 19:00,2.92,78.66,1.51,275.6,0,吝备,134,120,0.0077,0.0769
108,2025-01-21 20:00,2.44,80.79,0.84,270.68,0,吝备,132,116,0.0077,0.0747
108,2025-01-21 21:00,2.1,80.97,0.8,249.73,0,吝备,123,112,0.0074,0.0731
108,2025-01-21 22:00,2.27,78.13,1.01,20.96,0,吝备,106,94,0.007,0.0668
108,2025-01-21 23:00,2.39,76.61,1.51,35.08,0,吝备,86,75,0.007,0.0645
108,2025-01-22 0:00,2.46,77.21,1.85,39.6,0,吝备,88,80,0.0072,0.0669
108,2025-01-22 1:00,2.4,76.69,1.5,47.97,0,吝备,100,92,0.0068,0.0664
108,2025-01-22 2:00,2.22,77.33,1.52,35.18,0,吝备,103,92,0.0072,0.0664
108,2025-01-22 3:00,2.21,78.06,1.84,32.7,0,吝备,102,92,0.007,0.0628
108,2025-01-22 4:00,2.32,78.05,1.78,32.19,0,吝备,97,92,0.007,0.0617
108,2025-01-22 5:00,2.72,79.49,1.34,270.42,0,吝备,96,90,0.0067,0.0599
108,2025-01-22 6:00,3.31,83.82,1.87,250.37,0,吝备,85,77,0.0109,0.0464
108,2025-01-22 7:00,3.2,84.97,1.71,249.63,0,吝备,78,66,0.01,0.0449
108,2025-01-22 8:00,2.85,86.83,0.85,301.63,0,吝备,86,76,0.009,0.0467
108,2025-01-22 9:00,3.26,87.19,1.8,280.02,0,吝备,90,76,0.0126,0.0463
108,2025-01-22 10:00,3.61,85.09,1.76,270.95,0,吝备,88,75,0.0162,0.0388
108,2025-01-22 11:00,4.43,80.06,2.35,249.67,0,吝备,90,77,0.0195,0.0372
108,2025-01-22 12:00,5.9,68.36,1.94,274.15,0,吝备,85,76,0.0274,0.0308
108,2025-01-22 13:00,7.11,50.55,2.81,231.48,0,吝备,72,65,0.0386,0.0237
108,2025-01-22 14:00,7.37,43.38,2.8,247.22,0,吝备,65,55,0.0431,0.0242
108,2025-01-22 15:00,7.37,44.98,2.88,236.28,0,吝备,72,61,0.0383,0.0304
108,2025-01-22 16:00,6.76,44.84,2.68,251,0,吝备,65,56,0.0426,0.0242
108,2025-01-22 17:00,5.28,49,2.71,266.22,0,吝备,61,53,0.034,0.0332
108,2025-01-22 18:00,4.02,55.14,2.01,280.05,0,吝备,64,54,0.0229,0.0463
108,2025-01-22 19:00,2.98,59.46,1.89,287.8,0,吝备,72,58,0.026,0.0428
108,2025-01-22 20:00,2.22,60.07,1.74,278.4,0,吝备,78,66,0.0245,0.0447
108,2025-01-22 21:00,1.67,65.62,1.91,262.29,0,吝备,69,58,0.0331,0.0307
108,2025-01-22 22:00,1.54,74.2,1.65,259.06,0,吝备,55,45,0.0366,0.0211
108,2025-01-22 23:00,0.89,74.75,1.04,251,0,吝备,57,47,0.0269,0.0316
108,2025-01-23 0:00,0.18,75.41,1.46,255.87,0,吝备,60,46,0.0199,0.0384
108,2025-01-23 1:00,-0.27,77.15,1.62,269.93,0,吝备,61,52,0.0086,0.0533
108,2025-01-23 2:00,-0.64,76.09,1.1,296.19,0,吝备,57,48,0.0163,0.043
108,2025-01-23 3:00,-0.74,76.66,0.94,309.42,0,吝备,52,44,0.0141,0.0413
108,2025-01-23 4:00,-1.35,79.5,1.07,279.13,0,吝备,51,43,0.0142,0.0408
108,2025-01-23 5:00,-1.58,82.13,0.8,276.76,0,吝备,54,42,0.0121,0.0396
108,2025-01-23 6:00,-2,82.26,1.41,266.93,0,吝备,51,44,0.0062,0.0495
108,2025-01-23 7:00,-2.3,81.69,0.97,323.4,0,吝备,50,45,0.0056,0.0537
108,2025-01-23 8:00,-1.94,78.36,1.29,33.86,0,吝备,49,40,0.0068,0.0538
108,2025-01-23 9:00,-0.35,74.04,0.99,34.75,0,吝备,53,43,0.0093,0.0555
108,2025-01-23 10:00,2.18,51.59,2.05,266.57,0,吝备,56,46,0.0201,0.0398
108,2025-01-23 11:00,4.29,41.16,1.89,253.63,0,吝备,36,29,0.024,0.0334
108,2025-01-23 12:00,5.89,37.2,2.35,245.12,0,吝备,35,23,0.0271,0.0312
108,2025-01-23 13:00,6.25,33.92,2.43,271.11,0,吝备,40,28,0.0293,0.0305
108,2025-01-23 14:00,6.96,29.89,2.47,273.03,0,吝备,40,33,0.0348,0.0248
108,2025-01-23 15:00,7.39,25.6,2.48,285.57,0,吝备,27,18,0.0396,0.0204
108,2025-01-23 16:00,6.85,26.24,2.69,297.79,0,吝备,22,15,0.0443,0.0167
108,2025-01-23 17:00,5.27,31.22,2.4,267.35,0,吝备,26,20,0.0393,0.0215
108,2025-01-23 18:00,3.88,40.03,2.26,272.39,0,吝备,30,21,0.0309,0.0296
108,2025-01-23 19:00,2.68,44.66,1.57,234.65,0,吝备,35,25,0.0234,0.0377
108,2025-01-23 20:00,1.93,46.29,1.2,258.53,0,吝备,35,23,0.0172,0.0444
108,2025-01-23 21:00,1.26,46.55,0.81,278.82,0,吝备,34,29,0.0213,0.0383
108,2025-01-23 22:00,0.7,49.23,0.69,285.16,0,吝备,37,26,0.0236,0.0355
108,2025-01-23 23:00,0.23,51.48,1.01,336.29,0,吝备,35,26,0.0153,0.0421
108,2025-01-24 0:00,-0.25,52.63,0.95,49.8,0,吝备,34,26,0.0115,0.0456
108,2025-01-24 1:00,-0.57,54.62,1.53,7.76,0,吝备,34,26,0.0135,0.0407
108,2025-01-24 2:00,-0.88,57.78,0.54,321.3,0,吝备,34,29,0.0134,0.0391
108,2025-01-24 3:00,-1.2,58.13,1.15,30.73,0,吝备,33,29,0.0075,0.0451
108,2025-01-24 4:00,-1.59,60.76,1.99,23.07,0,吝备,36,30,0.0096,0.0426
108,2025-01-24 5:00,-2.01,63.07,1.9,32.04,0,吝备,41,35,0.0065,0.0482
108,2025-01-24 6:00,-2.27,63.72,1.2,11.36,0,吝备,44,35,0.0054,0.0495
108,2025-01-24 7:00,-2.48,64.97,1.9,18.43,0,吝备,44,34,0.0055,0.0516
108,2025-01-24 8:00,-2.43,66.25,2.03,42.05,0,吝备,45,34,0.0068,0.0511
108,2025-01-24 9:00,-0.51,61.04,1.72,54.58,0,吝备,50,35,0.0111,0.0482
108,2025-01-24 10:00,3.08,46.51,1.77,75.83,0,吝备,54,41,0.0131,0.0489
108,2025-01-24 11:00,5.42,38.52,1.15,94.66,0,吝备,47,36,0.0209,0.0402
108,2025-01-24 12:00,7.19,31.84,1.48,71.5,0,吝备,30,22,0.0328,0.0259
108,2025-01-24 13:00,8.68,31.95,1.51,212.72,0,吝备,39,26,0.0267,0.0373
108,2025-01-24 14:00,9.72,31.29,1.68,178.25,0,吝备,55,45,0.0168,0.0473
108,2025-01-24 15:00,10.27,29.69,1.77,243.25,0,吝备,51,39,0.0211,0.0432
108,2025-01-24 16:00,9.85,26.71,2.29,267.7,0,吝备,52,35,0.0344,0.0273
108,2025-01-24 17:00,8.12,26.56,2.52,294.64,0,吝备,28,17,0.0344,0.0205
108,2025-01-24 18:00,6.85,31.76,2.18,297.04,0,吝备,23,13,0.0266,0.0277
108,2025-01-24 19:00,5.36,37.64,1.51,267.11,0,吝备,30,23,0.016,0.0396
108,2025-01-24 20:00,4.39,41.36,0.75,270.29,0,吝备,43,28,0.0072,0.0508
108,2025-01-24 21:00,3.58,42.63,0.66,254.01,0,吝备,41,30,0.002,0.0577
108,2025-01-24 22:00,2.94,44.26,0.83,342.24,0,吝备,36,25,0.0029,0.0545
108,2025-01-24 23:00,2.53,42.64,1.78,64.22,0,吝备,34,21,0.0127,0.0395
108,2025-01-25 0:00,2.37,45.69,2.17,51.45,0,吝备,34,22,0.0142,0.0371
108,2025-01-25 1:00,2.12,51.46,2.38,60.9,0,吝备,33,22,0.0155,0.0336
108,2025-01-25 2:00,2.2,56.17,2.41,59.56,0,吝备,31,24,0.0154,0.0324
108,2025-01-25 3:00,1.83,59.38,2.05,59.66,0,吝备,27,20,0.0178,0.0288
108,2025-01-25 4:00,1.52,63.72,2.62,68.92,0,吝备,25,19,0.012,0.0347
108,2025-01-25 5:00,1.36,65.93,2.23,64.18,0,吝备,24,18,0.0074,0.0399
108,2025-01-25 6:00,1.54,68.89,2.87,68.7,0,吝备,18,15,0.0044,0.0428
108,2025-01-25 7:00,2.05,69.74,3.41,56.17,0,吝备,15,12,0.014,0.0322
108,2025-01-25 8:00,2.81,68.1,3.5,56.25,0,吝备,8,6,0.0168,0.0288
108,2025-01-25 9:00,4.75,61.38,3.88,54.63,0,吝备,8,3,0.024,0.0215
108,2025-01-25 10:00,6.73,54.09,3.51,46.89,0,吝备,14,7,0.0237,0.0215
108,2025-01-25 11:00,8.39,48.28,3.33,74.57,0,吝备,12,8,0.0288,0.0182
108,2025-01-25 12:00,9.43,43.54,3.14,58.67,0,吝备,7,4,0.0348,0.0137
108,2025-01-25 13:00,10.36,40.87,2.61,61.35,0,吝备,9,5,0.0372,0.0133
108,2025-01-25 14:00,10.78,37.19,2.83,56.13,0,吝备,16,14,0.0387,0.0136
108,2025-01-25 15:00,9.55,38.22,2.5,54.66,0,吝备,12,8,0.0381,0.014
108,2025-01-25 16:00,9.42,37.14,2.09,43.24,0,吝备,10,5,0.0348,0.0171
108,2025-01-25 17:00,8.73,38.22,3.21,47.97,0,吝备,12,9,0.0331,0.0184
108,2025-01-25 18:00,7.22,41.61,3.37,49.71,0,吝备,15,10,0.0275,0.0235
108,2025-01-25 19:00,6.16,47.05,3.83,47.22,0,吝备,19,10,0.0259,0.0236
108,2025-01-25 20:00,5.12,49.1,3.4,47.02,0,吝备,15,11,0.0315,0.0162
108,2025-01-25 21:00,4.54,52.54,4.08,58.37,0,吝备,12,8,0.0336,0.0131
108,2025-01-25 22:00,4.08,53.88,4.46,56.57,0,吝备,11,6,0.0329,0.0117
108,2025-01-25 23:00,3.63,55.91,4.01,56.98,0,吝备,9,7,0.0326,0.0128
108,2025-01-26 0:00,3.29,57.66,3.81,56.01,0,吝备,9,6,0.0324,0.0121
108,2025-01-26 1:00,3.21,57.47,3.11,58.34,0,吝备,6,5,0.032,0.012
108,2025-01-26 2:00,3.17,55.91,3.04,56.98,0,吝备,5,4,0.0319,0.0109
108,2025-01-26 3:00,3.1,54.63,3.24,52.39,0,吝备,7,5,0.0321,0.0118
108,2025-01-26 4:00,2.93,54.88,3.18,62.53,0,吝备,8,3,0.0315,0.0128
108,2025-01-26 5:00,2.36,56.72,3.24,52.63,0,吝备,8,4,0.0312,0.0137
108,2025-01-26 6:00,1.85,59.33,3.63,49.88,0,吝备,5,5,0.0303,0.0153
108,2025-01-26 7:00,1.95,59.38,4.09,53.22,0,吝备,9,5,0.0291,0.0175
108,2025-01-26 8:00,2.27,58.58,3.69,51.69,0,吝备,9,4,0.0302,0.0168
108,2025-01-26 9:00,3.03,55.72,3.63,51.03,0,吝备,6,5,0.0319,0.0151
108,2025-01-26 10:00,4.68,49.88,2.98,51.54,0,吝备,8,4,0.0324,0.0159
108,2025-01-26 11:00,6.34,43.63,2.28,62.77,0,吝备,6,4,0.0344,0.0151
108,2025-01-26 12:00,6.72,41.47,2.14,53.73,0,吝备,7,5,0.0358,0.0144
108,2025-01-26 13:00,7.28,39.41,2.32,65.27,0,吝备,7,5,0.0367,0.0147
108,2025-01-26 14:00,7.36,39.27,1.84,84.89,0,吝备,10,4,0.0367,0.0149
108,2025-01-26 15:00,7,40.11,1.86,80.86,0,吝备,11,5,0.037,0.0142
108,2025-01-26 16:00,6.67,41.66,2.75,50.95,0,吝备,10,8,0.0357,0.0151
108,2025-01-26 17:00,6.11,43.92,2.68,57.05,0,吝备,13,6,0.0306,0.0204
108,2025-01-26 18:00,5.46,46.3,2.36,53.58,0,吝备,12,10,0.0275,0.023
108,2025-01-26 19:00,5.06,48.01,2.66,51.76,0,吝备,15,11,0.0284,0.0212
108,2025-01-26 20:00,4.54,49.99,2.36,39.43,0,吝备,12,10,0.0246,0.0251
108,2025-01-26 21:00,4.52,50.83,1.95,58.6,0,吝备,14,11,0.0244,0.0247
108,2025-01-26 22:00,4.71,51.49,1.89,94.8,0,吝备,14,10,0.0235,0.0261
108,2025-01-26 23:00,5.17,52.97,2.78,151.85,0,吝备,12,8,0.0372,0.0133
108,2025-01-27 0:00,4.74,60.94,3.28,160.7,0,吝备,12,9,0.0379,0.0116
108,2025-01-27 1:00,3.52,78.08,2.46,129.5,0.06,吝备,16,13,0.0343,0.012
108,2025-01-27 2:00,3.05,85.45,1.93,96.06,0.2,吝备,14,13,0.0328,0.0127
108,2025-01-27 3:00,2.79,88.5,2.4,105.72,0.42,吝备,14,11,0.0322,0.0117
108,2025-01-27 4:00,2.71,88.96,1.57,93.24,0.59,吝备,15,12,0.0312,0.012
108,2025-01-27 5:00,2.8,89.04,1.81,157.1,0.74,吝备,11,11,0.0304,0.0138
108,2025-01-27 6:00,2.4,90.65,2.79,211.18,1.22,吝备,12,7,0.0279,0.0152
108,2025-01-27 7:00,1.57,92.51,2.75,211.97,2.14,吝备,7,5,0.0247,0.019
108,2025-01-27 8:00,0.75,92.76,3.84,246.32,3.85,吝备,12,8,0.0299,0.0148
108,2025-01-27 9:00,0.07,82.51,5.06,247.3,4.2,吝备,53,17,0.0313,0.0143
108,2025-01-27 10:00,-0.67,84,3.5,233.85,4.58,吝备,102,30,0.031,0.0129
108,2025-01-27 11:00,-0.11,65.02,4.92,233.84,4.7,吝备,96,31,0.0349,0.0109
108,2025-01-27 12:00,0.24,65.09,3.49,233.34,4.7,吝备,88,25,0.0356,0.011
108,2025-01-27 13:00,1.13,59.99,4.02,203.83,4.7,吝备,90,27,0.0377,0.0096
108,2025-01-27 14:00,0.95,59.57,5.23,203.96,4.7,吝备,97,28,0.0379,0.0091
108,2025-01-27 15:00,-0.47,83.39,4.4,226.85,5.12,吝备,62,21,0.0333,0.0121
108,2025-01-27 16:00,-0.7,82.7,4,250.99,5.46,吝备,34,22,0.0329,0.0141
108,2025-01-27 17:00,-0.79,75.04,4.12,257.84,5.5,吝备,39,25,0.0378,0.0098
108,2025-01-27 18:00,-1.17,68.3,3.84,271.59,5.5,吝备,36,24,0.0348,0.0112
108,2025-01-27 19:00,-1.35,66.82,4.12,266.92,5.5,吝备,27,17,0.0346,0.0101
108,2025-01-27 20:00,-1.44,66.58,3.89,262.78,5.5,吝备,28,15,0.0355,0.0088
108,2025-01-27 21:00,-1.67,70.27,3.17,270.98,5.5,吝备,25,15,0.0349,0.0097
108,2025-01-27 22:00,-2.03,74.81,3.44,265.58,5.51,吝备,40,19,0.0356,0.0094
108,2025-01-27 23:00,-2.45,76.71,3.96,267.68,5.6,吝备,47,19,0.037,0.0087
108,2025-01-28 0:00,-2.7,73.54,4.06,262.58,0.09,吝备,33,19,0.0386,0.0079
108,2025-01-28 1:00,-2.83,72.94,4.51,260.17,0,吝备,33,22,0.0388,0.0074
108,2025-01-28 2:00,-2.95,75.28,4.46,260.27,0,吝备,36,32,0.0401,0.0074
108,2025-01-28 3:00,-3.65,82.17,3.68,258.72,0.08,吝备,65,30,0.0378,0.0078
108,2025-01-28 4:00,-3.71,71.56,4.01,265.71,0.1,吝备,32,26,0.0364,0.0095
108,2025-01-28 5:00,-3.78,71.01,3.78,258.86,0.1,吝备,30,23,0.0378,0.008
108,2025-01-28 6:00,-4.02,73.35,4.11,258.91,0.1,吝备,30,25,0.0355,0.01
108,2025-01-28 7:00,-4.29,78.2,3.49,258.25,0.1,吝备,42,22,0.0348,0.0092
108,2025-01-28 8:00,-4.25,76.77,3.72,259.45,0.1,吝备,31,23,0.0343,0.0088
108,2025-01-28 9:00,-3.85,74.78,4.8,261.93,0.1,吝备,31,20,0.0338,0.0092
108,2025-01-28 10:00,-3.15,72.67,4.44,259.33,0.1,吝备,30,20,0.0357,0.0076
108,2025-01-28 11:00,-2.98,70.56,4.9,261.76,0.1,吝备,38,19,0.0368,0.0076
108,2025-01-28 12:00,-2.96,67.78,5.19,266.53,0.1,吝备,67,17,0.0377,0.0073
108,2025-01-28 13:00,-3.07,70.98,4.66,274.2,0.1,吝备,101,20,0.0381,0.0081
108,2025-01-28 14:00,-2.77,63.47,5.29,270.41,0.1,吝备,76,24,0.0407,0.0075
108,2025-01-28 15:00,-2.76,61.48,5.59,275.43,0.1,吝备,49,18,0.0406,0.007
108,2025-01-28 16:00,-2.92,62.41,4.31,268.77,0.1,吝备,46,19,0.039,0.0077
108,2025-01-28 17:00,-3.56,65.36,3.33,283.02,0.1,吝备,31,20,0.0376,0.0089
108,2025-01-28 18:00,-4.41,67.26,3.58,276.17,0.1,吝备,26,22,0.0351,0.0116
108,2025-01-28 19:00,-4.79,71.92,3.03,274.52,0.1,吝备,30,23,0.0344,0.011
108,2025-01-28 20:00,-4.98,69.64,3.55,265.7,0.1,吝备,28,21,0.0357,0.0091
108,2025-01-28 21:00,-4.95,68.65,3.26,287.2,0.1,吝备,31,22,0.036,0.009
108,2025-01-28 22:00,-5.12,71.27,2.27,274.02,0.1,吝备,36,25,0.0348,0.0095
108,2025-01-28 23:00,-5.24,74.86,2.43,270.02,0.1,吝备,37,23,0.0335,0.0104
108,2025-01-29 0:00,-5.16,77.73,2.58,260.12,0,吝备,53,24,0.0355,0.0087
108,2025-01-29 1:00,-4.92,77.56,2.68,258.13,0,吝备,38,25,0.0361,0.008
108,2025-01-29 2:00,-4.72,77.32,2.86,275.88,0,吝备,31,25,0.0346,0.0093
108,2025-01-29 3:00,-4.92,80.67,2.6,284,0,吝备,56,27,0.034,0.0087
108,2025-01-29 4:00,-5.32,84.13,2.67,277.83,0.11,吝备,66,25,0.0318,0.0101
108,2025-01-29 5:00,-5.61,84.7,2.57,279.83,0.2,吝备,39,28,0.032,0.0098
108,2025-01-29 6:00,-6,82.42,2.42,293.41,0.2,吝备,39,28,0.0313,0.0098
108,2025-01-29 7:00,-6.21,80.02,2.42,286.24,0.2,吝备,36,29,0.0311,0.011
108,2025-01-29 8:00,-6.34,80.58,2.64,291.31,0.2,吝备,42,29,0.0305,0.0109
108,2025-01-29 9:00,-5.92,76.31,2.62,284.41,0.2,吝备,39,24,0.0322,0.0098
108,2025-01-29 10:00,-5.12,71.06,2.81,292.87,0.2,吝备,31,24,0.034,0.0085
108,2025-01-29 11:00,-3.97,63.09,4.35,260.52,0.2,吝备,29,22,0.0353,0.0074
108,2025-01-29 12:00,-2.9,57.64,4.05,280.74,0.2,吝备,29,27,0.0364,0.0067
108,2025-01-29 13:00,-1.82,50.86,4.33,258.09,0.2,吝备,39,29,0.0374,0.0064
108,2025-01-29 14:00,-1.98,51.85,4.65,271.44,0.2,吝备,42,35,0.0387,0.0063
108,2025-01-29 15:00,-2.2,50.2,4.47,283.85,0.2,吝备,31,25,0.04,0.0064
108,2025-01-29 16:00,-2.27,44.45,4.5,282.89,0.2,吝备,29,18,0.0404,0.0067
108,2025-01-29 17:00,-3.1,48.26,3.02,278.94,0.2,吝备,25,17,0.0393,0.0082
108,2025-01-29 18:00,-3.9,54.68,3.03,272.89,0.2,吝备,23,18,0.036,0.0103
108,2025-01-29 19:00,-4.44,55.2,3.01,264.24,0.2,吝备,20,14,0.0357,0.0109
108,2025-01-29 20:00,-4.85,56.48,2.88,258.57,0.2,吝备,16,13,0.0344,0.0117
108,2025-01-29 21:00,-5.22,54.06,2.59,264.17,0.2,吝备,12,11,0.0331,0.0136
108,2025-01-29 22:00,-5.39,56.89,3.07,257.33,0.2,吝备,12,9,0.0308,0.015
108,2025-01-29 23:00,-5.38,58.66,2.42,255.78,0.2,吝备,16,10,0.034,0.0116
108,2025-01-30 0:00,-5.73,59.32,2.04,268.91,0,吝备,14,11,0.0329,0.0118
108,2025-01-30 1:00,-6.03,62.1,2.22,264.14,0,吝备,19,12,0.0332,0.011
108,2025-01-30 2:00,-6.45,62.87,1.3,261.32,0,吝备,18,14,0.0327,0.0119
108,2025-01-30 3:00,-6.53,63.48,1.67,293.89,0,吝备,19,14,0.0364,0.0087
108,2025-01-30 4:00,-6.77,62.21,1.35,292.64,0,吝备,18,13,0.0368,0.0085
108,2025-01-30 5:00,-7.1,61.76,1.38,308.69,0,吝备,18,12,0.0339,0.0113
108,2025-01-30 6:00,-7.24,61.56,2.02,260.48,0,吝备,19,14,0.0319,0.0136
108,2025-01-30 7:00,-7.39,60.82,1.63,273.97,0,吝备,21,14,0.0294,0.016
108,2025-01-30 8:00,-7.34,62.53,0.87,339.88,0,吝备,25,15,0.0248,0.02
108,2025-01-30 9:00,-6.14,59.01,1.33,282.38,0,吝备,20,17,0.0242,0.0204
108,2025-01-30 10:00,-4.18,50.17,1.71,204.95,0,吝备,21,16,0.0292,0.0133
108,2025-01-30 11:00,-3.02,43.64,1.55,234.43,0,吝备,20,13,0.0307,0.0131
108,2025-01-30 12:00,-1.46,37.42,1.97,245.78,0,吝备,18,11,0.031,0.0133
108,2025-01-30 13:00,-1.45,35.91,2.74,237.05,0,吝备,19,14,0.0322,0.0131
108,2025-01-30 14:00,-1.29,34.24,2.13,233.93,0,吝备,18,11,0.032,0.0137
108,2025-01-30 15:00,-1.47,31.54,2.31,240.54,0,吝备,20,12,0.0337,0.0121
108,2025-01-30 16:00,-1.67,30.3,2.11,276.88,0,吝备,16,11,0.0354,0.0108
108,2025-01-30 17:00,-1.71,32.56,1.9,287.9,0,吝备,18,12,0.0282,0.0185
108,2025-01-30 18:00,-1.8,35.17,1.2,278.62,0,吝备,19,13,0.0223,0.0249
108,2025-01-30 19:00,-1.81,36.03,1.21,278.97,0,吝备,19,11,0.0199,0.027
108,2025-01-30 20:00,-2.1,36.7,1.29,340.87,0,吝备,19,14,0.0203,0.0255
108,2025-01-30 21:00,-2.06,37.55,0.86,287.87,0,吝备,21,13,0.0131,0.0345
108,2025-01-30 22:00,-1.97,38.57,0.93,21.65,0,吝备,20,11,0.0116,0.0347
108,2025-01-30 23:00,-1.88,40.26,1.41,30.68,0,吝备,18,13,0.0061,0.0422
108,2025-01-31 0:00,-1.67,41.3,1.34,51.24,0,吝备,23,19,0.005,0.0442
108,2025-01-31 1:00,-1.8,42.32,1.73,43.98,0,吝备,21,14,0.0042,0.0449
108,2025-01-31 2:00,-1.77,43.88,1.71,42.5,0,吝备,23,14,0.0052,0.0419
108,2025-01-31 3:00,-1.78,49.97,1.55,17.6,0,吝备,21,16,0.0059,0.0405
108,2025-01-31 4:00,-2.13,63.09,2.21,35.64,0,吝备,24,18,0.0053,0.0404
108,2025-01-31 5:00,-2.45,69.9,2.1,47.57,0,吝备,22,17,0.0057,0.0404
108,2025-01-31 6:00,-2.52,74.19,2.25,48.56,0.02,吝备,25,17,0.0101,0.0364
108,2025-01-31 7:00,-2.5,79.14,2.49,47.52,0.1,吝备,30,19,0.0155,0.0313
108,2025-01-31 8:00,-2.33,81.43,2.64,50.08,0.1,吝备,28,20,0.013,0.0351
108,2025-01-31 9:00,-2.01,82.8,2.96,50.7,0.1,吝备,45,19,0.0128,0.0348
108,2025-01-31 10:00,-1.71,82.48,2.72,47.27,0.1,吝备,30,24,0.0124,0.0361
108,2025-01-31 11:00,-1.09,80.45,2.37,59.4,0.1,吝备,33,27,0.0127,0.0369
108,2025-01-31 12:00,-0.72,79.56,2.52,51.38,0.1,吝备,36,29,0.0101,0.0402
108,2025-01-31 13:00,-0.62,84.23,2.16,56.53,0.41,吝备,38,29,0.0103,0.0397
108,2025-01-31 14:00,-0.53,88.84,2.41,48.17,1.16,吝备,40,32,0.0091,0.0416
108,2025-01-31 15:00,-0.3,90.14,2.88,48.79,1.78,吝备,37,34,0.0106,0.0404
108,2025-01-31 16:00,-0.19,89.48,2.46,45.21,1.9,吝备,39,30,0.0108,0.0405
108,2025-01-31 17:00,-0.03,90.33,2.2,41.84,2.01,吝备,40,34,0.0148,0.0358
108,2025-01-31 18:00,0.13,91.31,1.97,47.2,2.17,吝备,41,32,0.0072,0.044
108,2025-01-31 19:00,0.25,91.53,1.3,54.4,2.28,吝备,43,37,0.008,0.0425
108,2025-01-31 20:00,0.39,92.07,1.4,63.58,2.4,吝备,44,36,0.006,0.0446
108,2025-01-31 21:00,0.49,91.56,2.07,69.78,2.4,吝备,42,34,0.0066,0.0434
108,2025-01-31 22:00,0.59,90.38,1.59,43.76,2.4,吝备,40,33,0.0096,0.0394
108,2025-01-31 23:00,0.67,89.79,1.22,45.95,2.4,吝备,36,32,0.0073,0.0448
108,2025-02-01 0:00,0.53,89.9,1.29,33.12,0.04,吝备,36,32,0.0085,0.0433
108,2025-02-01 1:00,0.26,90.42,1.43,35.53,0,吝备,38,33,0.0082,0.0418
108,2025-02-01 2:00,-0.3,91.47,1.51,43.3,0,吝备,43,39,0.0029,0.0505
108,2025-02-01 3:00,-0.73,91.28,1.18,46.18,0,吝备,46,40,0.0036,0.045
108,2025-02-01 4:00,-1.22,91.08,1.35,33.73,0,吝备,47,41,0.0033,0.0426
108,2025-02-01 5:00,-1.64,90.64,1.56,39.22,0,吝备,44,40,0.0078,0.0356
108,2025-02-01 6:00,-1.9,89.24,1.67,41.15,0,吝备,46,41,0.0073,0.0362
108,2025-02-01 7:00,-1.93,88.58,1.3,13.12,0,吝备,47,41,0.0043,0.0413
108,2025-02-01 8:00,-1.95,88.94,1.8,38.31,0,吝备,50,40,0.0069,0.0407
108,2025-02-01 9:00,-1.06,86.16,1.83,43.84,0,吝备,48,44,0.0109,0.0365
108,2025-02-01 10:00,0.59,79.83,2.4,54.14,0,吝备,51,44,0.0167,0.0322
108,2025-02-01 11:00,2.02,75.57,2.35,65.09,0,吝备,43,35,0.0247,0.0245
108,2025-02-01 12:00,3.18,71.77,2.26,50.85,0,吝备,36,30,0.0319,0.0189
108,2025-02-01 13:00,4.75,67.49,1.42,78.13,0,吝备,36,30,0.0318,0.0227
108,2025-02-01 14:00,6.34,61.1,1.04,137.87,0,吝备,45,36,0.0301,0.0268
108,2025-02-01 15:00,7.42,57.66,0.97,220.6,0,吝备,44,35,0.0294,0.0273
108,2025-02-01 16:00,7.39,53.12,1.79,277.08,0,吝备,46,36,0.0324,0.024
108,2025-02-01 17:00,6.02,51.57,1.78,286.37,0,吝备,46,34,0.0372,0.0181
108,2025-02-01 18:00,4.36,54.43,1.24,305.71,0,吝备,39,32,0.0302,0.0244
108,2025-02-01 19:00,3.12,59.03,1.38,276.65,0,吝备,42,30,0.0111,0.0466
108,2025-02-01 20:00,2.1,64.86,1.79,268.19,0,吝备,49,35,0.0084,0.0491
108,2025-02-01 21:00,1.35,68.76,1.34,273.02,0,吝备,48,36,0.0041,0.0523
108,2025-02-01 22:00,0.65,70.82,1.48,249.33,0,吝备,45,34,0.0045,0.0528
108,2025-02-01 23:00,0.11,72.6,1.48,32.72,0,吝备,43,33,0.007,0.0458
108,2025-02-02 0:00,-0.21,73.37,0.76,266.15,0,吝备,40,34,0.0215,0.0282
108,2025-02-02 1:00,-0.74,77.15,1.18,272.45,0,吝备,41,32,0.0058,0.0461
108,2025-02-02 2:00,-1.17,81.13,0.91,278.86,0,吝备,44,34,0.0035,0.0501
108,2025-02-02 3:00,-1.32,80.46,0.7,25.14,0,吝备,41,32,0.0041,0.0453
108,2025-02-02 4:00,-1.54,80.14,1.39,41.14,0,吝备,38,29,0.0097,0.0365
108,2025-02-02 5:00,-1.87,80.17,1.78,39.3,0,吝备,34,25,0.0119,0.034
108,2025-02-02 6:00,-1.93,82.23,0.96,311.8,0,吝备,34,26,0.0082,0.0379
108,2025-02-02 7:00,-2.17,82.77,1.06,358.74,0,吝备,34,26,0.0061,0.0392
108,2025-02-02 8:00,-2.24,84.5,1.72,49.2,0,吝备,30,24,0.009,0.04
108,2025-02-02 9:00,-0.24,80.08,0.74,48.15,0,吝备,27,17,0.0163,0.0353
108,2025-02-02 10:00,2.9,68.34,1.07,191.7,0,吝备,33,25,0.0239,0.0269
108,2025-02-02 11:00,4.99,60.45,1.95,228.27,0,吝备,39,33,0.0158,0.039
108,2025-02-02 12:00,5.12,56.22,2.55,289.01,0,吝备,36,29,0.0284,0.023
108,2025-02-02 13:00,5.62,52.25,2.8,281.15,0,吝备,37,26,0.0343,0.0174
108,2025-02-02 14:00,6.47,47.07,2.72,257.04,0,吝备,34,24,0.0386,0.014
108,2025-02-02 15:00,6.62,44.1,2.45,257.44,0,吝备,29,21,0.041,0.0126
108,2025-02-02 16:00,5.74,52.37,2.82,279.03,0,吝备,33,22,0.0388,0.0149
108,2025-02-02 17:00,4.55,53.57,3.55,260.41,0,吝备,31,21,0.0379,0.0163
108,2025-02-02 18:00,2.88,53.04,3.42,254.83,0,吝备,31,22,0.0407,0.0142
108,2025-02-02 19:00,1.94,55.79,3.23,248.25,0,吝备,32,22,0.0389,0.0152
108,2025-02-02 20:00,1.65,64.08,2.32,255.87,0,吝备,31,23,0.0363,0.0179
108,2025-02-02 21:00,1.62,71.88,2.65,257.19,0,吝备,41,33,0.0364,0.017
108,2025-02-02 22:00,1.55,76.14,2.56,259.51,0,吝备,58,48,0.0378,0.0138
108,2025-02-02 23:00,0.97,73.09,3.05,255.64,0,吝备,64,56,0.0371,0.0136
108,2025-02-03 0:00,0.41,71.18,2.81,263.69,0,吝备,57,47,0.0407,0.0118
108,2025-02-03 1:00,0.2,67.17,4.18,276.93,0,吝备,57,45,0.0434,0.0105
108,2025-02-03 2:00,-0.29,57.84,3.99,273.68,0,吝备,47,35,0.0456,0.0088
108,2025-02-03 3:00,-1.15,59.45,2.58,254.17,0,吝备,46,35,0.0434,0.0098
108,2025-02-03 4:00,-1.78,63.47,3.27,252.87,0,吝备,49,43,0.0376,0.0154
108,2025-02-03 5:00,-2.48,63.74,4.21,265.6,0,吝备,49,41,0.0351,0.0146
108,2025-02-03 6:00,-3.54,60.35,3.71,282.19,0,吝备,37,29,0.0359,0.0123
108,2025-02-03 7:00,-4.44,56.99,3.35,277.14,0,吝备,29,21,0.0349,0.0139
108,2025-02-03 8:00,-4.73,56.85,3.44,277.31,0,吝备,23,16,0.0327,0.0154
108,2025-02-03 9:00,-4.46,49.6,4.93,276.07,0,吝备,20,10,0.0383,0.0089
108,2025-02-03 10:00,-4.01,45.51,5.31,279.49,0,吝备,21,13,0.0388,0.0082
108,2025-02-03 11:00,-3.51,41.11,4.75,277.28,0,吝备,16,9,0.039,0.0083
108,2025-02-03 12:00,-2.9,36.84,4.86,269.26,0,吝备,12,5,0.0412,0.0063
108,2025-02-03 13:00,-2.73,35.05,4.89,286.11,0,吝备,15,6,0.0419,0.0059
108,2025-02-03 14:00,-1.83,32.79,4.92,266.73,0,吝备,15,7,0.0405,0.0079
108,2025-02-03 15:00,-2.1,30,5.86,278.78,0,吝备,16,5,0.0422,0.0061
108,2025-02-03 16:00,-2.51,35.64,5.33,269.09,0,吝备,15,9,0.0409,0.0075
108,2025-02-03 17:00,-3.65,40.4,4.3,282.76,0,吝备,20,13,0.0395,0.0089
108,2025-02-03 18:00,-4.87,44.98,4.18,272.35,0,吝备,17,12,0.0374,0.0111
108,2025-02-03 19:00,-5.65,49.08,4.37,285.8,0,吝备,18,12,0.037,0.0107
108,2025-02-03 20:00,-6.61,52.14,3.87,296.42,0,吝备,17,11,0.038,0.0089
108,2025-02-03 21:00,-7.42,54.23,4.09,284.3,0,吝备,20,16,0.0381,0.008
108,2025-02-03 22:00,-7.93,54.12,3.71,275.21,0,吝备,17,12,0.0381,0.0076
108,2025-02-03 23:00,-8.15,54.46,3.62,277.81,0,吝备,17,9,0.0367,0.0084
108,2025-02-04 0:00,-8.27,51.51,3.96,289.43,0,吝备,16,11,0.0368,0.0073
108,2025-02-04 1:00,-8.7,49.97,3.24,287.45,0,吝备,18,11,0.0365,0.007
108,2025-02-04 2:00,-9.26,50.55,3.28,267.37,0,吝备,21,11,0.0351,0.0071
108,2025-02-04 3:00,-9.72,51.89,3.44,274,0,吝备,23,12,0.0354,0.007
108,2025-02-04 4:00,-10.15,53.99,3.3,276.28,0,吝备,22,14,0.0329,0.0087
108,2025-02-04 5:00,-10.58,54.4,3.23,266.96,0,吝备,23,11,0.0322,0.01
108,2025-02-04 6:00,-10.91,54.66,4.19,270.45,0,吝备,19,11,0.0306,0.0113
108,2025-02-04 7:00,-11.35,56.25,2.79,284.07,0,吝备,24,16,0.0278,0.0147
108,2025-02-04 8:00,-11.3,52.68,2.83,287.61,0,吝备,22,15,0.0296,0.013
108,2025-02-04 9:00,-10.57,48.23,3.94,288.63,0,吝备,17,12,0.033,0.0096
108,2025-02-04 10:00,-9.54,45.68,4.01,281.05,0,吝备,24,16,0.0348,0.0084
108,2025-02-04 11:00,-8.68,43.08,4.59,294.9,0,吝备,19,13,0.0366,0.0076
108,2025-02-04 12:00,-7.33,41.85,4.13,272.36,0,吝备,14,8,0.0367,0.008
108,2025-02-04 13:00,-6.61,40.53,4.84,263.84,0,吝备,17,13,0.0381,0.0068
108,2025-02-04 14:00,-6.1,39.46,4.78,278.13,0,吝备,16,12,0.0382,0.0075
108,2025-02-04 15:00,-5.83,39.37,4.63,276.3,0,吝备,13,10,0.0386,0.0074
108,2025-02-04 16:00,-5.95,41.07,4.3,277.33,0,吝备,11,10,0.0376,0.0081
108,2025-02-04 17:00,-6.8,45.6,3.75,290.3,0,吝备,14,12,0.0367,0.0089
108,2025-02-04 18:00,-7.77,50.12,3.45,276.63,0,吝备,15,12,0.0347,0.0107
108,2025-02-04 19:00,-8.46,49.94,3.67,275.3,0,吝备,16,12,0.0344,0.0111
108,2025-02-04 20:00,-8.97,54.01,3.58,274.04,0,吝备,17,10,0.0321,0.0121
108,2025-02-04 21:00,-9.55,56.59,2.86,275.55,0,吝备,17,13,0.0304,0.0132
108,2025-02-04 22:00,-10.06,58.44,3.08,287.05,0,吝备,17,10,0.0328,0.0106
108,2025-02-04 23:00,-10.4,61.21,3.65,276.09,0,吝备,15,11,0.0336,0.01
108,2025-02-05 0:00,-10.59,62.28,3.22,290.7,0,吝备,16,10,0.0353,0.0085
108,2025-02-05 1:00,-10.78,61.52,2.82,283.03,0,吝备,16,11,0.0352,0.0086
108,2025-02-05 2:00,-11.08,61.1,2.18,276.23,0,吝备,18,11,0.0344,0.0091
108,2025-02-05 3:00,-11.36,62.05,2.06,278.96,0,吝备,19,10,0.0334,0.0099
108,2025-02-05 4:00,-11.65,63.09,1.36,274.12,0,吝备,18,10,0.0307,0.0127
108,2025-02-05 5:00,-11.5,65.51,2.12,265.12,0,吝备,18,12,0.0275,0.0165
108,2025-02-05 6:00,-11.27,62.19,2.3,292.39,0,吝备,16,9,0.0306,0.0127
108,2025-02-05 7:00,-11.26,59.49,2.38,294,0,吝备,16,9,0.0265,0.0171
108,2025-02-05 8:00,-10.88,57.53,2.49,286.78,0,吝备,15,8,0.0237,0.0195
108,2025-02-05 9:00,-10.04,51.22,2.9,293.9,0,吝备,15,9,0.0267,0.0166
108,2025-02-05 10:00,-8.87,44.84,2.56,305.49,0,吝备,16,7,0.0308,0.0121
108,2025-02-05 11:00,-8.11,41.09,2.83,272.24,0,吝备,15,8,0.0319,0.0122
108,2025-02-05 12:00,-6.31,36.33,3.66,273.58,0,吝备,10,3,0.0353,0.0097
108,2025-02-05 13:00,-4.86,34.09,4.63,279.68,0,吝备,17,6,0.0401,0.0055
108,2025-02-05 14:00,-4.14,35.17,4.57,290.09,0,吝备,22,12,0.0402,0.0071
108,2025-02-05 15:00,-4.08,35.03,5.42,284.15,0,吝备,18,10,0.042,0.006
108,2025-02-05 16:00,-4.44,35.72,5.35,277.44,0,吝备,19,8,0.0417,0.0069
108,2025-02-05 17:00,-5.44,37.26,4.38,281.07,0,吝备,15,8,0.0399,0.0083
108,2025-02-05 18:00,-6.42,42.76,3.88,280.15,0,吝备,14,11,0.0366,0.0111
108,2025-02-05 19:00,-7.14,45.64,3.29,281.16,0,吝备,16,11,0.0339,0.0131
108,2025-02-05 20:00,-7.92,44.34,4.2,283.42,0,吝备,14,11,0.035,0.0104
108,2025-02-05 21:00,-8.81,43.03,3.55,266.95,0,吝备,13,8,0.0357,0.0098
108,2025-02-05 22:00,-9.41,46.32,3.36,286.17,0,吝备,14,7,0.0361,0.0085
108,2025-02-05 23:00,-9.93,49.68,2.03,336.5,0,吝备,15,10,0.035,0.009
108,2025-02-06 0:00,-10.42,52.57,1.6,317.26,0,吝备,16,11,0.0339,0.0091
108,2025-02-06 1:00,-10.86,54.05,1.03,315.89,0,吝备,18,12,0.0331,0.0103
108,2025-02-06 2:00,-11.01,53.89,0.84,297.48,0,吝备,14,9,0.0301,0.014
108,2025-02-06 3:00,-11.3,52.6,0.92,261.35,0,吝备,13,6,0.0335,0.0113
108,2025-02-06 4:00,-11.2,55.77,1.21,280.75,0,吝备,12,7,0.0273,0.0172
108,2025-02-06 5:00,-11.11,57.46,1.43,283.51,0,吝备,14,12,0.0184,0.0282
108,2025-02-06 6:00,-11.04,59.63,1.3,272.5,0,吝备,13,11,0.0167,0.0298
108,2025-02-06 7:00,-11.04,59.41,0.96,322.5,0,吝备,17,12,0.0171,0.0295
108,2025-02-06 8:00,-10.89,57.92,0.73,166.99,0,吝备,16,10,0.0195,0.0277
108,2025-02-06 9:00,-8.37,46.39,0.76,188.93,0,吝备,9,5,0.0264,0.0217
108,2025-02-06 10:00,-5.15,40.23,1.37,183.97,0,吝备,23,16,0.0207,0.0305
108,2025-02-06 11:00,-3.05,34.24,2.24,179.99,0,吝备,21,14,0.0214,0.0312
108,2025-02-06 12:00,-1.67,33.04,3.1,189.17,0,吝备,21,11,0.0229,0.0313
108,2025-02-06 13:00,-0.6,37.85,3.73,211.87,0,吝备,25,12,0.0285,0.0247
108,2025-02-06 14:00,-0.86,45.74,3.68,203.72,0,吝备,29,22,0.0307,0.0209
108,2025-02-06 15:00,-1.75,67.36,3.32,221.79,0.05,吝备,34,15,0.0302,0.0217
108,2025-02-06 16:00,-2.23,84.8,0.97,233.79,1.83,吝备,37,20,0.0239,0.0268
108,2025-02-06 17:00,-1.87,84.17,0.81,218.49,2.3,吝备,22,15,0.014,0.0386
108,2025-02-06 18:00,-2.13,83.8,1.61,258.98,2.3,吝备,27,19,0.0101,0.0434
108,2025-02-06 19:00,-2.59,82.28,1.58,257.3,2.3,吝备,23,13,0.0172,0.0338
108,2025-02-06 20:00,-2.71,82.62,1.6,289.7,2.3,吝备,23,15,0.0243,0.0256
108,2025-02-06 21:00,-3.03,76.42,1.92,329.61,2.3,吝备,18,14,0.0348,0.0132
108,2025-02-06 22:00,-3.63,66.14,1.64,331.55,2.3,吝备,19,14,0.038,0.0098
108,2025-02-06 23:00,-4.55,64.28,1.52,14.93,2.3,吝备,18,9,0.0366,0.0113
108,2025-02-07 0:00,-5.42,66.98,2.01,32.67,0.04,吝备,18,11,0.0252,0.023
108,2025-02-07 1:00,-5.92,74.72,1.89,53.54,0,吝备,19,12,0.0169,0.0322
108,2025-02-07 2:00,-5.57,78.08,1.7,349.88,0,吝备,21,15,0.0156,0.0321
108,2025-02-07 3:00,-5.01,74.62,2.09,316.4,0,吝备,30,15,0.0326,0.0153
108,2025-02-07 4:00,-5.38,69.52,2.02,325.97,0,吝备,22,7,0.038,0.0096
108,2025-02-07 5:00,-6.07,72.4,4.58,323.47,0,吝备,24,10,0.038,0.0089
108,2025-02-07 6:00,-6.69,80.17,3.62,335.05,0.05,吝备,55,13,0.0392,0.0073
108,2025-02-07 7:00,-7.16,80.33,3.98,292.68,0.27,吝备,81,15,0.0336,0.0116
108,2025-02-07 8:00,-7.54,77.38,4.02,296.55,0.38,吝备,79,16,0.0325,0.0116
108,2025-02-07 9:00,-7.77,64.94,5.25,286.79,0.4,吝备,50,20,0.0333,0.0098
108,2025-02-07 10:00,-7.61,52.05,5.98,281.64,0.4,吝备,53,23,0.0356,0.008
108,2025-02-07 11:00,-7.18,48.67,4.93,277.1,0.4,吝备,34,26,0.0375,0.0073
108,2025-02-07 12:00,-6.89,47.22,4.92,279.03,0.4,吝备,25,15,0.0389,0.0067
108,2025-02-07 13:00,-7.32,48.69,5.52,290.54,0.4,吝备,,11,,
108,2025-02-07 14:00,-7.73,46.33,5.95,285.24,0.4,吝备,,12,,
108,2025-02-07 15:00,-7.65,42.7,5.75,281.02,0.4,吝备,,18,,
108,2025-02-07 16:00,-7.86,43.23,5.59,289.21,0.4,吝备,26,15,0.0354,0.0071
108,2025-02-07 17:00,-8.62,47.12,4.76,278.91,0.4,吝备,31,18,0.036,0.0079
108,2025-02-07 18:00,-9.5,53.01,4.07,267.34,0.4,吝备,31,16,0.0324,0.011
108,2025-02-07 19:00,-9.97,54.77,3.42,263.13,0.4,吝备,35,18,0.0306,0.0124
108,2025-02-07 20:00,-10.23,55.16,3.98,268.33,0.4,吝备,29,14,0.0318,0.0099
108,2025-02-07 21:00,-10.44,54.55,2.72,267.75,0.4,吝备,27,11,0.0329,0.0092
108,2025-02-07 22:00,-10.6,54.95,2.95,266.79,0.4,吝备,26,12,0.0304,0.0102
108,2025-02-07 23:00,-10.65,55.43,2.78,266.12,0.4,吝备,26,10,0.0292,0.0099
108,2025-02-08 0:00,-10.69,55.82,3.38,268.13,0.01,吝备,26,10,0.0291,0.0077
108,2025-02-08 1:00,-10.74,56.42,2.68,278.29,0,吝备,24,12,0.03,0.0079
108,2025-02-08 2:00,-11.03,57.58,2.29,270.42,0,吝备,23,12,0.0287,0.0088
108,2025-02-08 3:00,-11.15,59.07,2.83,259.33,0,吝备,22,10,0.0294,0.0087
108,2025-02-08 4:00,-11.33,59.38,2.27,258.6,0,吝备,19,10,0.0267,0.0096
108,2025-02-08 5:00,-11.4,59.43,2.88,257.15,0,吝备,18,13,0.0265,0.0121
108,2025-02-08 6:00,-11.43,59.34,3.18,256.78,0,吝备,18,13,0.0222,0.0147
108,2025-02-08 7:00,-11.45,59.2,3.19,260.8,0,吝备,20,14,0.0225,0.0151
108,2025-02-08 8:00,-11.03,57.52,2.91,278.55,0,吝备,15,7,0.024,0.0131
108,2025-02-08 9:00,-9.76,54.93,3.18,293.32,0,吝备,17,7,0.0268,0.0105
108,2025-02-08 10:00,-8.52,49.88,3.67,289.53,0,吝备,21,11,0.0304,0.0072
108,2025-02-08 11:00,-7.31,47.5,3.25,304.03,0,吝备,18,8,0.0317,0.007
108,2025-02-08 12:00,-6.45,46.15,3.27,296.17,0,吝备,14,5,0.033,0.0066
108,2025-02-08 13:00,-5.4,45.97,2.64,274.41,0,吝备,21,11,0.0342,0.0074
108,2025-02-08 14:00,-4.24,45.03,2.49,262.23,0,吝备,28,17,0.0356,0.0086
108,2025-02-08 15:00,-3.69,44.9,3.31,251.9,0,吝备,23,15,0.0348,0.0098
108,2025-02-08 16:00,-3.72,44.5,3.18,264.05,0,吝备,23,11,0.0361,0.0092
108,2025-02-08 17:00,-4.47,46.59,2.8,276.84,0,吝备,25,9,0.0354,0.0105
108,2025-02-08 18:00,-5.44,50.44,2.1,275.85,0,吝备,23,12,0.0311,0.0137
108,2025-02-08 19:00,-5.97,53.38,2.18,270.68,0,吝备,25,14,0.0294,0.0149
108,2025-02-08 20:00,-6.33,55.84,2.36,263.74,0,吝备,24,12,0.0298,0.0141
108,2025-02-08 21:00,-6.61,58.2,2.53,259.7,0,吝备,23,14,0.0294,0.0134
108,2025-02-08 22:00,-7.04,60.91,2.42,276.76,0,吝备,23,15,0.029,0.013
108,2025-02-08 23:00,-7.29,62.84,2.99,308.34,0,吝备,30,19,0.03,0.0108
108,2025-02-09 0:00,-7.83,63.92,1.87,279.11,0,吝备,33,19,0.0271,0.0138
108,2025-02-09 1:00,-8.61,65.43,0.98,256.75,0,吝备,32,20,0.0257,0.0157
108,2025-02-09 2:00,-8.9,67.98,1.15,245.29,0,吝备,31,18,0.0226,0.0186
108,2025-02-09 3:00,-9.06,71.04,1.23,276.09,0,吝备,29,18,0.0154,0.0264
108,2025-02-09 4:00,-9.07,72.46,0.9,290.7,0,吝备,29,19,0.016,0.0251
108,2025-02-09 5:00,-9.21,73.87,0.31,326.08,0,吝备,26,18,0.0189,0.0213
108,2025-02-09 6:00,-9.31,74.21,1.31,29.83,0,吝备,21,16,0.0139,0.0258
108,2025-02-09 7:00,-9.55,75.51,1.63,28.36,0,吝备,21,15,0.0016,0.0412
108,2025-02-09 8:00,-8.92,77.21,1.76,43.12,0,吝备,26,17,0.0031,0.0417
108,2025-02-09 9:00,-6.69,73.94,1.21,50.44,0,吝备,31,23,0.006,0.0405
108,2025-02-09 10:00,-4.03,56.75,2.48,275.44,0,吝备,34,23,0.0257,0.0179
108,2025-02-09 11:00,-2.87,49.45,2.91,307.96,0,吝备,19,13,0.0328,0.0109
108,2025-02-09 12:00,-1.54,43.73,2.9,283.3,0,吝备,12,7,0.0335,0.0103
108,2025-02-09 13:00,-0.34,40.86,3.12,272.99,0,吝备,11,6,0.0381,0.0083
108,2025-02-09 14:00,0.88,41.27,3.01,241.44,0,吝备,18,14,0.0389,0.0087
108,2025-02-09 15:00,1.36,40.11,3.09,239.41,0,吝备,13,9,0.0395,0.0081
108,2025-02-09 16:00,0.55,44.68,3.39,230.81,0,吝备,13,6,0.0389,0.0095
108,2025-02-09 17:00,-0.95,55.14,3.16,249.75,0,吝备,17,12,0.039,0.0095
108,2025-02-09 18:00,-2.22,61.24,2.87,251.98,0,吝备,19,12,0.0373,0.0107
108,2025-02-09 19:00,-2.84,66.66,2.9,255.52,0,吝备,19,12,0.0323,0.0152
108,2025-02-09 20:00,-3.25,69.81,2.55,254.96,0,吝备,18,11,0.0312,0.0166
108,2025-02-09 21:00,-3.56,70.69,2.66,256.85,0,吝备,21,14,0.0296,0.018
108,2025-02-09 22:00,-3.94,69.23,2.83,266.12,0,吝备,19,13,0.0284,0.0171
108,2025-02-09 23:00,-4.59,68.26,2.13,281.49,0,吝备,21,16,0.0256,0.0198
108,2025-02-10 0:00,-5.17,69.06,2.11,287.57,0,吝备,21,19,0.0235,0.0219
108,2025-02-10 1:00,-5.41,67.88,2.2,302.56,0,吝备,26,18,0.03,0.014
108,2025-02-10 2:00,-6.03,62.81,1.64,284.01,0,吝备,21,14,0.0285,0.0147
108,2025-02-10 3:00,-6.69,62.24,1.28,253.73,0,吝备,15,11,0.0293,0.0141
108,2025-02-10 4:00,-6.81,63.31,1.11,268.57,0,吝备,15,12,0.0241,0.0191
108,2025-02-10 5:00,-6.39,63.63,1.31,349.43,0,吝备,17,11,0.0228,0.0226
108,2025-02-10 6:00,-7.01,64.18,1.96,37.37,0,吝备,15,10,0.0075,0.039
108,2025-02-10 7:00,-7.14,68.08,1.87,36.17,0,吝备,18,13,0.0019,0.047
108,2025-02-10 8:00,-6.08,66.51,2.06,29.01,0,吝备,18,12,0.0015,0.0464
108,2025-02-10 9:00,-4.22,61.8,1.01,138.14,0,吝备,21,14,0.0076,0.0441
108,2025-02-10 10:00,-1.77,52.94,1.93,182.41,0,吝备,27,23,0.0089,0.0438
108,2025-02-10 11:00,-0.09,45.13,2.41,183.06,0,吝备,29,23,0.0177,0.0335
108,2025-02-10 12:00,1.05,46.38,2.69,264.83,0,吝备,20,13,0.0248,0.0236
108,2025-02-10 13:00,1.23,48.06,3.79,284.75,0,吝备,24,18,0.0274,0.0246
108,2025-02-10 14:00,2.01,49.57,3.82,247.62,0,吝备,32,24,0.0299,0.0213
108,2025-02-10 15:00,1.78,53,3.21,265.21,0,吝备,27,21,0.0365,0.0149
108,2025-02-10 16:00,2.13,47.17,3.65,243.05,0,吝备,21,17,0.0383,0.0143
108,2025-02-10 17:00,0.79,50.54,3.05,263.19,0,吝备,23,18,0.0377,0.015
108,2025-02-10 18:00,-0.34,55.09,2.77,268.45,0,吝备,25,20,0.0326,0.0207
108,2025-02-10 19:00,-1.02,61.91,2.32,262.75,0,吝备,27,23,0.0273,0.0255
108,2025-02-10 20:00,-1.65,65,1.41,273.63,0,吝备,30,22,0.0207,0.0324
108,2025-02-10 21:00,-2.23,68.84,1.06,289.49,0,吝备,31,23,0.0162,0.0381
108,2025-02-10 22:00,-2.78,72.56,0.67,276.92,0,吝备,32,25,0.0104,0.0438
108,2025-02-10 23:00,-2.94,74.52,0.98,277.75,0,吝备,33,26,0.004,0.0497
108,2025-02-11 0:00,-3.23,75.64,1.05,327.58,0,吝备,33,29,0.0062,0.0433
108,2025-02-11 1:00,-3.69,77.81,0.86,291.84,0,吝备,30,25,0.0048,0.0425
108,2025-02-11 2:00,-4.12,78.05,1.81,31.77,0,吝备,33,27,0.0004,0.0506
108,2025-02-11 3:00,-4.57,78.46,1.93,31.29,0,吝备,34,28,0.0001,0.0527
108,2025-02-11 4:00,-4.89,79.04,1.58,37.23,0,吝备,36,28,0.0001,0.0494
108,2025-02-11 5:00,-5.23,79.73,2.02,33.31,0,吝备,36,29,0.0001,0.0482
108,2025-02-11 6:00,-5.49,81.9,2.29,31.93,0,吝备,37,31,0.0001,0.0543
108,2025-02-11 7:00,-5.61,82.69,2.33,37.82,0,吝备,40,32,0.0001,0.0532
108,2025-02-11 8:00,-4.88,82.8,2.65,35.44,0,吝备,43,39,0.0003,0.0506
108,2025-02-11 9:00,-2.47,76.14,2.37,49.25,0,吝备,47,41,0.0022,0.0486
108,2025-02-11 10:00,-0.08,66.61,2.21,55.78,0,吝备,61,50,0.0046,0.0482
108,2025-02-11 11:00,2.06,59.28,2.83,67.73,0,吝备,54,48,0.0109,0.0427
108,2025-02-11 12:00,3.66,52.85,2.26,85.7,0,吝备,47,39,0.0202,0.035
108,2025-02-11 13:00,4.89,48.49,2.45,63.37,0,吝备,50,39,0.0292,0.0296
108,2025-02-11 14:00,6.38,44.1,1.55,130.38,0,吝备,46,38,0.0368,0.0254
108,2025-02-11 15:00,6.76,40.31,1.76,93.12,0,吝备,43,39,0.0362,0.0274
108,2025-02-11 16:00,6.73,39.35,1.57,62.79,0,吝备,44,39,0.0343,0.0294
108,2025-02-11 17:00,5.58,40.29,1.82,24.68,0,吝备,46,38,0.0274,0.0365
108,2025-02-11 18:00,4.14,44.64,1.62,26.44,0,吝备,50,40,0.0191,0.0456
108,2025-02-11 19:00,3.06,49.07,2.4,31.28,0,吝备,55,48,0.009,0.058
108,2025-02-11 20:00,2.17,51.23,2.5,48.03,0,吝备,55,46,0.0035,0.0665
108,2025-02-11 21:00,1.6,51.31,2.11,45.98,0,吝备,54,41,0.0042,0.0644
108,2025-02-11 22:00,1.35,50.45,2.75,56.34,0,吝备,48,38,0.0091,0.055
108,2025-02-11 23:00,1.3,48.64,2.34,53.72,0,吝备,43,38,0.0131,0.0484
108,2025-02-12 0:00,1.26,48.41,1.36,58.19,0,吝备,40,34,0.0148,0.0447
108,2025-02-12 1:00,1.41,51.09,1.88,46.29,0,吝备,39,32,0.0081,0.0526
108,2025-02-12 2:00,1.78,52.39,2.33,59.65,0,吝备,43,38,0.0049,0.0588
108,2025-02-12 3:00,1.83,51.43,1.18,278.79,0,吝备,43,35,0.0068,0.0558
108,2025-02-12 4:00,2.1,55.8,1.21,130.13,0,吝备,40,31,0.0107,0.051
108,2025-02-12 5:00,1.62,75.88,1.37,74.18,0.1,吝备,44,33,0.0238,0.0345
108,2025-02-12 6:00,0.72,84.67,2.13,51.08,0.4,吝备,46,34,0.0065,0.0528
108,2025-02-12 7:00,0.49,90.29,2.59,62.87,0.83,吝备,48,35,0.0047,0.0559
108,2025-02-12 8:00,0.5,90.98,2.6,55.64,1.08,吝备,47,36,0.0067,0.0543
108,2025-02-12 9:00,0.54,90.66,2.81,50.31,1.53,吝备,47,37,0.0115,0.0473
108,2025-02-12 10:00,0.71,91.13,2.42,46.77,2.04,吝备,46,34,0.0145,0.0443
108,2025-02-12 11:00,1.01,89.86,2.03,46.62,2.27,吝备,49,38,0.0172,0.0419
108,2025-02-12 12:00,1.37,88.97,1.45,33.63,2.38,吝备,48,41,0.0141,0.0474
108,2025-02-12 13:00,1.61,88.56,0.77,342.04,2.4,吝备,53,46,0.013,0.0496
108,2025-02-12 14:00,1.92,89.79,1.16,198.65,2.47,吝备,56,48,0.0097,0.0543
108,2025-02-12 15:00,2.33,93.29,2.05,258.94,2.5,吝备,63,51,0.0101,0.0541
108,2025-02-12 16:00,2.31,94.8,3.59,261,2.5,吝备,58,46,0.0189,0.0422
108,2025-02-12 17:00,1.91,92.21,3.74,259.77,2.5,吝备,53,44,0.0326,0.0235
108,2025-02-12 18:00,1.52,83.86,3.77,260.87,2.5,吝备,37,33,0.0374,0.0179
108,2025-02-12 19:00,0.76,76.23,4.47,283.23,2.5,吝备,19,17,0.0394,0.0124
108,2025-02-12 20:00,-0.85,61.55,5.15,278.83,2.5,吝备,16,11,0.0397,0.0099
108,2025-02-12 21:00,-1.8,58.03,4.14,272.64,2.5,吝备,17,9,0.0383,0.0103
108,2025-02-12 22:00,-2.3,58.75,3.95,268.75,2.5,吝备,16,13,0.0372,0.0106
108,2025-02-12 23:00,-2.7,58.57,3.18,262.75,2.5,吝备,18,12,0.0356,0.0112
108,2025-02-13 0:00,-3.18,56.37,2.16,275.77,0.04,吝备,14,9,0.0351,0.0104
108,2025-02-13 1:00,-3.57,54.63,2.52,244.66,0,吝备,12,11,0.0332,0.011
108,2025-02-13 2:00,-4.06,55.47,2.17,247.89,0,吝备,14,9,0.0313,0.0122
108,2025-02-13 3:00,-4.17,53.57,2.31,255.27,0,吝备,12,9,0.0292,0.0133
108,2025-02-13 4:00,-4.68,53.22,1.01,242.27,0,吝备,10,8,0.0287,0.0135
108,2025-02-13 5:00,-5.12,55.12,1.37,252.8,0,吝备,13,10,0.0214,0.0223
108,2025-02-13 6:00,-5.66,57.78,0.85,219.35,0,吝备,13,8,0.0166,0.0268
108,2025-02-13 7:00,-5.67,62.03,0.7,298.08,0,吝备,14,11,0.0051,0.0411
108,2025-02-13 8:00,-4.58,59.17,0.18,319.16,0,吝备,17,10,0.0056,0.0443
108,2025-02-13 9:00,-1.98,53.86,1.1,184.97,0,吝备,12,4,0.0141,0.0349
108,2025-02-13 10:00,0.83,45.71,2,206.61,0,吝备,30,17,0.0152,0.0346
108,2025-02-13 11:00,2.36,36.45,2.36,256.76,0,吝备,28,12,0.0248,0.0237
108,2025-02-13 12:00,4.01,39.64,3.5,237.99,0,吝备,24,10,0.0288,0.0219
108,2025-02-13 13:00,4.88,38.32,3.84,253.75,0,吝备,27,11,0.036,0.0133
108,2025-02-13 14:00,5.52,36.63,4.03,251.03,0,吝备,25,12,0.0372,0.013
108,2025-02-13 15:00,5.79,37.44,3.94,249.13,0,吝备,22,8,0.0375,0.0127
108,2025-02-13 16:00,5.64,41.81,3.61,241.58,0,吝备,22,7,0.0368,0.0143
108,2025-02-13 17:00,4.39,49.62,3.73,247.14,0,吝备,21,6,0.033,0.0177
108,2025-02-13 18:00,3.32,55.41,2.58,247.94,0,吝备,26,9,0.03,0.0198
108,2025-02-13 19:00,2.66,56.36,2.78,243.23,0,吝备,30,10,0.0244,0.0244
108,2025-02-13 20:00,2.18,58.8,2.16,235.39,0,吝备,27,10,0.0221,0.0279
108,2025-02-13 21:00,1.94,60.6,1.81,224.72,0,吝备,26,11,0.0199,0.0297
108,2025-02-13 22:00,1.36,64.53,1.1,217.61,0,吝备,30,13,0.0184,0.033
108,2025-02-13 23:00,0.72,69.47,0.49,209.35,0,吝备,33,17,0.0116,0.0396
108,2025-02-14 0:00,0.29,73.88,1.02,229.29,0,吝备,36,17,0.0027,0.0497
108,2025-02-14 1:00,0.09,76.37,0.86,215.83,0,吝备,34,19,0.0026,0.0467
108,2025-02-14 2:00,-0.24,78.69,0.31,219.64,0,吝备,36,20,0.0038,0.0451
108,2025-02-14 3:00,-0.36,80.43,0.16,332.88,0,吝备,34,21,0.0039,0.0442
108,2025-02-14 4:00,-0.65,82.34,0.52,350.84,0,吝备,35,21,0.0062,0.0413
108,2025-02-14 5:00,-0.92,83.25,1.56,27.87,0,吝备,38,20,0.0033,0.0439
108,2025-02-14 6:00,-1.19,83.59,1.98,24.8,0,吝备,37,21,0.0026,0.0462
108,2025-02-14 7:00,-1.48,85.3,2.23,27.32,0,吝备,38,23,0.0028,0.0524
108,2025-02-14 8:00,-1.04,86.39,2.25,30.29,0,吝备,44,25,0.0038,0.0547
108,2025-02-14 9:00,1.12,81.65,2.27,40.54,0,吝备,45,25,0.0054,0.0554
108,2025-02-14 10:00,3.49,73.34,1.77,35,0,吝备,57,43,0.0086,0.0514
108,2025-02-14 11:00,6.63,66.4,1.95,187.8,0,吝备,,39,,
108,2025-02-14 12:00,8.34,56.36,2.49,206.18,0,吝备,,28,,
108,2025-02-14 13:00,9.44,48.77,2.62,228.5,0,吝备,72,52,0.0373,0.0271
108,2025-02-14 14:00,9.71,42.82,3.22,255.91,0,吝备,81,58,0.0406,0.0248
108,2025-02-14 15:00,9.76,36.74,3.23,259.67,0,吝备,79,52,0.0443,0.023
108,2025-02-14 16:00,9.22,35.32,3.66,236.8,0,吝备,79,52,0.0455,0.0226
108,2025-02-14 17:00,7.98,35.05,2.6,257.26,0,吝备,80,54,0.0458,0.0226
108,2025-02-14 18:00,6.51,42.29,2.35,255.87,0,吝备,77,53,0.0334,0.0335
108,2025-02-14 19:00,5.46,52.61,1.39,250.09,0,吝备,78,54,0.022,0.043
108,2025-02-14 20:00,4.42,60.94,1.71,259.79,0,吝备,79,55,0.0085,0.0568
108,2025-02-14 21:00,3.85,71.03,1.57,240.1,0,吝备,81,53,0.0122,0.048
108,2025-02-14 22:00,3.31,78.65,2.05,257.96,0,吝备,77,50,0.0162,0.0404
108,2025-02-14 23:00,2.71,81.82,0.95,249.62,0,吝备,75,52,0.0073,0.0491
108,2025-02-15 0:00,2.42,85.48,0.27,296.09,0,吝备,72,50,0.004,0.0497
108,2025-02-15 1:00,2.37,87.25,0.48,21.46,0,吝备,69,51,0.0055,0.0449
108,2025-02-15 2:00,1.92,88.44,0.47,325.84,0,吝备,74,56,0.0038,0.0473
108,2025-02-15 3:00,1.5,90.36,0.9,9.07,0,吝备,73,55,0.0064,0.0406
108,2025-02-15 4:00,1.17,89.46,1.71,33.16,0,吝备,71,55,0.0036,0.0525
108,2025-02-15 5:00,0.94,87.74,1.91,23.17,0,吝备,73,58,0.0035,0.0514
108,2025-02-15 6:00,0.65,88.32,2.08,34.15,0,吝备,77,59,0.0036,0.0516
108,2025-02-15 7:00,0.46,88.44,2.17,37.59,0,吝备,77,61,0.0039,0.0489
108,2025-02-15 8:00,0.83,89.02,2.12,38.5,0,吝备,82,65,0.0054,0.0488
108,2025-02-15 9:00,2.4,86.19,1.93,53.1,0,吝备,87,68,0.0092,0.045
108,2025-02-15 10:00,3.92,79.05,1.96,64.04,0,吝备,86,69,0.0122,0.0457
108,2025-02-15 11:00,5.21,72.77,1.25,63.35,0,吝备,80,64,0.0251,0.0364
108,2025-02-15 12:00,5.92,69.24,1.38,187.72,0,吝备,68,51,0.0354,0.0272
108,2025-02-15 13:00,6.51,65.39,2.65,199.44,0,吝备,68,54,0.0332,0.0297
108,2025-02-15 14:00,7.24,61.03,2.67,217.59,0,吝备,65,51,0.0454,0.0192
108,2025-02-15 15:00,7.67,58.26,2.6,234.91,0,吝备,53,42,0.0519,0.0149
108,2025-02-15 16:00,7.39,59.67,2.32,277.37,0,吝备,52,41,0.0489,0.0197
108,2025-02-15 17:00,6.97,61.93,2,263.53,0,吝备,47,36,0.0462,0.0191
108,2025-02-15 18:00,6.38,65.85,1.89,254.06,0,吝备,44,33,0.0417,0.0241
108,2025-02-15 19:00,5.93,68.92,1.78,250.78,0,吝备,44,32,0.0401,0.0216
108,2025-02-15 20:00,5.46,71.04,1.33,252.72,0,吝备,31,21,0.0395,0.0197
108,2025-02-15 21:00,5.07,73.48,1.6,265.57,0,吝备,30,21,0.0242,0.0346
108,2025-02-15 22:00,4.56,75.15,1.22,251.72,0,吝备,37,24,0.0239,0.034
108,2025-02-15 23:00,3.8,77.82,0.76,224.26,0,吝备,44,33,0.018,0.0379
108,2025-02-16 0:00,3.06,81.43,0.61,242.15,0,吝备,48,36,0.0091,0.0436
108,2025-02-16 1:00,2.55,84.15,0.56,15.26,0,吝备,50,36,0.0158,0.0342
108,2025-02-16 2:00,2.35,85.97,0.72,12.1,0,吝备,53,37,0.0084,0.0405
108,2025-02-16 3:00,2.24,86.69,1.1,36.23,0,吝备,47,40,0.0097,0.0378
108,2025-02-16 4:00,1.91,87.55,1.48,32.6,0,吝备,51,37,0.0045,0.046
108,2025-02-16 5:00,1.85,88.08,1.78,31.86,0,吝备,47,36,0.0038,0.0482
108,2025-02-16 6:00,1.46,88.66,2.11,34.1,0,吝备,50,41,0.0039,0.0473
108,2025-02-16 7:00,1.38,89.62,1.79,36.89,0,吝备,52,46,0.0038,0.0457
108,2025-02-16 8:00,1.79,90.11,1.73,43.75,0,吝备,55,46,0.0067,0.0433
108,2025-02-16 9:00,3.47,85.01,1.84,55.86,0,吝备,58,51,0.0113,0.0389
108,2025-02-16 10:00,5.46,76.82,1.6,58.8,0,吝备,56,49,0.0193,0.0349
108,2025-02-16 11:00,6.94,72.37,1.63,321.85,0,吝备,48,34,0.0328,0.0233
108,2025-02-16 12:00,8.38,65.68,3.4,211.92,0,吝备,44,31,0.0449,0.0182
108,2025-02-16 13:00,9.01,61.76,3.88,206.44,0,吝备,51,38,0.0587,0.0159
108,2025-02-16 14:00,9.22,63,3.78,212.12,0,吝备,66,55,0.0622,0.0149
108,2025-02-16 15:00,8.89,66.9,3.59,218.64,0,吝备,83,71,0.0595,0.0155
108,2025-02-16 16:00,8.39,70.31,3.58,236.67,0,吝备,96,77,0.0592,0.0167
108,2025-02-16 17:00,7.42,74.58,3.4,250.07,0,吝备,100,78,0.057,0.0176
108,2025-02-16 18:00,6.39,79.8,2.69,248.16,0,吝备,110,94,0.0558,0.017
108,2025-02-16 19:00,5.66,84.74,2.97,239.54,0,吝备,107,88,0.0456,0.0181
108,2025-02-16 20:00,4.67,79.91,3.7,271.63,0,吝备,95,77,0.0443,0.0142
108,2025-02-16 21:00,3.27,74.35,3.74,279.3,0,吝备,95,78,0.0482,0.0128
108,2025-02-16 22:00,1.75,64.24,3.93,272.27,0,吝备,78,58,0.0458,0.0114
108,2025-02-16 23:00,0.85,55.69,3.39,280.55,0,吝备,40,28,0.0415,0.0109
108,2025-02-17 0:00,0.18,49.42,3.01,274.64,0,吝备,25,16,0.0382,0.0114
108,2025-02-17 1:00,-0.32,44.21,3.21,272.04,0,吝备,17,10,0.0379,0.0103
108,2025-02-17 2:00,-0.7,38.72,2.68,275.04,0,吝备,17,9,0.0381,0.0096
108,2025-02-17 3:00,-1.04,35.14,3.3,262,0,吝备,21,8,0.0379,0.0098
108,2025-02-17 4:00,-1.07,33.93,4.07,262.22,0,吝备,28,9,0.0366,0.0102
108,2025-02-17 5:00,-1.28,36.18,3.87,264.29,0,吝备,29,7,0.0336,0.0125
108,2025-02-17 6:00,-1.66,38.99,2.72,255.51,0,吝备,30,8,0.0297,0.0156
108,2025-02-17 7:00,-1.9,42.36,2.54,232.26,0,吝备,29,10,0.0197,0.0258
108,2025-02-17 8:00,-1.38,41.66,2.76,255.08,0,吝备,34,8,0.0221,0.0236
108,2025-02-17 9:00,-0.16,34.8,4.16,290.2,0,吝备,36,8,0.0339,0.0113
108,2025-02-17 10:00,0.55,31.58,4.27,291.87,0,吝备,47,15,0.0361,0.0095
108,2025-02-17 11:00,1.45,29.53,4.09,270.66,0,吝备,36,7,0.0374,0.0087
108,2025-02-17 12:00,2.32,29.51,4.13,264.26,0,吝备,31,5,0.0386,0.0088
108,2025-02-17 13:00,2.7,27.91,4.31,285.39,0,吝备,33,11,0.0407,0.0088
108,2025-02-17 14:00,2.9,28.42,4.35,290.37,0,吝备,33,13,0.0416,0.0089
108,2025-02-17 15:00,3.3,29.19,4.15,261.27,0,吝备,26,9,0.0408,0.0099
108,2025-02-17 16:00,2.83,29.61,4.69,273.31,0,吝备,22,7,0.041,0.0089
108,2025-02-17 17:00,1.78,33.92,3.95,273.93,0,吝备,20,9,0.0391,0.0105
108,2025-02-17 18:00,0.45,38.12,3.45,267.9,0,吝备,19,7,0.0378,0.0114
108,2025-02-17 19:00,-0.36,41.83,3.1,275.79,0,吝备,17,7,0.034,0.0142
108,2025-02-17 20:00,-1.14,45.35,4.27,296.44,0,吝备,17,10,0.0374,0.0102
108,2025-02-17 21:00,-2.01,50.91,4.05,302.84,0,吝备,21,13,0.0371,0.009
108,2025-02-17 22:00,-2.71,55.34,3.04,279.95,0,吝备,24,15,0.0355,0.0106
108,2025-02-17 23:00,-3.15,56.7,2.5,280.37,0,吝备,24,15,0.0343,0.0114
108,2025-02-18 0:00,-3.65,56.75,1.29,250.88,0,吝备,21,14,0.0338,0.0118
108,2025-02-18 1:00,-3.78,58.26,2.53,263.58,0,吝备,19,14,0.0343,0.0105
108,2025-02-18 2:00,-3.95,58.78,2.36,255.16,0,吝备,22,11,0.0327,0.0107
108,2025-02-18 3:00,-4.1,56.09,2.51,270.24,0,吝备,21,14,0.0311,0.0109
108,2025-02-18 4:00,-4.27,50.95,2.61,270.67,0,吝备,20,13,0.0284,0.0131
108,2025-02-18 5:00,-4.56,45.88,2.7,273.62,0,吝备,21,12,0.0273,0.0138
108,2025-02-18 6:00,-4.88,45.14,2.24,278.72,0,吝备,22,13,0.0253,0.0156
108,2025-02-18 7:00,-5.11,46.32,2.13,265.08,0,吝备,22,14,0.0179,0.0235
108,2025-02-18 8:00,-4.43,45.39,2.34,268.25,0,吝备,28,13,0.0196,0.0221
108,2025-02-18 9:00,-2.7,40.3,3,288.68,0,吝备,22,7,0.0266,0.0156
108,2025-02-18 10:00,-1.21,35.21,4.81,282.07,0,吝备,31,16,0.0347,0.0093
108,2025-02-18 11:00,-0.43,32.57,4.92,288.5,0,吝备,25,11,0.0381,0.0071
108,2025-02-18 12:00,0.36,31.18,4.78,287.34,0,吝备,25,11,0.0397,0.0067
108,2025-02-18 13:00,1.46,24.9,4.74,271.4,0,吝备,24,11,0.0402,0.007
108,2025-02-18 14:00,1.87,22.94,5.22,281,0,吝备,24,10,0.0415,0.0068
108,2025-02-18 15:00,2.27,22.97,5.05,271.88,0,吝备,18,7,0.0419,0.0078
108,2025-02-18 16:00,1.95,23.26,4.68,267.39,0,吝备,12,5,0.0409,0.0082
108,2025-02-18 17:00,0.99,25.06,4.56,272.8,0,吝备,10,3,0.0403,0.0086
108,2025-02-18 18:00,-0.46,31.19,3.59,268.02,0,吝备,11,4,0.0365,0.0114
108,2025-02-18 19:00,-1.47,33.74,3.9,277.34,0,吝备,12,5,0.0351,0.0107
108,2025-02-18 20:00,-2.48,38.84,3.69,270.28,0,吝备,12,6,0.0343,0.0102
108,2025-02-18 21:00,-3.27,44.31,3.72,289.22,0,吝备,18,11,0.0336,0.01
108,2025-02-18 22:00,-4.06,48.03,1.7,273.16,0,吝备,23,11,0.0319,0.0093
108,2025-02-18 23:00,-4.55,49.21,2.16,261.63,0,吝备,23,11,0.0291,0.0112
108,2025-02-19 0:00,-4.77,49.86,2.42,250.86,0,吝备,21,9,0.0291,0.0106
108,2025-02-19 1:00,-5.11,51.83,1.76,248.28,0,吝备,20,11,0.0285,0.0109
108,2025-02-19 2:00,-5.49,53.09,1.77,260.41,0,吝备,20,11,0.0247,0.0154
108,2025-02-19 3:00,-5.58,54.31,1.31,281.05,0,吝备,19,11,0.0252,0.0149
108,2025-02-19 4:00,-5.71,56.25,1.53,261.59,0,吝备,19,9,0.0244,0.0147
108,2025-02-19 5:00,-5.55,57.57,2.37,261.07,0,吝备,17,12,0.0195,0.0194
108,2025-02-19 6:00,-5.32,57.1,2.65,262.18,0,吝备,20,11,0.0188,0.0199
108,2025-02-19 7:00,-5.41,58.62,2.76,262.94,0,吝备,23,15,0.0131,0.0242
108,2025-02-19 8:00,-5.02,59.36,2.83,287.43,0,吝备,24,15,0.0153,0.0208
108,2025-02-19 9:00,-3.93,53.08,3.77,285.55,0,吝备,24,13,0.0204,0.0159
108,2025-02-19 10:00,-2.68,42.85,3.87,289.83,0,吝备,30,17,0.0284,0.011
108,2025-02-19 11:00,-1.84,39.69,4.2,284.31,0,吝备,23,13,0.0329,0.0082
108,2025-02-19 12:00,-0.91,39.49,3.68,279.81,0,吝备,19,8,0.0341,0.0085
108,2025-02-19 13:00,-0.38,36.96,4.05,290.22,0,吝备,24,17,0.0388,0.007
108,2025-02-19 14:00,0.41,33.24,4.17,275.03,0,吝备,22,14,0.0396,0.0088
108,2025-02-19 15:00,0.88,30.33,3.84,278.93,0,吝备,22,10,0.0398,0.0075
108,2025-02-19 16:00,0.77,28.88,3.99,290.78,0,吝备,20,8,0.0393,0.0077
108,2025-02-19 17:00,0.22,28.87,3.58,278.42,0,吝备,16,7,0.0363,0.01
108,2025-02-19 18:00,-1,32.17,3.03,281.72,0,吝备,17,9,0.0321,0.0128
108,2025-02-19 19:00,-1.94,35.73,3.52,279.15,0,吝备,15,7,0.0313,0.0111
108,2025-02-19 20:00,-2.71,39.33,3.88,294.92,0,吝备,20,11,0.0315,0.0096
108,2025-02-19 21:00,-3.41,43.91,3.09,295.18,0,吝备,25,12,0.0305,0.0099
108,2025-02-19 22:00,-3.97,45.47,2.86,309.05,0,吝备,26,15,0.03,0.0098
108,2025-02-19 23:00,-4.58,47.13,1.9,336.71,0,吝备,26,17,0.0291,0.0103
108,2025-02-20 0:00,-5.27,48.32,1.52,262.55,0,吝备,26,16,0.0263,0.0129
108,2025-02-20 1:00,-5.55,50.19,1.53,285.64,0,吝备,23,18,0.0233,0.016
108,2025-02-20 2:00,-5.62,52.24,1.74,275.85,0,吝备,25,15,0.0221,0.0168
108,2025-02-20 3:00,-5.75,54.08,1,308.64,0,吝备,24,16,0.0212,0.0177
108,2025-02-20 4:00,-6.27,55.84,0.74,288.05,0,吝备,26,15,0.0206,0.0177
108,2025-02-20 5:00,-6.32,57.7,1.09,290.11,0,吝备,25,16,0.0152,0.0237
108,2025-02-20 6:00,-6.36,59.37,0.74,302.99,0,吝备,21,15,0.0071,0.0333
108,2025-02-20 7:00,-6.29,60.9,1.24,294.99,0,吝备,24,17,0.0039,0.0387
108,2025-02-20 8:00,-5.3,58.7,1.9,287.23,0,吝备,24,16,0.0109,0.0299
108,2025-02-20 9:00,-3.41,49.22,2.82,287.39,0,吝备,19,11,0.0231,0.0173
108,2025-02-20 10:00,-1.9,42.76,2.69,300.68,0,吝备,28,20,0.0225,0.0196
108,2025-02-20 11:00,-0.92,34.21,4.33,299.64,0,吝备,21,14,0.0362,0.0076
108,2025-02-20 12:00,-0.37,31.82,4.65,297.63,0,吝备,18,10,0.0388,0.0066
108,2025-02-20 13:00,0.41,31.59,3.91,291.57,0,吝备,22,13,0.0394,0.007
108,2025-02-20 14:00,1,31.76,3.98,299.09,0,吝备,25,20,0.0413,0.0071
108,2025-02-20 15:00,1.41,31.21,4.27,273.11,0,吝备,22,14,0.0414,0.0081
108,2025-02-20 16:00,1.52,30.46,3.89,269.76,0,吝备,21,11,0.0394,0.008
108,2025-02-20 17:00,0.61,28.81,3.55,273.4,0,吝备,18,10,0.0376,0.0094
108,2025-02-20 18:00,-0.98,29,3.85,275.58,0,吝备,17,9,0.0352,0.0101
108,2025-02-20 19:00,-1.71,31.08,3.32,275.04,0,吝备,14,7,0.0321,0.0115
108,2025-02-20 20:00,-2.33,34.39,3.16,288.98,0,吝备,17,11,0.0305,0.0117
108,2025-02-20 21:00,-3.09,37.91,3.42,284.25,0,吝备,17,8,0.0322,0.0099
108,2025-02-20 22:00,-3.89,46.4,3.09,297.24,0,吝备,23,13,0.0302,0.01
108,2025-02-20 23:00,-4.58,51.08,2.89,320.41,0,吝备,29,19,0.0307,0.0083
108,2025-02-21 0:00,-5.11,53.16,2.3,284.07,0,吝备,31,20,0.0271,0.0124
108,2025-02-21 1:00,-5.58,53.5,1.61,280.73,0,吝备,31,20,0.0292,0.0104
108,2025-02-21 2:00,-5.96,55.81,1.55,279.07,0,吝备,27,18,0.0234,0.0162
108,2025-02-21 3:00,-6.18,58.03,1.22,287.82,0,吝备,27,17,0.0247,0.0136
108,2025-02-21 4:00,-6.17,60.23,1.31,288.22,0,吝备,26,15,0.0148,0.0243
108,2025-02-21 5:00,-6.22,61.68,1.52,291.96,0,吝备,24,15,0.012,0.0279
108,2025-02-21 6:00,-6.14,62.87,1.5,291.72,0,吝备,25,16,0.0079,0.0326
108,2025-02-21 7:00,-6.13,64.23,1.41,287.52,0,吝备,25,16,0.0056,0.0355
108,2025-02-21 8:00,-5.62,62.49,1.68,285.86,0,吝备,24,17,0.0136,0.0269
108,2025-02-21 9:00,-3.76,54.43,2.36,300.75,0,吝备,20,14,0.0234,0.0165
108,2025-02-21 10:00,-2.2,46.52,2.58,296.89,0,吝备,29,17,0.0263,0.0151
108,2025-02-21 11:00,-0.73,38.26,3.1,296.41,0,吝备,23,15,0.0288,0.0149
108,2025-02-21 12:00,0.15,34.11,3.16,293.68,0,吝备,22,15,0.0359,0.0102
108,2025-02-21 13:00,1.65,32.53,3.18,257.45,0,吝备,31,22,0.0373,0.012
108,2025-02-21 14:00,2.15,33.02,3.98,250.9,0,吝备,32,25,0.0392,0.0109
108,2025-02-21 15:00,1.95,35.22,4.15,242.7,0,吝备,31,21,0.0401,0.0105
108,2025-02-21 16:00,1.82,35.34,3.62,245.16,0,吝备,28,16,0.0423,0.0092
108,2025-02-21 17:00,1.12,33.68,4.2,251.75,0,吝备,27,17,0.0372,0.0115
108,2025-02-21 18:00,-0.32,28,3.89,272.27,0,吝备,20,13,0.0356,0.0115
108,2025-02-21 19:00,-1.15,33.85,3.92,267.76,0,吝备,25,12,0.0341,0.012
108,2025-02-21 20:00,-1.67,38.39,4.2,270.33,0,吝备,24,12,0.0365,0.0096
108,2025-02-21 21:00,-2.26,39.33,3.71,275.3,0,吝备,25,18,0.036,0.0096
108,2025-02-21 22:00,-2.81,39.74,2.93,273.16,0,吝备,27,17,0.0348,0.0111
108,2025-02-21 23:00,-3.27,43.8,2.63,266.8,0,吝备,27,20,0.0329,0.0119
108,2025-02-22 0:00,-3.57,50.16,2.53,266.75,0,吝备,26,18,0.0332,0.0107
108,2025-02-22 1:00,-4.03,54.45,1.61,282.18,0,吝备,26,15,0.0321,0.011
108,2025-02-22 2:00,-4.63,58.33,1.12,274.6,0,吝备,21,15,0.0317,0.0103
108,2025-02-22 3:00,-4.92,63.07,1.25,274.16,0,吝备,22,16,0.0303,0.0118
108,2025-02-22 4:00,-5.37,65.48,1.35,273.91,0,吝备,24,16,0.0215,0.0211
108,2025-02-22 5:00,-5.06,69.46,2.26,283.43,0,吝备,25,18,0.0189,0.0225
108,2025-02-22 6:00,-5.22,70.12,2.2,281.33,0,吝备,25,17,0.0164,0.0257
108,2025-02-22 7:00,-5.45,71.28,2.06,273.16,0,吝备,28,23,0.0186,0.022
108,2025-02-22 8:00,-4.84,67.58,2.48,261.77,0,吝备,28,21,0.0218,0.0176
108,2025-02-22 9:00,-3.53,58.8,2.64,291.66,0,吝备,26,13,0.0258,0.0153
108,2025-02-22 10:00,-1.76,48.17,2.08,294.29,0,吝备,40,19,0.0265,0.0165
108,2025-02-22 11:00,0.01,37.9,3.1,250.41,0,吝备,30,18,0.0321,0.0124
108,2025-02-22 12:00,0.62,31.22,3.39,281.31,0,吝备,21,9,0.037,0.0095
108,2025-02-22 13:00,2.02,32.97,3.3,249.21,0,吝备,28,17,0.036,0.0112
108,2025-02-22 14:00,2.16,33.96,4.12,248.78,0,吝备,35,27,0.0397,0.0102
108,2025-02-22 15:00,1.97,36.66,3.76,250.73,0,吝备,34,24,0.0404,0.011
108,2025-02-22 16:00,1.84,34.71,3.4,253.6,0,吝备,35,26,0.0421,0.0096
108,2025-02-22 17:00,0.96,38.6,3.19,255.11,0,吝备,33,24,0.0392,0.0129
108,2025-02-22 18:00,-0.52,45.03,3.17,234.3,0,吝备,31,26,0.0375,0.0137
108,2025-02-22 19:00,-1.2,49.03,3.07,250.42,0,吝备,28,22,0.036,0.0136
108,2025-02-22 20:00,-1.67,42.58,3.23,276.76,0,吝备,25,19,0.0329,0.0138
108,2025-02-22 21:00,-2.71,38.85,3.13,291.11,0,吝备,25,15,0.0334,0.0102
108,2025-02-22 22:00,-3.58,45.9,4.03,306.79,0,吝备,30,20,0.0343,0.0086
108,2025-02-22 23:00,-4.36,49.39,2.88,293.35,0,吝备,30,21,0.0341,0.0085
108,2025-02-23 0:00,-5.21,51.3,1.25,266.71,0,吝备,29,18,0.0313,0.0112
108,2025-02-23 1:00,-5.7,53.24,1.62,266.42,0,吝备,25,20,0.0314,0.0115
108,2025-02-23 2:00,-5.79,55.06,1.65,268.01,0,吝备,28,18,0.0293,0.0131
108,2025-02-23 3:00,-6.03,55.56,0.95,326.36,0,吝备,25,20,0.026,0.017
108,2025-02-23 4:00,-6.29,55.96,0.74,287.61,0,吝备,25,18,0.0201,0.0222
108,2025-02-23 5:00,-6.37,57.51,1.92,268.83,0,吝备,24,16,0.0198,0.0233
108,2025-02-23 6:00,-6.1,57.58,2.09,274.27,0,吝备,26,18,0.0252,0.0157
108,2025-02-23 7:00,-6.31,58.36,1.98,270.6,0,吝备,26,19,0.0229,0.0162
108,2025-02-23 8:00,-5.51,56.2,2.73,271.91,0,吝备,29,20,0.0257,0.0137
108,2025-02-23 9:00,-4.16,47.25,3.52,287.65,0,吝备,24,15,0.0311,0.0098
108,2025-02-23 10:00,-2.77,40.43,3.71,271.89,0,吝备,28,21,0.0347,0.0073
108,2025-02-23 11:00,-1.75,37.75,4.42,265.71,0,吝备,27,14,0.0367,0.0067
108,2025-02-23 12:00,-1.29,36.39,4.21,285.79,0,吝备,26,16,0.0381,0.0067
108,2025-02-23 13:00,-0.73,32.93,3.99,278.37,0,吝备,30,18,0.0405,0.0059
108,2025-02-23 14:00,-0.34,31.43,4.86,278.41,0,吝备,31,25,0.0424,0.0061
108,2025-02-23 15:00,0.17,30.44,4.51,274.52,0,吝备,28,18,0.0436,0.0062
108,2025-02-23 16:00,0.06,30.07,4.55,265.7,0,吝备,27,16,0.0431,0.0064
108,2025-02-23 17:00,-0.73,32.65,4.17,281.8,0,吝备,23,13,0.0413,0.0066
108,2025-02-23 18:00,-2.1,36.07,3.57,287.58,0,吝备,27,14,0.0381,0.0092
108,2025-02-23 19:00,-2.9,39.77,3.7,285.18,0,吝备,28,16,0.037,0.0088
108,2025-02-23 20:00,-3.46,43.97,3.66,293.96,0,吝备,32,19,0.035,0.0092
108,2025-02-23 21:00,-4.01,46.74,3.26,303.9,0,吝备,32,21,0.0342,0.0093
108,2025-02-23 22:00,-4.56,49.06,2.28,293.97,0,吝备,31,20,0.0314,0.0112
108,2025-02-23 23:00,-5.05,50.12,2.17,247.06,0,吝备,26,18,0.0319,0.0108
108,2025-02-24 0:00,-5.53,52.49,1.89,237.74,0,吝备,26,15,0.0308,0.0116
108,2025-02-24 1:00,-5.67,53.1,1.72,232.92,0,吝备,23,14,0.0309,0.0111
108,2025-02-24 2:00,-6.05,54.74,1.65,249.06,0,吝备,20,18,0.0303,0.0116
108,2025-02-24 3:00,-6.09,56.51,1.37,274.41,0,吝备,23,14,0.0246,0.018
108,2025-02-24 4:00,-6.11,58.32,1.58,253.47,0,吝备,23,14,0.0258,0.0157
108,2025-02-24 5:00,-6.1,59.92,1.6,255.24,0,吝备,24,16,0.0205,0.0209
108,2025-02-24 6:00,-6.08,61.28,1.17,285.39,0,吝备,24,16,0.0138,0.0283
108,2025-02-24 7:00,-6.21,62.8,0.91,287.17,0,吝备,25,18,0.0124,0.0294
108,2025-02-24 8:00,-4.97,60.13,2.08,284.06,0,吝备,28,19,0.0187,0.0226
108,2025-02-24 9:00,-3.08,49.81,2.63,286.54,0,吝备,24,14,0.0267,0.0157
108,2025-02-24 10:00,-1.47,42.13,2.65,292.73,0,吝备,30,17,0.0279,0.0164
108,2025-02-24 11:00,-0.17,36.9,3.25,280.57,0,吝备,22,19,0.0367,0.0096
108,2025-02-24 12:00,1.06,33.92,3.4,291.46,0,吝备,24,17,0.0383,0.0101
108,2025-02-24 13:00,1.85,31.98,4.35,303.2,0,吝备,30,22,0.0426,0.0077
108,2025-02-24 14:00,3.22,30.57,3.72,280.15,0,吝备,29,22,0.0437,0.0081
108,2025-02-24 15:00,4.04,30.46,3.89,263.86,0,吝备,25,17,0.0412,0.0103
108,2025-02-24 16:00,4.27,32.46,3.36,239.42,0,吝备,27,20,0.0402,0.013
108,2025-02-24 17:00,3.55,34.42,3.28,227.32,0,吝备,28,16,0.0343,0.0174
108,2025-02-24 18:00,2.08,39.93,3.05,218.86,0,吝备,30,18,0.0256,0.026
108,2025-02-24 19:00,1.12,44.37,2.02,228.2,0,吝备,30,17,0.0221,0.0289
108,2025-02-24 20:00,0.41,51.08,1.55,236.96,0,吝备,27,15,0.0149,0.0359
108,2025-02-24 21:00,0.24,60.86,2.3,254.63,0,吝备,26,13,0.0168,0.0343
108,2025-02-24 22:00,-0.04,66.41,1.69,262.61,0,吝备,23,11,0.0249,0.0232
108,2025-02-24 23:00,-0.86,68.12,0.26,293.75,0,吝备,26,11,0.0205,0.0269
108,2025-02-25 0:00,-1.52,70.66,1.21,219.53,0,吝备,23,15,0.0136,0.0338
108,2025-02-25 1:00,-1.43,74.62,1.72,252.54,0,吝备,25,14,0.0087,0.0394
108,2025-02-25 2:00,-1.64,76.86,1.53,241.59,0,吝备,27,17,0.0049,0.0445
108,2025-02-25 3:00,-1.69,79.3,1.58,215.38,0,吝备,28,17,0.0011,0.0477
108,2025-02-25 4:00,-2.07,81.3,0.54,214.38,0,吝备,32,17,0.0005,0.0457
108,2025-02-25 5:00,-2.44,83.29,1.45,30.14,0,吝备,32,21,0.0025,0.0412
108,2025-02-25 6:00,-2.83,84.03,2.29,22.48,0,吝备,33,22,0.0001,0.05
108,2025-02-25 7:00,-2.98,82.69,1.91,25.39,0,吝备,33,23,0.0005,0.0524
108,2025-02-25 8:00,-2.05,81.42,1.82,31.18,0,吝备,38,23,0.0028,0.0533
108,2025-02-25 9:00,0.93,73.66,1.7,139.28,0,吝备,35,22,0.0072,0.0474
108,2025-02-25 10:00,3.91,60.39,3.31,202.58,0,吝备,30,17,0.0243,0.0304
108,2025-02-25 11:00,5.03,54.9,4.23,220.26,0,吝备,20,12,0.0358,0.021
108,2025-02-25 12:00,5.43,53.5,4.55,222.74,0,吝备,,,,
108,2025-02-25 13:00,5.44,54.18,4.38,219.01,0,吝备,,,,
108,2025-02-25 14:00,5.26,58.38,4.75,223.09,0,吝备,,,0.0348,0.018
108,2025-02-25 15:00,5.47,61.02,4.17,208.21,0,吝备,18,10,0.041,0.0154
108,2025-02-25 16:00,5.57,60.68,4.7,222.19,0,吝备,18,12,0.0427,0.0169
108,2025-02-25 17:00,5.17,63.14,4.28,212.67,0,吝备,23,16,0.0438,0.0169
108,2025-02-25 18:00,4.83,67.58,4.29,217.79,0,吝备,23,18,0.0453,0.0173
108,2025-02-25 19:00,4.59,70.29,3.57,212.44,0,吝备,28,19,0.0428,0.0197
108,2025-02-25 20:00,4.37,74.1,3.69,214.64,0,吝备,28,19,0.0406,0.0197
108,2025-02-25 21:00,3.88,76.74,2.76,219.49,0,吝备,30,19,0.0374,0.021
108,2025-02-25 22:00,3.43,79.58,2.37,209.74,0,吝备,28,20,0.0363,0.0202
108,2025-02-25 23:00,3.05,82.03,2.07,206.38,0,吝备,37,24,0.0336,0.0223
108,2025-02-26 0:00,2.94,83.69,1.86,219.92,0,吝备,42,29,0.0324,0.0241
108,2025-02-26 1:00,3.15,84.08,1.76,239.53,0,吝备,49,36,0.0356,0.0221
108,2025-02-26 2:00,3.27,83.75,1.28,221.8,0,吝备,58,45,0.0381,0.0214
108,2025-02-26 3:00,3.25,85.13,1.85,243.44,0,吝备,70,53,0.0389,0.0214
108,2025-02-26 4:00,2.8,86.63,1.98,254.99,0,吝备,76,59,0.0293,0.0308
108,2025-02-26 5:00,2.17,87.39,2.44,258.38,0,吝备,85,66,0.0299,0.0305
108,2025-02-26 6:00,1.62,86.83,1.39,267.25,0,吝备,83,64,0.0329,0.0247
108,2025-02-26 7:00,1.11,89.23,2.04,263.19,0,吝备,86,70,0.0207,0.036
108,2025-02-26 8:00,1.44,89.28,2.84,268.3,0,吝备,88,75,0.0211,0.0349
108,2025-02-26 9:00,1.99,72.57,3.08,288.8,0,吝备,88,68,0.0307,0.0245
108,2025-02-26 10:00,2.99,58.45,3.39,300.31,0,吝备,77,44,0.0331,0.0221
108,2025-02-26 11:00,4.52,41.59,3.03,292.91,0,吝备,63,34,0.0375,0.0187
108,2025-02-26 12:00,6.02,24.55,3.22,290.91,0,吝备,47,15,0.044,0.0121
108,2025-02-26 13:00,7.09,18.34,4.18,294.21,0,吝备,41,13,0.0489,0.009
108,2025-02-26 14:00,8.27,19.91,4.08,283.4,0,吝备,37,9,0.0488,0.0112
108,2025-02-26 15:00,8.65,22.37,4.54,249.71,0,吝备,45,11,0.0488,0.0124
108,2025-02-26 16:00,8.26,21.97,3.94,255.85,0,吝备,45,14,0.0488,0.0137
108,2025-02-26 17:00,7.13,22.3,3.6,240.2,0,吝备,43,13,0.0474,0.0138
108,2025-02-26 18:00,5.22,24.2,2.67,250.59,0,吝备,40,15,0.0367,0.0229
108,2025-02-26 19:00,3.99,23.88,2.36,257.54,0,吝备,34,12,0.0294,0.0286
108,2025-02-26 20:00,2.73,24,1.43,260.34,0,吝备,32,10,0.0202,0.0374
108,2025-02-26 21:00,1.99,26.75,1.68,241.62,0,吝备,28,9,0.0263,0.0286
108,2025-02-26 22:00,1.32,30.44,1.51,265.58,0,吝备,26,8,0.0131,0.043
108,2025-02-26 23:00,0.89,33.58,1.29,264.55,0,吝备,28,11,0.005,0.0547
108,2025-02-27 0:00,0.71,37.72,1.1,281.49,0,吝备,29,8,0.0039,0.0536
108,2025-02-27 1:00,0.25,41.04,0.78,278.92,0,吝备,30,10,0.0036,0.0494
108,2025-02-27 2:00,-0.34,42.42,1.27,39.71,0,吝备,26,9,0.0104,0.0387
108,2025-02-27 3:00,-0.91,42.71,1.52,43.05,0,吝备,28,10,0.0031,0.0502
108,2025-02-27 4:00,-1.28,43.51,1.79,32.46,0,吝备,26,11,0.0027,0.0506
108,2025-02-27 5:00,-1.48,45.11,2.08,28.08,0,吝备,23,10,0.0025,0.0508
108,2025-02-27 6:00,-1.78,46.21,1.63,43.34,0,吝备,26,11,0.0023,0.0515
108,2025-02-27 7:00,-1.86,47.13,1.92,34.78,0,吝备,27,12,0.0026,0.055
108,2025-02-27 8:00,-0.51,43.83,1.65,45.91,0,吝备,30,14,0.0047,0.0512
108,2025-02-27 9:00,2.91,35.16,1.82,54.01,0,吝备,29,11,0.0083,0.0497
108,2025-02-27 10:00,5.68,27.92,2.15,48.49,0,吝备,43,18,0.0123,0.0492
108,2025-02-27 11:00,8.12,21.94,1.91,126.97,0,吝备,34,13,0.0237,0.037
108,2025-02-27 12:00,10.64,17.98,2.21,182.49,0,吝备,30,11,0.0256,0.0379
108,2025-02-27 13:00,12.3,15.34,2.71,201.11,0,吝备,33,15,0.0348,0.0317
108,2025-02-27 14:00,13.52,13.95,3.08,202.24,0,吝备,31,22,0.0524,0.0187
108,2025-02-27 15:00,13.91,13.01,3.18,244.74,0,吝备,26,11,0.0539,0.0162
108,2025-02-27 16:00,13.66,13.62,2.85,261.26,0,吝备,25,10,0.0553,0.0158
108,2025-02-27 17:00,12.51,15.84,2,273.94,0,吝备,27,15,0.0526,0.0211
108,2025-02-27 18:00,10.63,19.52,1.38,285.74,0,吝备,33,15,0.0449,0.0332
108,2025-02-27 19:00,8.93,23.15,1.8,274.29,0,吝备,36,21,0.025,0.054
108,2025-02-27 20:00,7.72,26.76,2.24,277.46,0,吝备,42,23,0.0304,0.0449
108,2025-02-27 21:00,6.73,27.03,1.58,254.03,0,吝备,41,23,0.0363,0.0333
108,2025-02-27 22:00,5.49,28.93,1.08,218.81,0,吝备,38,24,0.0173,0.0536
108,2025-02-27 23:00,4.91,30.8,0.99,204.26,0,吝备,44,28,0.0046,0.071
108,2025-02-28 0:00,5.1,28.82,0.37,254.92,0,吝备,42,25,0.0048,0.0662
,2025-02-28 1:00,,,,,,吝备,33,21,0.0113,0.0516
,2025-02-28 2:00,,,,,,吝备,29,18,0.0073,0.0579
,2025-02-28 3:00,,,,,,吝备,36,28,0.0049,0.0655
,2025-02-28 4:00,,,,,,吝备,42,31,0.0047,0.0647
,2025-02-28 5:00,,,,,,吝备,41,29,0.0047,0.0648
,2025-02-28 6:00,,,,,,吝备,42,30,0.0046,0.0635
,2025-02-28 7:00,,,,,,吝备,42,30,0.0053,0.065
,2025-02-28 8:00,,,,,,吝备,43,29,0.0058,0.0675
,2025-02-28 9:00,,,,,,吝备,52,34,0.0063,0.0718
,2025-02-28 10:00,,,,,,吝备,53,38,0.0123,0.0617
,2025-02-28 11:00,,,,,,吝备,49,32,0.0227,0.0506
,2025-02-28 12:00,,,,,,吝备,55,38,0.028,0.0502
,2025-02-28 13:00,,,,,,吝备,54,37,0.0415,0.0356
,2025-02-28 14:00,,,,,,吝备,46,32,0.049,0.0247
,2025-02-28 15:00,,,,,,吝备,36,28,0.0523,0.0209
,2025-02-28 16:00,,,,,,吝备,35,25,0.0499,0.0248
,2025-02-28 17:00,,,,,,吝备,38,28,0.0487,0.0251
,2025-02-28 18:00,,,,,,吝备,40,28,0.047,0.0252
,2025-02-28 19:00,,,,,,吝备,38,30,0.0262,0.0454
,2025-02-28 20:00,,,,,,吝备,45,35,0.0089,0.0634
,2025-02-28 21:00,,,,,,吝备,49,39,0.0089,0.0589
,2025-02-28 22:00,,,,,,吝备,53,42,0.0059,0.0575
,2025-02-28 23:00,,,,,,吝备,55,47,0.0055,0.0549
108,2025-03-01 0:00,5.79,76.76,1.89,26.96,0,吝备,56,47,0.0058,0.0534
108,2025-03-01 1:00,5.23,78.74,1.13,64.13,0,吝备,55,48,0.0047,0.0593
108,2025-03-01 2:00,4.8,80.81,1.93,25.77,0,吝备,57,49,0.0046,0.0542
108,2025-03-01 3:00,4.44,81.62,1.76,28.03,0,吝备,56,48,0.0047,0.0533
108,2025-03-01 4:00,3.87,83.1,2.31,26.06,0,吝备,58,50,0.0052,0.0494
108,2025-03-01 5:00,3.51,84.04,1.61,50.44,0,吝备,61,54,0.0074,0.0441
108,2025-03-01 6:00,3.45,84.72,2.08,51.95,0,吝备,66,57,0.0055,0.0442
108,2025-03-01 7:00,3.7,84.14,2.03,55.34,0,吝备,70,62,0.0064,0.0437
108,2025-03-01 8:00,4.81,81.39,2,67.13,0,吝备,67,64,0.0086,0.0428
108,2025-03-01 9:00,6.11,73.13,3.03,55.01,0,吝备,71,63,0.0126,0.0403
108,2025-03-01 10:00,7.69,65.75,3.07,54.55,0,吝备,70,61,0.0231,0.0337
108,2025-03-01 11:00,11.18,53.91,2.61,67.03,0,吝备,68,58,0.0378,0.0259
108,2025-03-01 12:00,12.75,48.58,1.82,64.55,0,吝备,66,56,0.0389,0.031
108,2025-03-01 13:00,12.51,49.47,1.61,44.41,0,吝备,60,53,0.0331,0.0379
108,2025-03-01 14:00,11.97,55.41,1.84,75.32,0.11,吝备,64,52,0.0251,0.0448
108,2025-03-01 15:00,11.7,64.21,2.16,57.37,0.56,吝备,67,51,0.0239,0.0463
108,2025-03-01 16:00,12.47,60.5,1.8,45.67,0.6,吝备,59,46,0.0311,0.0392
108,2025-03-01 17:00,12.42,58.63,1.62,82.54,0.6,吝备,58,48,0.0236,0.0488
108,2025-03-01 18:00,11.87,59.71,1.44,15.36,0.6,吝备,58,55,0.0233,0.047
108,2025-03-01 19:00,10.69,63.92,2.19,28.54,0.6,吝备,64,56,0.014,0.0566
108,2025-03-01 20:00,9.8,65.39,1.79,40.64,0.6,吝备,67,58,0.0101,0.0596
108,2025-03-01 21:00,9.26,68.7,1.53,39.65,0.6,吝备,68,58,0.0065,0.0606
108,2025-03-01 22:00,9.25,69.16,1.8,65.7,0.6,吝备,63,53,0.0073,0.0571
108,2025-03-01 23:00,9.15,68.66,2.69,66.01,0.6,吝备,62,50,0.0122,0.0488
108,2025-03-02 0:00,8.69,69.58,1.91,47.5,0.01,吝备,58,49,0.0174,0.0416
108,2025-03-02 1:00,8.7,68.42,2.48,62.1,0,吝备,53,46,0.0248,0.0332
108,2025-03-02 2:00,8.49,67.66,1.48,75.11,0,吝备,50,41,0.0235,0.0336
108,2025-03-02 3:00,8.57,69.15,1.7,19.51,0,吝备,49,42,0.0133,0.0433
108,2025-03-02 4:00,8.6,69.96,1.37,12.22,0,吝备,54,45,0.0089,0.0471
108,2025-03-02 5:00,8.55,68.55,0.91,67.8,0,吝备,54,44,0.0137,0.04
108,2025-03-02 6:00,8.43,67.38,0.99,51.17,0,吝备,55,49,0.0175,0.0341
108,2025-03-02 7:00,8.44,66.05,1.67,70.62,0,吝备,58,52,0.0169,0.0365
108,2025-03-02 8:00,8.81,63.11,2.71,60.14,0,吝备,59,48,0.0221,0.0332
108,2025-03-02 9:00,9.58,58.89,2.62,64.14,0,吝备,49,39,0.0323,0.0266
108,2025-03-02 10:00,11.03,52.71,3.11,51.18,0,吝备,45,37,0.0373,0.025
108,2025-03-02 11:00,12.56,45.88,3.49,57.17,0,吝备,45,34,0.0424,0.0219
108,2025-03-02 12:00,14.82,38.06,4.75,51.16,0,吝备,42,30,0.0502,0.019
108,2025-03-02 13:00,15.25,31.54,4.5,65.52,0,吝备,45,28,0.0583,0.0154
108,2025-03-02 14:00,14.17,35.75,3.86,70.3,0,吝备,49,32,0.0547,0.0176
108,2025-03-02 15:00,12,55.87,4.96,69.42,0,吝备,55,36,0.0578,0.0148
108,2025-03-02 16:00,9.01,77.7,6.08,53.16,0.92,吝备,52,36,0.0527,0.012
108,2025-03-02 17:00,7.59,84.85,5.11,50.86,3.06,吝备,22,13,0.0452,0.0121
108,2025-03-02 18:00,6.44,87.57,5.83,58.72,6.24,吝备,15,10,0.0425,0.0125
108,2025-03-02 19:00,5.3,86.72,5.99,60.68,7.85,吝备,11,9,0.0416,0.0119
108,2025-03-02 20:00,4.46,87.03,5.43,54.35,8.65,吝备,7,4,0.0422,0.0115
108,2025-03-02 21:00,3.87,84.39,5.87,54.97,9.16,吝备,7,1,0.0428,0.0111
108,2025-03-02 22:00,3.34,80.91,6.3,59.75,9.32,吝备,5,1,0.0457,0.0094
108,2025-03-02 23:00,2.56,84.64,6.57,56.44,10.56,吝备,6,2,0.0469,0.0089
108,2025-03-03 0:00,2.07,90.41,5.95,57.44,1.75,吝备,5,2,0.0462,0.0088
108,2025-03-03 1:00,1.86,91.54,6.78,52.58,5.42,吝备,3,1,0.0474,0.0074
108,2025-03-03 2:00,1.77,91.52,6.35,53.83,8.31,吝备,3,1,0.0473,0.0076
108,2025-03-03 3:00,1.62,88.15,6.45,53.96,9.23,吝备,3,1,0.0495,0.007
108,2025-03-03 4:00,1.35,88.77,6.09,52.66,9.86,吝备,3,1,0.0494,0.0074
108,2025-03-03 5:00,1.28,87.69,6.98,53.21,10.01,吝备,3,1,0.048,0.0081
108,2025-03-03 6:00,1.09,90.27,5.3,55.29,10.32,吝备,3,1,0.0431,0.011
108,2025-03-03 7:00,1.45,83.57,4.29,61.12,10.4,吝备,3,1,0.0389,0.0143
108,2025-03-03 8:00,2.12,73.96,5.92,57.49,10.4,吝备,3,1,0.0399,0.0124
108,2025-03-03 9:00,2.86,68.76,6.72,63.01,10.4,吝备,10,3,0.0415,0.0112
108,2025-03-03 10:00,3.89,62.17,7.29,63.01,10.4,吝备,12,6,0.0436,0.0096
108,2025-03-03 11:00,5.52,55.89,6.61,65,10.4,吝备,13,5,0.0443,0.0095
108,2025-03-03 12:00,6.47,51.78,6.44,67.1,10.4,吝备,15,8,0.0456,0.0094
108,2025-03-03 13:00,6.89,49.41,6.42,64.22,10.4,吝备,20,11,0.0475,0.0086
108,2025-03-03 14:00,6.79,48.24,6.84,58.49,10.4,吝备,18,10,0.0466,0.0089
108,2025-03-03 15:00,6.07,48.94,6.43,61.69,10.4,吝备,13,8,0.0462,0.0094
108,2025-03-03 16:00,5.26,49.96,6,60.33,10.4,吝备,11,4,0.045,0.0095
108,2025-03-03 17:00,4.16,51.21,6.33,52.84,10.4,吝备,14,8,0.0451,0.01
108,2025-03-03 18:00,3.09,52.74,6.94,52.02,10.4,吝备,15,8,0.045,0.0105
108,2025-03-03 19:00,2.3,52.39,7.34,56.91,10.4,吝备,14,7,0.0444,0.0113
108,2025-03-03 20:00,1.72,50.29,6.71,56.91,10.4,吝备,11,5,0.0461,0.0096
108,2025-03-03 21:00,1.47,51.49,5.9,57.04,10.4,吝备,14,4,0.0447,0.0107
108,2025-03-03 22:00,1.31,52.36,5.19,52.98,10.4,吝备,10,2,0.0455,0.0089
108,2025-03-03 23:00,1.25,53.52,5.03,56.18,10.4,吝备,10,1,0.0437,0.0095
108,2025-03-04 0:00,1.32,54.72,4.76,58.48,0.17,吝备,11,3,0.0435,0.0083
108,2025-03-04 1:00,1.36,55.24,5.27,54.03,0,吝备,10,3,0.0449,0.0078
108,2025-03-04 2:00,1.53,54.48,4.61,60.24,0,吝备,9,3,0.0459,0.0071
108,2025-03-04 3:00,1.62,55.1,5.33,60.13,0,吝备,9,2,0.0465,0.0075
108,2025-03-04 4:00,1.67,55.43,5.59,55.1,0,吝备,11,2,0.0457,0.0086
108,2025-03-04 5:00,1.86,55.66,5.18,55.61,0,吝备,10,3,0.0428,0.0119
108,2025-03-04 6:00,2.11,56.61,5.47,60.59,0,吝备,9,2,0.0378,0.0176
108,2025-03-04 7:00,2.33,57.47,6.09,53.83,0,吝备,12,4,0.0314,0.0249
108,2025-03-04 8:00,2.63,56.48,5.44,56.82,0,吝备,11,3,0.031,0.0256
108,2025-03-04 9:00,2,71.93,4.3,64.24,0.11,吝备,15,4,0.0335,0.0219
108,2025-03-04 10:00,0.94,89.48,3.92,53.37,1.47,吝备,15,6,0.0277,0.0277
108,2025-03-04 11:00,1.09,90.43,3.69,52.2,2.69,吝备,8,6,0.0316,0.0236
108,2025-03-04 12:00,1.32,90.08,3.69,49.59,3.33,吝备,9,3,0.0356,0.018
108,2025-03-04 13:00,1.98,88.47,3.92,54.07,3.76,吝备,6,4,0.0361,0.0183
108,2025-03-04 14:00,2.27,85.31,4.39,58.39,3.89,吝备,6,1,0.0372,0.0176
108,2025-03-04 15:00,2.44,85.41,4.39,50.68,3.93,吝备,8,3,0.0356,0.0186
108,2025-03-04 16:00,2.92,81.56,4.9,52.82,4,吝备,5,1,0.0376,0.0166
108,2025-03-04 17:00,3.33,73.36,4.23,67.22,4,吝备,3,1,0.036,0.018
108,2025-03-04 18:00,3.15,71.07,4.5,57.84,4,吝备,5,5,0.0359,0.0185
108,2025-03-04 19:00,3.16,69.26,3.52,57.22,4,吝备,8,6,0.0376,0.0154
108,2025-03-04 20:00,3.31,67.19,4.3,58.95,4,吝备,5,5,0.0377,0.0153
108,2025-03-04 21:00,3.33,65.77,4.31,54.5,4,吝备,4,1,0.0409,0.0122
108,2025-03-04 22:00,3.4,65.03,3.81,58.13,4,吝备,3,1,0.0406,0.0128
108,2025-03-04 23:00,3.33,64.86,3.16,50.12,4,吝备,3,1,0.0399,0.013
108,2025-03-05 0:00,3.05,66.3,2.62,43.32,0.07,吝备,3,2,0.0351,0.0165
108,2025-03-05 1:00,2.92,66.2,2.4,48.15,0,吝备,3,1,0.0389,0.0122
108,2025-03-05 2:00,2.72,66.07,2.56,51.43,0,吝备,3,1,0.0377,0.0129
108,2025-03-05 3:00,2.56,66.31,2.59,55.12,0,吝备,4,1,0.0386,0.0121
108,2025-03-05 4:00,2.49,66.18,2,58.16,0,吝备,3,2,0.0408,0.0103
108,2025-03-05 5:00,2.4,66.45,1.92,50.37,0,吝备,3,1,0.0363,0.0146
108,2025-03-05 6:00,2.4,66.92,1.86,44.04,0,吝备,3,1,0.031,0.0198
108,2025-03-05 7:00,2.36,67.17,1.27,43.98,0,吝备,4,3,0.0231,0.0283
108,2025-03-05 8:00,2.89,66.73,1.95,54.42,0,吝备,7,1,0.0253,0.0264
108,2025-03-05 9:00,3.66,64.64,2.37,51.74,0,吝备,4,1,0.0291,0.0226
108,2025-03-05 10:00,4.68,62.09,2.66,49.25,0,吝备,5,3,0.0335,0.0192
108,2025-03-05 11:00,5.47,60.38,2.6,51.07,0,吝备,5,1,0.0315,0.0206
108,2025-03-05 12:00,5.98,59.58,2.19,22.96,0,吝备,5,4,0.0329,0.0192
108,2025-03-05 13:00,6.85,57.48,1.61,24.71,0,吝备,,,,
108,2025-03-05 14:00,7.81,55.41,2,303.71,0,吝备,,,,
108,2025-03-05 15:00,8.27,53.85,1.9,35.47,0,吝备,,,0.0334,0.0107
108,2025-03-05 16:00,8.8,51.05,1.94,285.96,0,吝备,10,9,0.0385,0.0083
108,2025-03-05 17:00,8.71,49.92,2.2,287.35,0,吝备,8,2,0.0397,0.0087
108,2025-03-05 18:00,7.15,54.73,2.2,276.57,0,吝备,8,5,0.0373,0.0116
108,2025-03-05 19:00,6.21,60.8,2.12,278.71,0,吝备,8,7,0.0309,0.0198
108,2025-03-05 20:00,5.55,63.06,2.41,279.1,0,吝备,7,5,0.0286,0.0219
108,2025-03-05 21:00,4.85,68.38,2.54,280.24,0,吝备,9,5,0.0325,0.0161
108,2025-03-05 22:00,4.22,72.09,2.33,289.96,0,吝备,9,7,0.0275,0.0201
108,2025-03-05 23:00,3.75,73.29,2.11,289.17,0,吝备,9,8,0.0237,0.0236
108,2025-03-06 0:00,3.1,74.54,2.52,279.23,0,吝备,17,15,0.0243,0.0212
108,2025-03-06 1:00,2.41,74.94,1.38,274.02,0,吝备,23,19,0.0239,0.0204
108,2025-03-06 2:00,1.77,76.29,1.6,266.27,0,吝备,24,20,0.0217,0.0213
108,2025-03-06 3:00,1.21,78.27,1.89,268.76,0,吝备,28,20,0.0198,0.0219
108,2025-03-06 4:00,0.8,78.18,2.01,261.48,0,吝备,30,22,0.0162,0.0251
108,2025-03-06 5:00,0.55,77.61,1.66,255.5,0,吝备,31,24,0.0162,0.0254
108,2025-03-06 6:00,-0.05,79.2,0.74,266.97,0,吝备,34,30,0.0084,0.0358
108,2025-03-06 7:00,-0.25,81.92,0.71,282.54,0,吝备,36,26,0.0033,0.041
108,2025-03-06 8:00,0.9,78.02,1.3,256.11,0,吝备,37,30,0.0077,0.0381
108,2025-03-06 9:00,3.11,65.3,1.59,260.28,0,吝备,38,27,0.0214,0.0248
108,2025-03-06 10:00,5.51,57.33,1.39,226.91,0,吝备,41,30,0.0213,0.0283
108,2025-03-06 11:00,7.41,49.99,1.97,241.35,0,吝备,44,34,0.028,0.0222
108,2025-03-06 12:00,8.22,43.91,2.95,283.95,0,吝备,45,29,0.0433,0.0093
108,2025-03-06 13:00,9.1,37.91,3.42,284.23,0,吝备,35,23,0.0479,0.0082
108,2025-03-06 14:00,9.64,37.38,3.69,283.04,0,吝备,33,22,0.0501,0.0076
108,2025-03-06 15:00,10.09,38.1,3.29,288.03,0,吝备,35,25,0.0514,0.0078
108,2025-03-06 16:00,9.82,37.27,3.19,287.04,0,吝备,40,31,0.0523,0.0078
108,2025-03-06 17:00,9.18,37.54,3.09,274.04,0,吝备,38,29,0.0513,0.0104
108,2025-03-06 18:00,7.88,41.06,3.12,257.38,0,吝备,48,34,0.046,0.0155
108,2025-03-06 19:00,6.78,43.31,3.33,267.45,0,吝备,49,35,0.0438,0.0189
108,2025-03-06 20:00,5.92,43.64,3.11,283.26,0,吝备,52,42,0.0464,0.016
108,2025-03-06 21:00,5.28,44.48,3.21,295.06,0,吝备,56,44,0.0453,0.0152
108,2025-03-06 22:00,4.18,46.94,2.36,258.08,0,吝备,62,47,0.0422,0.0159
108,2025-03-06 23:00,3.58,50.07,2.88,263.23,0,吝备,60,48,0.0383,0.0184
108,2025-03-07 0:00,2.7,54.31,1.52,270.14,0,吝备,62,50,0.0301,0.026
108,2025-03-07 1:00,2.01,56.67,1.42,268.26,0,吝备,61,52,0.031,0.0248
108,2025-03-07 2:00,1.43,58.6,1.17,274.56,0,吝备,63,51,0.032,0.0238
108,2025-03-07 3:00,1.05,60.4,1,276.33,0,吝备,62,50,0.028,0.0272
108,2025-03-07 4:00,0.7,63.11,0.61,294.63,0,吝备,58,51,0.0167,0.0465
108,2025-03-07 5:00,0.53,63.58,0.8,4.1,0,吝备,59,52,0.013,0.0362
108,2025-03-07 6:00,0.24,62.55,1.78,31.8,0,吝备,59,52,0.0042,0.0501
108,2025-03-07 7:00,0.08,65.19,1.9,34.46,0,吝备,63,51,0.0004,0.0572
108,2025-03-07 8:00,1.63,65.15,2.29,44.39,0,吝备,66,54,0.0026,0.058
108,2025-03-07 9:00,4.07,61.76,2.43,45.73,0,吝备,74,58,0.0064,0.053
108,2025-03-07 10:00,6.31,52.79,1.65,89.27,0,吝备,74,65,0.0188,0.0423
108,2025-03-07 11:00,8.03,43.06,1.57,113.93,0,吝备,74,63,0.0252,0.0382
108,2025-03-07 12:00,9.5,38.73,1.87,195.35,0,吝备,82,67,0.0309,0.0357
108,2025-03-07 13:00,10.18,35.44,1.97,190.05,0,吝备,75,60,0.0394,0.0311
108,2025-03-07 14:00,10.6,33.85,2.31,146.44,0,吝备,70,55,0.0482,0.0234
108,2025-03-07 15:00,10.88,34.04,2.28,246.94,0,吝备,68,52,0.0507,0.0267
108,2025-03-07 16:00,10.27,34.17,2.89,255.59,0,吝备,73,60,0.0536,0.0276
108,2025-03-07 17:00,8.73,35.7,3.47,287.33,0,吝备,71,56,0.0515,0.0252
108,2025-03-07 18:00,7.47,40.21,2.77,272.84,0,吝备,61,48,0.0508,0.0263
108,2025-03-07 19:00,6.54,44.77,2.21,263.96,0,吝备,60,46,0.0549,0.0299
108,2025-03-07 20:00,5.95,43.85,1.64,269.39,0,吝备,66,59,0.0525,0.031
108,2025-03-07 21:00,5.34,44.82,1,251.5,0,吝备,66,55,0.0499,0.025
108,2025-03-07 22:00,4.86,50.02,0.66,322.05,0,吝备,66,57,0.0358,0.0378
108,2025-03-07 23:00,4.47,52.22,1.99,40.99,0,吝备,71,60,0.0278,0.0433
108,2025-03-08 0:00,4.39,52.84,2.45,41.01,0,吝备,68,56,0.0209,0.0481
108,2025-03-08 1:00,4.31,52.49,1.15,9.93,0,吝备,67,55,0.0239,0.0403
108,2025-03-08 2:00,4.29,55.37,1.03,262.86,0,吝备,65,58,0.0199,0.0452
108,2025-03-08 3:00,3.9,57.83,1.52,259.42,0,吝备,70,62,0.0122,0.056
108,2025-03-08 4:00,3.48,61.36,2.12,267.89,0,吝备,69,63,0.0091,0.055
108,2025-03-08 5:00,3.46,61.31,2,257.16,0,吝备,75,68,0.0163,0.0443
108,2025-03-08 6:00,3.26,63.24,1.78,262.43,0,吝备,74,65,0.0174,0.0418
108,2025-03-08 7:00,2.89,65.98,1.27,268.16,0,吝备,81,71,0.0133,0.0429
108,2025-03-08 8:00,3.23,65.71,1.1,259.34,0,吝备,85,77,0.0177,0.0391
108,2025-03-08 9:00,5.12,55.29,1.12,230.39,0,吝备,74,64,0.0298,0.0306
108,2025-03-08 10:00,6.42,42.54,1.54,286.49,0,吝备,54,47,0.0411,0.0212
108,2025-03-08 11:00,8.01,34.04,2.08,273.73,0,吝备,38,33,0.0467,0.0147
108,2025-03-08 12:00,9.63,29.19,2.38,218.85,0,吝备,32,22,0.0456,0.018
108,2025-03-08 13:00,10.55,29.31,3.2,202.52,0,吝备,43,36,0.0448,0.0215
108,2025-03-08 14:00,10.9,25.72,3.52,244.48,0,吝备,43,35,0.0462,0.0195
108,2025-03-08 15:00,10.53,24.29,3.54,244.92,0,吝备,29,24,0.0507,0.0139
108,2025-03-08 16:00,9.46,35.4,4.11,259.46,0,吝备,34,28,0.0528,0.0121
108,2025-03-08 17:00,8.24,44.38,4.04,259.2,0,吝备,32,26,0.0526,0.0118
108,2025-03-08 18:00,6.66,54.14,3.22,264.58,0,吝备,35,32,0.0507,0.0126
108,2025-03-08 19:00,5.86,62.7,3.15,282.2,0,吝备,36,27,0.0505,0.0156
108,2025-03-08 20:00,5.26,68.16,2.47,275.84,0,吝备,38,29,0.0484,0.0158
108,2025-03-08 21:00,4.65,73.34,1.98,272.43,0,吝备,39,31,0.0418,0.0184
108,2025-03-08 22:00,4.15,78.57,1.3,267.57,0,吝备,42,31,0.0382,0.0176
108,2025-03-08 23:00,3.8,80.52,0.98,269.63,0,吝备,38,28,0.0374,0.0172
108,2025-03-09 0:00,3.38,81.72,0.65,300.07,0,吝备,37,27,0.0333,0.0198
108,2025-03-09 1:00,3.13,84.64,1.18,287.15,0,吝备,39,31,0.0243,0.0246
108,2025-03-09 2:00,2.73,85.87,0.74,319.76,0,吝备,40,32,0.017,0.0281
108,2025-03-09 3:00,2.39,87.93,0.81,302.22,0,吝备,40,29,0.0157,0.0283
108,2025-03-09 4:00,2.26,89.4,1.46,297.48,0,吝备,40,36,0.0132,0.029
108,2025-03-09 5:00,1.85,87.96,1.26,26.62,0,吝备,37,29,0.0155,0.0265
108,2025-03-09 6:00,1.42,87.47,1.36,27.99,0,吝备,36,30,0.0125,0.0301
108,2025-03-09 7:00,1.27,87.68,1.89,34.35,0,吝备,41,37,0.0073,0.0368
108,2025-03-09 8:00,2.37,86.19,1.43,44.53,0,吝备,48,42,0.0087,0.0394
108,2025-03-09 9:00,4.96,77.28,1.13,69.32,0,吝备,53,47,0.0184,0.0319
108,2025-03-09 10:00,7.37,65.92,1.57,55.75,0,吝备,59,49,0.0252,0.0299
108,2025-03-09 11:00,9.52,56.07,1.55,93.26,0,吝备,59,48,0.0337,0.025
108,2025-03-09 12:00,11.03,50.59,1.89,186.21,0,吝备,59,47,0.0387,0.0224
108,2025-03-09 13:00,12.4,45.54,2.13,196.69,0,吝备,58,45,0.0403,0.0225
108,2025-03-09 14:00,13.06,39.27,2.72,256.16,0,吝备,54,42,0.0475,0.0168
108,2025-03-09 15:00,13.2,36.29,3.09,242.31,0,吝备,41,33,0.053,0.0121
108,2025-03-09 16:00,13.32,34.35,2.33,240.98,0,吝备,34,29,0.0567,0.0101
108,2025-03-09 17:00,12.44,43.51,2.7,255.55,0,吝备,38,30,0.0538,0.014
108,2025-03-09 18:00,10.37,55.18,2.46,264.26,0,吝备,52,43,0.0501,0.0176
108,2025-03-09 19:00,8.56,61.06,2.77,268.61,0,吝备,56,47,0.0451,0.019
108,2025-03-09 20:00,7.46,65.14,2.09,235.84,0,吝备,59,52,0.0405,0.0212
108,2025-03-09 21:00,6.66,67.61,1.46,229.31,0,吝备,65,54,0.0293,0.0296
108,2025-03-09 22:00,5.96,71.85,2,261.81,0,吝备,71,64,0.0226,0.0349
108,2025-03-09 23:00,5.25,73.24,1.16,296,0,吝备,68,61,0.0205,0.0346
108,2025-03-10 0:00,4.72,75.13,0.78,303.78,0,吝备,66,61,0.0164,0.0351
108,2025-03-10 1:00,4.26,76.55,1.44,284.95,0,吝备,71,63,0.0084,0.043
108,2025-03-10 2:00,3.75,76.15,1.25,261.2,0,吝备,71,63,0.0267,0.0296
108,2025-03-10 3:00,3.37,77.76,1.32,16.48,0,吝备,68,63,0.0239,0.0259
108,2025-03-10 4:00,2.93,79.21,1.57,44.11,0,吝备,68,63,0.0107,0.0392
108,2025-03-10 5:00,2.52,82.16,1.83,37.57,0,吝备,73,67,0.0089,0.0389
108,2025-03-10 6:00,2.49,82.76,1.58,26.3,0,吝备,77,70,0.0004,0.05
108,2025-03-10 7:00,2.48,83.69,1.72,35.65,0,吝备,79,71,0.0009,0.049
108,2025-03-10 8:00,4.02,80.77,1.85,44.63,0,吝备,80,74,0.0042,0.049
108,2025-03-10 9:00,6.7,69.72,2.12,54.23,0,吝备,83,75,0.0096,0.0467
108,2025-03-10 10:00,9.47,57.31,1.92,74.16,0,吝备,82,72,0.022,0.0406
108,2025-03-10 11:00,11.74,48.66,1.58,150.65,0,吝备,79,68,0.0281,0.0405
108,2025-03-10 12:00,13.32,43.38,2.39,205.81,0,吝备,,71,0.037,0.0357
108,2025-03-10 13:00,14.11,36.58,3.66,226.29,0,吝备,,62,0.0537,0.0241
108,2025-03-10 14:00,14.49,32.35,3.95,213.6,0,吝备,57,53,0.0585,0.0195
108,2025-03-10 15:00,14.45,32.77,3.7,220.49,0,吝备,61,41,0.0628,0.0169
108,2025-03-10 16:00,13.72,34,3.66,250.66,0,吝备,54,47,0.064,0.0177
108,2025-03-10 17:00,12.75,35.73,3.17,244.08,0,吝备,51,46,0.0596,0.0203
108,2025-03-10 18:00,10.94,41.05,3.31,256.48,0,吝备,49,49,0.0578,0.0216
108,2025-03-10 19:00,9.41,51.69,2.12,274.24,0,吝备,58,53,0.0505,0.0292
108,2025-03-10 20:00,8.08,59.04,2.03,268.98,0,吝备,69,63,0.0472,0.0304
108,2025-03-10 21:00,7.26,60.71,1.83,273.31,0,吝备,67,64,0.0502,0.0253
108,2025-03-10 22:00,6.44,61.68,0.42,316.96,0,吝备,63,62,0.0501,0.0239
108,2025-03-10 23:00,5.64,64.58,0.13,321.61,0,吝备,57,55,0.0357,0.0335
108,2025-03-11 0:00,5.12,66.95,0.56,349.74,0,吝备,54,52,0.0385,0.0291
108,2025-03-11 1:00,4.78,69.83,0.65,290.74,0,吝备,,53,0.0297,0.035
108,2025-03-11 2:00,4.37,72.08,0.39,328.41,0,吝备,55,55,0.033,0.0295
108,2025-03-11 3:00,3.94,73.08,1.51,34.17,0,吝备,58,57,0.0288,0.0324
108,2025-03-11 4:00,3.58,73.28,1.42,20.29,0,吝备,63,62,0.0177,0.0414
108,2025-03-11 5:00,3.5,73.77,0.9,351.41,0,吝备,67,,0.0125,0.0442
108,2025-03-11 6:00,3.22,75.84,1.15,2.47,0,吝备,72,71,0.0118,0.0459
108,2025-03-11 7:00,3.1,76.59,1.91,44.01,0,吝备,77,73,0.0074,0.0584
108,2025-03-11 8:00,4.87,71.49,1.93,58.87,0,吝备,83,73,0.0162,0.0502
108,2025-03-11 9:00,7.29,63.14,1.91,45.58,0,吝备,82,79,0.017,0.0558
108,2025-03-11 10:00,9.93,51.58,1.79,46.44,0,吝备,74,69,0.0399,0.036
108,2025-03-11 11:00,12.24,47.74,1.78,248.34,0,吝备,47,44,0.0459,0.0283
108,2025-03-11 12:00,13.86,43.97,2.28,217.46,0,吝备,43,36,0.0474,0.0248
108,2025-03-11 13:00,14.97,40.83,2.29,210.4,0,吝备,42,36,0.0469,0.0279
108,2025-03-11 14:00,16.14,37.62,2.52,203.79,0,吝备,42,36,0.047,0.028
108,2025-03-11 15:00,16.3,36.64,2.63,247.91,0,吝备,37,32,0.0515,0.0262
108,2025-03-11 16:00,15.91,36.44,2.76,274.2,0,吝备,38,29,0.0591,0.0208
108,2025-03-11 17:00,14.8,40.91,2.9,272.93,0,吝备,39,34,0.0644,0.0213
108,2025-03-11 18:00,12.8,50.84,3.49,262.57,0,吝备,46,41,0.0551,0.0215
108,2025-03-11 19:00,11.26,55.11,2.75,257.05,0,吝备,36,30,0.0459,0.0255
108,2025-03-11 20:00,10.12,57.03,1.19,231.05,0,吝备,37,31,0.0427,0.0261
108,2025-03-11 21:00,9.38,59.45,1.41,222.86,0,吝备,32,31,0.0367,0.031
108,2025-03-11 22:00,9.03,61.43,1.4,260.39,0,吝备,30,28,0.0424,0.0241
108,2025-03-11 23:00,8.56,63.11,1,245.45,0,吝备,26,22,0.0432,0.0225
108,2025-03-12 0:00,7.79,66.12,0.68,251.41,0,吝备,30,25,0.0197,0.0457
108,2025-03-12 1:00,7.62,68.56,0.84,318.92,0,吝备,33,27,0.0266,0.0339
108,2025-03-12 2:00,7.27,69.06,1.83,270.19,0,吝备,32,30,0.0211,0.0406
108,2025-03-12 3:00,7.05,69.35,1.83,278.32,0,吝备,34,29,0.0382,0.0201
108,2025-03-12 4:00,6.87,68.99,1.71,265.11,0,吝备,27,25,0.0383,0.0229
108,2025-03-12 5:00,6.79,69.05,1.07,233.59,0,吝备,24,18,0.0365,0.0258
108,2025-03-12 6:00,6.83,70.33,1.27,27.86,0,吝备,25,21,0.0155,0.0452
108,2025-03-12 7:00,7.17,70.46,0.92,19.48,0,吝备,32,31,0.0097,0.0511
108,2025-03-12 8:00,7.9,68.23,1.06,194.18,0,吝备,41,33,0.015,0.0497
108,2025-03-12 9:00,9.15,63.27,2.15,215.07,0,吝备,35,29,0.0157,0.0489
108,2025-03-12 10:00,10.03,59.12,2.52,216.08,0,吝备,34,26,0.0309,0.0403
108,2025-03-12 11:00,10.67,55.03,3.21,211.01,0,吝备,41,32,0.0443,0.0359
108,2025-03-12 12:00,11.34,52.41,2.78,209.11,0,吝备,42,36,0.0455,0.0321
108,2025-03-12 13:00,11.6,55.81,3.5,218.56,0,吝备,47,38,0.0426,0.0331
108,2025-03-12 14:00,11.44,55.88,3.33,242.99,0,吝备,37,28,0.0461,0.0266
108,2025-03-12 15:00,10.62,66.94,3.04,245.13,0,吝备,38,27,0.0468,0.0229
108,2025-03-12 16:00,9.78,80.27,3.01,234.14,0,吝备,33,26,0.0437,0.0198
108,2025-03-12 17:00,8.93,87.71,2.95,250.3,0,吝备,27,18,0.0375,0.0226
108,2025-03-12 18:00,8.52,88.52,2.38,255.87,0,吝备,30,17,0.0362,0.0222
108,2025-03-12 19:00,8.28,88.92,2.51,272.17,0,吝备,37,23,0.0366,0.0211
108,2025-03-12 20:00,8,88,1.88,239.19,0,吝备,46,38,0.036,0.0208
108,2025-03-12 21:00,7.94,88.84,2.21,252,0,吝备,63,49,0.0295,0.0246
108,2025-03-12 22:00,7.82,88.23,2.08,282.36,0,吝备,63,56,0.0359,0.0178
108,2025-03-12 23:00,7.25,86.92,2.52,267.66,0,吝备,66,52,0.0332,0.019
108,2025-03-13 0:00,6.7,86.4,2.4,258.3,0,吝备,61,45,0.0378,0.0133
,2025-03-13 1:00,,,,,,吝备,53,41,0.034,0.0157
,2025-03-13 2:00,,,,,,吝备,48,36,0.0334,0.0155
,2025-03-13 3:00,,,,,,吝备,50,37,0.0334,0.0142
,2025-03-13 4:00,,,,,,吝备,49,36,0.0268,0.0201
,2025-03-13 5:00,,,,,,吝备,52,38,0.0186,0.0261
,2025-03-13 6:00,,,,,,吝备,50,36,0.0071,0.0359
,2025-03-13 7:00,,,,,,吝备,51,37,0.0057,0.0389
,2025-03-13 8:00,,,,,,吝备,60,47,0.0073,0.0425
,2025-03-13 9:00,,,,,,吝备,67,51,0.0097,0.0417
,2025-03-13 10:00,,,,,,吝备,64,43,0.0201,0.0305
,2025-03-13 11:00,,,,,,吝备,81,28,0.0281,0.0216
,2025-03-13 12:00,,,,,,吝备,87,29,0.0352,0.017
,2025-03-13 13:00,,,,,,吝备,80,22,0.0436,0.0124
,2025-03-13 14:00,,,,,,吝备,69,,,
,2025-03-13 15:00,,,,,,吝备,61,,,
,2025-03-13 16:00,,,,,,吝备,66,,0.0474,0.0112
,2025-03-13 17:00,,,,,,吝备,62,26,0.048,0.0121
,2025-03-13 18:00,,,,,,吝备,61,20,0.0387,0.0209
,2025-03-13 19:00,,,,,,吝备,59,25,0.03,0.0287
,2025-03-13 20:00,,,,,,吝备,58,23,0.0248,0.0317
,2025-03-13 21:00,,,,,,吝备,61,19,0.0283,0.027
,2025-03-13 22:00,,,,,,吝备,56,20,0.028,0.0261
,2025-03-13 23:00,,,,,,吝备,54,20,0.0201,0.033
108,2025-03-14 0:00,7.73,43.43,1.03,256.53,0,吝备,54,22,0.016,0.0371
108,2025-03-14 1:00,7.23,44.16,0.89,241.77,0,吝备,50,24,0.0118,0.0421
108,2025-03-14 2:00,6.63,45.46,1.54,273.75,0,吝备,49,23,0.0106,0.0408
108,2025-03-14 3:00,5.91,44.09,1.55,252.98,0,吝备,41,21,0.0123,0.0383
108,2025-03-14 4:00,5.71,47.06,0.34,306.2,0,吝备,36,21,0.0069,0.0392
108,2025-03-14 5:00,5.39,48,0.59,81.97,0,吝备,34,19,0.0104,0.0366
108,2025-03-14 6:00,5.13,48.64,0.4,2.79,0,吝备,34,16,0.0069,0.0403
108,2025-03-14 7:00,5.28,49.19,0.67,0.92,0,吝备,35,20,0.0038,0.0451
108,2025-03-14 8:00,7.18,41.8,1.07,67.67,0,吝备,35,15,0.0115,0.0412
108,2025-03-14 9:00,10.5,32.89,1.62,94.06,0,吝备,34,16,0.0197,0.0358
108,2025-03-14 10:00,13.97,23.75,3.17,60.01,0,吝备,31,15,0.035,0.0226
108,2025-03-14 11:00,15.75,21.77,2.37,63.65,0,吝备,35,16,0.0382,0.0196
108,2025-03-14 12:00,17.14,20.78,2.37,88.07,0,吝备,43,22,0.0426,0.018
108,2025-03-14 13:00,18.36,19.3,2.2,73.83,0,吝备,42,19,0.0496,0.0148
108,2025-03-14 14:00,19.36,17.88,2.29,73.57,0,吝备,40,23,0.0535,0.0123
108,2025-03-14 15:00,19.89,17.55,2.2,289.53,0,吝备,44,18,0.0566,0.0118
108,2025-03-14 16:00,19.27,17.99,2.46,264.05,0,吝备,46,22,0.0557,0.0148
108,2025-03-14 17:00,17.85,21.03,2.86,265.99,0,吝备,50,24,0.0565,0.0137
108,2025-03-14 18:00,16.31,24.59,2.39,299.22,0,吝备,49,24,0.0473,0.0184
108,2025-03-14 19:00,15.1,27.41,2.5,301.61,0,吝备,49,27,0.0441,0.0181
108,2025-03-14 20:00,14.21,28.8,2.02,291.7,0,吝备,44,21,0.0402,0.0195
108,2025-03-14 21:00,13.22,30.68,1.76,282.89,0,吝备,44,23,0.0309,0.0298
108,2025-03-14 22:00,12.49,31.58,1.17,292.15,0,吝备,47,25,0.0171,0.0447
108,2025-03-14 23:00,11.98,31.82,2.78,52.42,0,吝备,49,27,0.0229,0.0364
108,2025-03-15 0:00,12.09,31.73,3.72,54.09,0,吝备,46,23,0.0347,0.0205
108,2025-03-15 1:00,11.93,34.53,2.99,54.18,0,吝备,41,17,0.0376,0.0145
108,2025-03-15 2:00,11.72,36.71,2.56,67.22,0,吝备,30,14,0.0388,0.0124
108,2025-03-15 3:00,11.3,39.06,2.23,78.93,0,吝备,29,14,0.0365,0.013
108,2025-03-15 4:00,10.9,45.33,2.63,103.31,0,吝备,28,11,0.0388,0.0109
108,2025-03-15 5:00,10.52,46.52,2.54,70.99,0,吝备,23,9,0.0342,0.0137
108,2025-03-15 6:00,10.18,47.4,2.81,87.13,0,吝备,26,12,0.0282,0.0205
108,2025-03-15 7:00,10.04,46.62,3.35,72.2,0,吝备,25,11,0.0285,0.0217
108,2025-03-15 8:00,10.24,45.98,3.49,63.25,0,吝备,24,11,0.0288,0.0207
108,2025-03-15 9:00,11.06,40.52,4.36,64.93,0,吝备,21,8,0.0334,0.0163
108,2025-03-15 10:00,12.52,34.88,3.9,73.77,0,吝备,24,7,0.0389,0.013
108,2025-03-15 11:00,13.69,29.46,3.17,107.23,0,吝备,24,9,0.0419,0.0121
108,2025-03-15 12:00,15.13,26.86,3.51,122.37,0,吝备,22,8,0.0456,0.0113
108,2025-03-15 13:00,16.07,26.23,2.94,88.73,0,吝备,23,10,0.0477,0.0113
108,2025-03-15 14:00,16.85,25.49,2.43,101.7,0,吝备,23,13,0.0487,0.0123
108,2025-03-15 15:00,16.8,24.86,2.15,101.73,0,吝备,22,12,0.0525,0.0106
108,2025-03-15 16:00,16.74,24.77,1.55,142.64,0,吝备,21,10,0.0533,0.0109
108,2025-03-15 17:00,15.8,25.77,0.88,304.46,0,吝备,26,15,0.0523,0.0132
108,2025-03-15 18:00,14.28,33.03,2.38,295.12,0,吝备,28,17,0.0528,0.0136
108,2025-03-15 19:00,12.4,45.91,3.49,252.49,0,吝备,36,21,0.0499,0.0168
108,2025-03-15 20:00,11.65,50.17,3.02,295.86,0,吝备,32,17,0.0521,0.014
108,2025-03-15 21:00,11.31,51.46,1.65,258.04,0,吝备,29,15,0.0539,0.0111
108,2025-03-15 22:00,11.07,53.06,2.6,234.38,0,吝备,32,19,0.0493,0.013
108,2025-03-15 23:00,10.49,56.64,3.49,190.46,0,吝备,33,18,0.041,0.0164
108,2025-03-16 0:00,9.96,55.35,2.48,188.3,0,吝备,22,10,0.0431,0.0101
108,2025-03-16 1:00,9.56,53.29,3.32,177.6,0,吝备,17,10,0.042,0.0086
108,2025-03-16 2:00,9.27,54.05,2.55,175.21,0,吝备,17,8,0.0433,0.0077
108,2025-03-16 3:00,8.37,63.79,2.51,200.83,0.08,吝备,16,9,0.0444,0.007
108,2025-03-16 4:00,7.55,71.78,1.71,250.03,0.13,吝备,13,10,0.0374,0.0102
108,2025-03-16 5:00,7.04,75.91,1.32,147.56,0.4,吝备,19,13,0.0381,0.0115
108,2025-03-16 6:00,6.77,80.79,1.61,281.61,0.57,吝备,42,17,0.0376,0.0121
108,2025-03-16 7:00,6.36,83.94,2.31,281.89,0.6,吝备,38,18,0.0336,0.0129
108,2025-03-16 8:00,5.63,82.5,3.46,282.03,0.6,吝备,20,12,0.0345,0.0099
108,2025-03-16 9:00,4.79,86.29,3.34,284.31,0.66,吝备,16,9,0.0355,0.0093
108,2025-03-16 10:00,4.46,84.66,3.43,277.85,0.8,吝备,22,17,0.0341,0.0104
108,2025-03-16 11:00,4.38,75.32,4,278.88,0.8,吝备,33,24,0.0404,0.0086
108,2025-03-16 12:00,4.69,65.26,4.59,284.16,0.8,吝备,35,29,0.0464,0.0076
108,2025-03-16 13:00,5.15,55.36,4.43,285.88,0.8,吝备,37,31,0.0515,0.0072
108,2025-03-16 14:00,6.16,43.03,4.26,291.17,0.8,吝备,41,34,0.0551,0.0071
108,2025-03-16 15:00,6.05,36.12,5.48,289.94,0.8,吝备,39,31,0.0555,0.0062
108,2025-03-16 16:00,5.79,30.27,4.99,280.52,0.8,吝备,38,26,0.0546,0.0059
108,2025-03-16 17:00,4.7,29.8,4.82,271.05,0.8,吝备,38,20,0.0527,0.0062
108,2025-03-16 18:00,3.27,34.07,5.21,278.12,0.8,吝备,42,25,0.0523,0.007
108,2025-03-16 19:00,2.63,38.55,4.95,274.9,0.8,吝备,45,25,0.0517,0.008
108,2025-03-16 20:00,2.2,41.45,4.29,279.92,0.8,吝备,46,27,0.0514,0.0078
108,2025-03-16 21:00,2.08,41.92,3.81,280.7,0.8,吝备,41,27,0.0503,0.0084
108,2025-03-16 22:00,1.79,43.98,3.61,260.1,0.8,吝备,38,26,0.0486,0.0085
108,2025-03-16 23:00,1.39,46.46,3.76,256.34,0.8,吝备,43,28,0.0483,0.0083
108,2025-03-17 0:00,1.22,47.02,3.94,266.97,0.01,吝备,38,29,0.0467,0.0081
108,2025-03-17 1:00,0.89,44.93,2.75,303.84,0,吝备,31,22,0.0458,0.0068
108,2025-03-17 2:00,0.12,46.3,1.27,347.91,0,吝备,30,23,0.0449,0.0065
108,2025-03-17 3:00,-0.42,47.15,2.29,265.6,0,吝备,29,20,0.0433,0.0078
108,2025-03-17 4:00,-0.44,49.53,2.31,281.26,0,吝备,28,18,0.0399,0.0105
108,2025-03-17 5:00,-0.91,51.27,1.99,267.81,0,吝备,27,20,0.0365,0.0133
108,2025-03-17 6:00,-1.15,49.73,2.24,269.47,0,吝备,30,23,0.0332,0.0169
108,2025-03-17 7:00,-1.03,47.1,2.33,271.93,0,吝备,32,20,0.0316,0.0199
108,2025-03-17 8:00,0.09,43.19,3.59,291.69,0,吝备,31,22,0.0386,0.0135
108,2025-03-17 9:00,1.27,39.36,3.55,297.05,0,吝备,29,21,0.0394,0.0131
108,2025-03-17 10:00,2.44,31.54,3.63,298.34,0,吝备,28,19,0.0477,0.0081
108,2025-03-17 11:00,4.01,27.98,3,251.25,0,吝备,27,21,0.0487,0.009
108,2025-03-17 12:00,5.07,23.93,3.3,259.52,0,吝备,25,20,0.0505,0.0096
108,2025-03-17 13:00,6.16,27.3,3.22,238.54,0,吝备,32,25,0.0492,0.0125
108,2025-03-17 14:00,6.48,28.82,3.71,228.15,0,吝备,26,14,0.0462,0.0111
108,2025-03-17 15:00,6.34,31.92,4.37,220.07,0,吝备,35,26,0.05,0.0139
108,2025-03-17 16:00,5.5,33.43,3.61,234.05,0,吝备,46,38,0.0503,0.0149
108,2025-03-17 17:00,4.72,34.11,3.33,261.41,0,吝备,37,27,0.0468,0.019
108,2025-03-17 18:00,4.03,36.12,2.89,258.03,0,吝备,35,29,0.0477,0.0175
108,2025-03-17 19:00,3.67,40.77,2.34,204,0,吝备,31,23,0.0465,0.018
108,2025-03-17 20:00,3.66,50.33,1.71,233.83,0,吝备,31,21,0.0494,0.0158
108,2025-03-17 21:00,3.71,50.17,2.19,127.23,0,吝备,27,18,0.0454,0.0182
108,2025-03-17 22:00,3.86,47.81,2.78,125.26,0,吝备,27,22,0.0435,0.019
108,2025-03-17 23:00,3.28,61.45,3.78,141.89,0.03,吝备,34,22,0.0464,0.0166
108,2025-03-18 0:00,1.2,89.1,1.89,107.01,1.44,吝备,35,25,0.0448,0.0157
108,2025-03-18 1:00,0.98,90.73,1.39,78.05,2.92,吝备,20,17,0.0461,0.0134
108,2025-03-18 2:00,0.89,91.62,1.17,69.89,3.71,吝备,20,20,0.0445,0.0142
108,2025-03-18 3:00,0.8,92.13,1.31,72.15,4.57,吝备,20,16,0.0433,0.0151
108,2025-03-18 4:00,0.72,92.37,1.2,95.43,5.83,吝备,,19,0.0463,0.0124
108,2025-03-18 5:00,0.51,91.8,1.4,55.46,6.4,吝备,11,11,0.0392,0.0197
108,2025-03-18 6:00,0.49,92.61,1.81,48.02,6.7,吝备,14,12,0.0334,0.024
108,2025-03-18 7:00,0.32,93.98,2.16,46.38,8.88,吝备,15,13,0.0263,0.0326
108,2025-03-18 8:00,0.7,91.25,2.23,46.99,9.8,吝备,14,12,0.0304,0.0277
108,2025-03-18 9:00,1.78,81.28,2.88,357.62,9.9,吝备,15,11,0.0444,0.0135
108,2025-03-18 10:00,2.66,74.97,3.63,330.5,9.9,吝备,15,13,0.0475,0.0114
108,2025-03-18 11:00,3.08,73.78,4.18,329,9.9,吝备,,20,0.0505,0.0087
108,2025-03-18 12:00,2.32,78.77,3.78,311.92,9.9,吝备,21,19,0.0491,0.008
108,2025-03-18 13:00,3.88,66.83,3.91,316.8,9.9,吝备,17,16,0.0509,0.0073
108,2025-03-18 14:00,4.61,58.75,3.99,343.71,9.9,吝备,,16,0.051,0.0074
108,2025-03-18 15:00,5.14,51.54,5.12,334.47,9.9,吝备,,15,0.0515,0.0074
108,2025-03-18 16:00,5.27,50.28,4.05,352.05,9.9,吝备,18,14,0.0514,0.0077
108,2025-03-18 17:00,4.56,53.85,3.48,334.77,9.9,吝备,21,19,0.0515,0.0084
108,2025-03-18 18:00,4,56.65,2.4,317.27,9.9,吝备,28,26,0.0538,0.0102
108,2025-03-18 19:00,2.96,62.94,2.92,330.74,9.9,吝备,37,34,0.0541,0.0105
108,2025-03-18 20:00,2.21,51.81,4.22,302.68,9.9,吝备,48,43,0.0576,0.0102
108,2025-03-18 21:00,1.66,51.64,3.98,298.08,9.9,吝备,60,55,0.0548,0.0113
108,2025-03-18 22:00,1.29,50.71,3.19,295.76,9.9,吝备,59,55,0.0514,0.013
108,2025-03-18 23:00,0.97,51.81,1.85,289.86,9.9,吝备,53,48,0.0478,0.0142
108,2025-03-19 0:00,0.46,53.26,1.31,283.21,0.17,吝备,50,44,0.0447,0.0159
108,2025-03-19 1:00,-0.26,54.78,0.49,332.57,0,吝备,46,42,0.0418,0.0175
108,2025-03-19 2:00,-0.91,57.8,1.14,267.61,0,吝备,41,38,0.0406,0.0194
108,2025-03-19 3:00,-1.18,61.64,1.11,278.92,0,吝备,41,35,0.0403,0.0176
108,2025-03-19 4:00,-1.21,63.43,1.37,270.29,0,吝备,39,37,0.0397,0.0169
108,2025-03-19 5:00,-1.73,67.17,1.41,267.04,0,吝备,41,37,0.0315,0.0234
108,2025-03-19 6:00,-1.61,65.99,1.95,282.97,0,吝备,40,37,0.0267,0.0294
108,2025-03-19 7:00,-1.37,64.22,1.73,287.64,0,吝备,39,35,0.0313,0.0255
108,2025-03-19 8:00,0.05,52.86,2.37,291,0,吝备,38,32,0.0372,0.0172
108,2025-03-19 9:00,1.51,45.68,2.18,300.36,0,吝备,32,27,0.0411,0.0137
108,2025-03-19 10:00,3.16,38.84,3.64,261.35,0,吝备,35,28,0.0392,0.017
108,2025-03-19 11:00,4.36,30.26,3.68,281.51,0,吝备,37,30,0.0501,0.0103
108,2025-03-19 12:00,5.2,28.16,3.38,276.41,0,吝备,38,34,0.0544,0.0093
108,2025-03-19 13:00,6.21,29.87,3.82,249.69,0,吝备,41,37,0.0557,0.0103
108,2025-03-19 14:00,6.8,29.55,3.28,256.82,0,吝备,38,37,0.0553,0.0111
108,2025-03-19 15:00,7.09,29.85,3.63,246.48,0,吝备,36,33,0.0562,0.0097
108,2025-03-19 16:00,6.98,30.86,3.41,250.07,0,吝备,35,31,0.0536,0.011
108,2025-03-19 17:00,5.96,35.62,3.98,264.33,0,吝备,34,29,0.0526,0.0118
108,2025-03-19 18:00,4.25,46.61,3.74,273.12,0,吝备,43,38,0.0507,0.0165
108,2025-03-19 19:00,3.13,53.23,2.88,269.2,0,吝备,46,41,0.0494,0.0189
108,2025-03-19 20:00,2.59,57.87,2.14,271.73,0,吝备,39,36,0.0444,0.0225
108,2025-03-19 21:00,2.14,61.39,1.43,273.42,0,吝备,39,34,0.0381,0.0263
108,2025-03-19 22:00,1.98,64.04,1.58,243.53,0,吝备,38,33,0.0429,0.0187
108,2025-03-19 23:00,1.82,65.2,1.17,230.84,0,吝备,35,32,0.041,0.0194
108,2025-03-20 0:00,2.36,65.7,1.55,219.68,0,吝备,36,31,0.0378,0.0223
108,2025-03-20 1:00,2.66,66.64,1.23,185.73,0,吝备,35,34,0.0388,0.0203
108,2025-03-20 2:00,3.03,64.89,1.31,151.18,0,吝备,35,32,0.0407,0.018
108,2025-03-20 3:00,3.19,64.74,0.62,86.37,0,吝备,33,32,0.0382,0.0193
108,2025-03-20 4:00,3.27,65.47,0.94,35.18,0,吝备,35,33,0.037,0.0202
108,2025-03-20 5:00,3.45,66.45,1.86,114.52,0,吝备,36,32,0.0285,0.0274
108,2025-03-20 6:00,3.06,66.85,1.74,78.54,0,吝备,44,34,0.0205,0.036
108,2025-03-20 7:00,2.92,68.87,1.2,92.36,0,吝备,44,38,0.0191,0.0416
108,2025-03-20 8:00,4.03,67.48,1.77,71.91,0,吝备,39,35,0.0248,0.0375
108,2025-03-20 9:00,5.36,64.09,1.99,70.16,0,吝备,38,33,0.0267,0.0366
108,2025-03-20 10:00,6.73,61.86,1.84,70.47,0,吝备,40,32,0.0287,0.0364
108,2025-03-20 11:00,8.59,62.13,2.14,171.23,0,吝备,41,30,0.0365,0.0301
108,2025-03-20 12:00,11.11,55.89,3.26,180.59,0,吝备,44,35,0.0447,0.0247
108,2025-03-20 13:00,13.05,49.45,3.79,201.66,0,吝备,52,39,0.0553,0.0219
108,2025-03-20 14:00,14.45,45.14,4.3,206.53,0,吝备,45,36,0.0587,0.0201
108,2025-03-20 15:00,14.72,42.35,4.99,224.76,0,吝备,41,27,0.0657,0.0176
108,2025-03-20 16:00,14.19,42.91,4.95,225.01,0,吝备,45,32,0.0688,0.0202
108,2025-03-20 17:00,12.89,47.32,5.12,213.61,0,吝备,57,37,0.0757,0.0169
108,2025-03-20 18:00,11.28,56.18,4.12,240.98,0,吝备,67,51,0.0716,0.022
108,2025-03-20 19:00,10.22,61.84,3.13,236.43,0,吝备,73,59,0.066,0.0261
108,2025-03-20 20:00,9.62,67.57,3.38,220.59,0,吝备,77,59,0.0684,0.02
108,2025-03-20 21:00,8.95,71.64,3.35,221.26,0,吝备,79,61,0.0646,0.0188
108,2025-03-20 22:00,8.55,74.1,3.29,211.74,0,吝备,80,62,0.0599,0.0188
108,2025-03-20 23:00,8.19,76.57,3.27,211.6,0,吝备,73,57,0.0591,0.0188
108,2025-03-21 0:00,8.06,78.4,3.43,217.99,0,吝备,71,52,0.062,0.0161
108,2025-03-21 1:00,7.94,79.9,2.85,202.01,0,吝备,68,49,0.062,0.0142
108,2025-03-21 2:00,7.9,81.2,2.69,199.88,0,吝备,70,53,0.0614,0.0152
108,2025-03-21 3:00,7.9,82.56,2.9,196.43,0,吝备,75,57,0.0664,0.0129
108,2025-03-21 4:00,7.97,83.09,2.8,200.45,0,吝备,86,67,0.066,0.016
108,2025-03-21 5:00,8.01,83.38,2.35,198.32,0,吝备,92,76,0.0642,0.017
108,2025-03-21 6:00,8.1,82.46,1.77,184.99,0,吝备,96,77,0.0498,0.0268
108,2025-03-21 7:00,8.23,82.18,2.33,158.83,0,吝备,97,76,0.046,0.0294
108,2025-03-21 8:00,8.64,80.31,1.71,139.86,0,吝备,92,67,0.0455,0.0321
108,2025-03-21 9:00,10.42,72.85,2,164.79,0,吝备,82,62,0.0523,0.0276
108,2025-03-21 10:00,12.5,61.91,2.57,195.47,0,吝备,75,52,0.0554,0.0288
108,2025-03-21 11:00,14.21,55.2,2.96,208.88,0,吝备,74,54,0.0592,0.0273
108,2025-03-21 12:00,15.93,48.78,3.06,198.04,0,吝备,79,54,0.0666,0.0261
108,2025-03-21 13:00,17.58,41.26,3.22,215.95,0,吝备,74,48,0.0746,0.0193
108,2025-03-21 14:00,18.31,38.39,3.76,226.81,0,吝备,67,46,0.083,0.0199
108,2025-03-21 15:00,18.38,36.49,3.9,212.51,0,吝备,66,39,0.0855,0.021
108,2025-03-21 16:00,17.9,37.02,4.06,233.99,0,吝备,68,47,0.0825,0.023
108,2025-03-21 17:00,16.13,36.84,3.88,211.56,0,吝备,61,41,0.0672,0.0233
108,2025-03-21 18:00,14.08,42.66,3.38,237.33,0,吝备,62,41,0.0537,0.0247
108,2025-03-21 19:00,12.14,48.57,3.49,236.91,0,吝备,58,37,0.0438,0.0284
108,2025-03-21 20:00,11.06,52.74,3.02,238.72,0,吝备,50,34,0.0385,0.0304
108,2025-03-21 21:00,10.12,62.41,3.25,210.76,0,吝备,53,37,0.0346,0.0286
108,2025-03-21 22:00,9.19,65.76,2.18,240.72,0,吝备,50,31,0.03,0.0305
108,2025-03-21 23:00,8.81,66.86,1.71,237.49,0,吝备,53,34,0.0262,0.033
108,2025-03-22 0:00,8.41,66.13,1.68,235.64,0,吝备,53,36,0.0295,0.0323
108,2025-03-22 1:00,8.38,66.61,2.16,240.36,0,吝备,54,41,0.0362,0.0277
108,2025-03-22 2:00,8.2,67.74,1.52,242.34,0,吝备,58,41,0.0355,0.0282
108,2025-03-22 3:00,7.74,68.97,0.69,211.34,0,吝备,61,48,0.0329,0.029
108,2025-03-22 4:00,7.22,72.06,1.31,23.76,0,吝备,65,48,0.0241,0.0355
108,2025-03-22 5:00,6.61,73.74,1.88,26.44,0,吝备,65,50,0.016,0.0423
108,2025-03-22 6:00,6.22,75.52,2.27,26.23,0,吝备,64,54,0.0104,0.0492
108,2025-03-22 7:00,6.64,75.01,1.77,36.54,0,吝备,67,58,0.0142,0.0498
108,2025-03-22 8:00,9.05,68.62,1.79,44.86,0,吝备,71,58,0.0236,0.0446
108,2025-03-22 9:00,11.76,60.41,1.7,193.07,0,吝备,76,61,0.034,0.0384
108,2025-03-22 10:00,14.47,52.05,2.78,202.34,0,吝备,77,60,0.0475,0.0263
108,2025-03-22 11:00,16.57,46.23,3.74,207.07,0,吝备,87,62,0.0534,0.0262
108,2025-03-22 12:00,18.21,40.25,3.85,214.38,0,吝备,78,59,0.0646,0.0204
108,2025-03-22 13:00,19.08,35.46,4.12,209.2,0,吝备,73,52,0.066,0.0181
108,2025-03-22 14:00,19.58,33.11,4.88,195.83,0,吝备,64,48,0.0642,0.0234
108,2025-03-22 15:00,19.66,28.13,5.22,226.42,0,吝备,66,49,0.0742,0.0213
108,2025-03-22 16:00,19.37,28.32,3.66,231.58,0,吝备,72,43,0.0721,0.0254
108,2025-03-22 17:00,18.1,34.04,3.56,199.37,0,吝备,66,41,0.061,0.0288
108,2025-03-22 18:00,15.85,38.41,2.97,222.94,0,吝备,64,44,0.0686,0.0203
108,2025-03-22 19:00,14.15,43.73,2.87,228.86,0,吝备,62,40,0.0621,0.0226
108,2025-03-22 20:00,13.05,48.18,2.91,229.24,0,吝备,64,46,0.0618,0.0234
108,2025-03-22 21:00,12.34,52.74,3.16,242.07,0,吝备,65,50,0.06,0.0233
108,2025-03-22 22:00,11.7,55.92,2.3,230.89,0,吝备,65,48,0.0549,0.0245
108,2025-03-22 23:00,11.12,59.53,1.95,227.19,0,吝备,66,47,0.0538,0.0228
108,2025-03-23 0:00,10.6,62.54,1.99,239.04,0,吝备,67,50,0.0509,0.0248
108,2025-03-23 1:00,10.06,65.51,1.25,230.02,0,吝备,69,48,0.0564,0.0171
108,2025-03-23 2:00,9.4,68.33,0.55,264.89,0,吝备,67,47,0.0488,0.0201
108,2025-03-23 3:00,8.6,70.7,1.21,34.82,0,吝备,69,50,0.0455,0.0208
108,2025-03-23 4:00,7.94,73.25,1.78,39.61,0,吝备,69,50,0.0351,0.0291
108,2025-03-23 5:00,7.66,74.02,1.91,26.36,0,吝备,70,53,0.03,0.0331
108,2025-03-23 6:00,7.24,75.77,2.19,57.34,0,吝备,70,53,0.0324,0.0304
108,2025-03-23 7:00,8.07,73.72,1.83,69.65,0,吝备,73,56,0.0335,0.0314
108,2025-03-23 8:00,10.7,63.86,2.48,66.47,0,吝备,69,54,0.0417,0.0271
108,2025-03-23 9:00,13.38,53.81,2.16,69.6,0,吝备,71,57,0.0498,0.026
108,2025-03-23 10:00,15.84,45.71,1.52,93.52,0,吝备,66,51,0.06,0.0217
108,2025-03-23 11:00,18.02,40.45,1.57,117.83,0,吝备,68,51,0.0624,0.0221
108,2025-03-23 12:00,20.6,33.26,1.84,151.02,0,吝备,70,52,0.0731,0.0197
108,2025-03-23 13:00,22.49,27.63,2.22,209.5,0,吝备,73,51,0.0812,0.0181
108,2025-03-23 14:00,23.8,25.46,2.7,212.16,0,吝备,77,51,0.0898,0.0163
108,2025-03-23 15:00,23.31,28.77,3.43,223.94,0,吝备,82,51,0.0885,0.0161
108,2025-03-23 16:00,22.04,27.15,3.9,229.21,0,吝备,75,44,0.0811,0.0171
108,2025-03-23 17:00,20.84,30.73,3.52,215.08,0,吝备,64,33,0.0779,0.0175
108,2025-03-23 18:00,19.02,39.96,2.74,224.75,0,吝备,67,40,0.0817,0.0187
108,2025-03-23 19:00,17.2,44.78,1.83,236.9,0,吝备,69,48,0.0706,0.0234
108,2025-03-23 20:00,16.24,45.58,1.11,247.67,0,吝备,68,47,0.0609,0.0282
108,2025-03-23 21:00,15.45,45.27,0.62,259.71,0,吝备,70,46,0.0463,0.0353
108,2025-03-23 22:00,14.84,45.9,0.43,49.66,0,吝备,73,49,0.0409,0.0391
108,2025-03-23 23:00,14.54,45.05,0.89,15.86,0,吝备,73,46,0.0421,0.0355
108,2025-03-24 0:00,14.21,45.42,1.5,25.7,0,吝备,72,49,0.0381,0.0375
108,2025-03-24 1:00,13.91,43.45,1.36,7.37,0,吝备,71,51,0.0395,0.0371
108,2025-03-24 2:00,13.66,42.71,1.36,18.24,0,吝备,74,52,0.0429,0.0329
108,2025-03-24 3:00,13.46,43.37,1.15,35.86,0,吝备,75,53,0.0425,0.0327
108,2025-03-24 4:00,12.75,45.27,1.74,21.38,0,吝备,78,51,0.04,0.0342
108,2025-03-24 5:00,13.36,41.57,2.48,231.88,0,吝备,75,53,0.0362,0.0413
108,2025-03-24 6:00,14.17,42.08,2.75,187.88,0,吝备,75,50,0.0586,0.0283
108,2025-03-24 7:00,14.12,46.73,1.95,201.57,0,吝备,75,50,0.0489,0.0363
108,2025-03-24 8:00,14.83,52.62,3.2,201.63,0,吝备,70,40,0.0455,0.0348
108,2025-03-24 9:00,15.93,52.63,3.74,190.9,0,吝备,60,32,0.0493,0.0304
108,2025-03-24 10:00,17.31,50.94,3.83,193.37,0,吝备,59,37,0.0543,0.0246
108,2025-03-24 11:00,18.6,48.61,3.65,218.08,0,吝备,58,39,0.0584,0.0215
108,2025-03-24 12:00,19.67,47.12,3.33,227.58,0,吝备,64,38,0.065,0.0187
108,2025-03-24 13:00,20.85,44.45,3.54,205.93,0,吝备,72,37,,
108,2025-03-24 14:00,20.5,46.06,4.78,240.68,0,吝备,77,42,,
108,2025-03-24 15:00,20.07,46.97,4.63,222.37,0,吝备,79,51,0.0738,0.019
108,2025-03-24 16:00,18.72,49.57,3.91,220.84,0,吝备,83,52,0.0682,0.0209
108,2025-03-24 17:00,17.27,56.21,3.84,237.04,0,吝备,82,53,0.065,0.0226
108,2025-03-24 18:00,16.15,61.34,2.96,245.33,0,吝备,78,51,0.0567,0.0237
108,2025-03-24 19:00,15.3,65.44,3.33,250.05,0,吝备,78,50,0.0515,0.0251
108,2025-03-24 20:00,14.22,70.22,3.44,244.34,0,吝备,81,57,0.058,0.0166
108,2025-03-24 21:00,13.13,74.8,2.92,235.57,0,吝备,81,61,0.0564,0.0148
108,2025-03-24 22:00,12.24,78.87,2.98,237.67,0,吝备,84,61,0.0492,0.0174
108,2025-03-24 23:00,11.76,80.99,3.38,226.36,0,吝备,86,65,0.0513,0.0147
108,2025-03-25 0:00,11.58,80.04,2.23,189.31,0,吝备,97,70,0.051,0.0141
108,2025-03-25 1:00,11.26,79.61,2.3,149.75,0,吝备,98,76,0.0555,0.0122
108,2025-03-25 2:00,10.81,80.36,2.18,153.09,0,吝备,92,73,0.0585,0.0109
108,2025-03-25 3:00,10.81,79.49,2.4,175.16,0,吝备,94,76,0.0557,0.0115
108,2025-03-25 4:00,10.82,77.44,2.78,190.3,0,吝备,110,83,0.0563,0.0117
108,2025-03-25 5:00,10.78,76.86,2.3,169.3,0,吝备,117,86,0.0552,0.0128
108,2025-03-25 6:00,10.56,77.25,2.28,159.25,0,吝备,119,88,0.0512,0.0182
108,2025-03-25 7:00,10.6,78.16,2.82,143.05,0,吝备,119,86,0.0493,0.0218
108,2025-03-25 8:00,11.51,74.67,1.85,145.67,0,吝备,127,83,0.0484,0.0239
108,2025-03-25 9:00,13.12,68.18,3.32,89.86,0,吝备,122,85,0.0455,0.0277
108,2025-03-25 10:00,14.6,62.58,2.58,109.77,0,吝备,121,84,0.0495,0.0266
108,2025-03-25 11:00,16.72,51.52,2.64,104.57,0,吝备,120,78,0.0531,0.0255
108,2025-03-25 12:00,17.95,41.45,2.96,178.7,0,吝备,134,72,0.0537,0.0261
108,2025-03-25 13:00,20.41,35.95,5.58,195.01,0,吝备,141,72,0.0605,0.024
108,2025-03-25 14:00,20.33,38.64,7.18,223.15,0,吝备,178,61,0.0714,0.0164
108,2025-03-25 15:00,17.12,50.72,5.51,230.2,0,吝备,176,58,0.0702,0.0143
108,2025-03-25 16:00,14.74,54.53,5.63,231.61,0,吝备,139,51,0.064,0.0179
108,2025-03-25 17:00,13.47,54.51,4.79,236.78,0,吝备,121,46,0.0606,0.0191
108,2025-03-25 18:00,12.56,54.55,3.73,218.06,0,吝备,109,40,0.0546,0.0216
108,2025-03-25 19:00,10.96,56.93,3.73,213.06,0,吝备,89,28,0.0511,0.0196
108,2025-03-25 20:00,10.05,60.47,2.52,199.92,0,吝备,77,23,0.0441,0.0206
108,2025-03-25 21:00,9.45,63.93,2.55,217.48,0,吝备,76,20,0.0388,0.0212
108,2025-03-25 22:00,8.97,67.4,2.91,212.36,0,吝备,75,19,0.0342,0.0225
108,2025-03-25 23:00,8.6,69.08,2.46,217.92,0,吝备,80,20,0.0348,0.0206
108,2025-03-26 0:00,8.19,71.51,2.63,203.54,0,吝备,83,15,0.0359,0.0185
108,2025-03-26 1:00,8.01,72.58,2.89,207.15,0,吝备,81,15,0.0393,0.0163
108,2025-03-26 2:00,7.58,72.69,1.79,213.88,0,吝备,81,12,0.0393,0.0161
108,2025-03-26 3:00,7.07,74.65,1.09,131.94,0,吝备,83,13,0.0386,0.0155
108,2025-03-26 4:00,6.55,77.17,1.39,40.98,0,吝备,83,16,0.0316,0.021
108,2025-03-26 5:00,6.09,78.94,2.23,40.5,0,吝备,79,16,0.0268,0.0261
108,2025-03-26 6:00,6.28,79.47,3.02,47.28,0,吝备,80,18,0.0203,0.033
108,2025-03-26 7:00,6.9,77.17,2.59,47.24,0,吝备,85,20,0.0162,0.0385
108,2025-03-26 8:00,9.04,68.06,3.61,53.49,0,吝备,86,16,0.0255,0.0312
108,2025-03-26 9:00,11.56,57.34,3.37,58.5,0,吝备,87,16,0.0314,0.0306
108,2025-03-26 10:00,14.16,46.98,3.14,81.9,0,吝备,92,16,0.0376,0.0278
108,2025-03-26 11:00,16.43,38,2.95,72.19,0,吝备,90,16,0.0415,0.0279
108,2025-03-26 12:00,18.59,33.15,2.56,86.64,0,吝备,90,21,0.0433,0.0269
108,2025-03-26 13:00,20.42,27.89,2.47,73.09,0,吝备,89,23,0.0452,0.0265
108,2025-03-26 14:00,21.8,24.58,2.04,69.01,0,吝备,75,13,0.0482,0.0265
108,2025-03-26 15:00,22.79,22.75,1.72,62.86,0,吝备,70,17,0.0493,0.0279
108,2025-03-26 16:00,23.69,21.15,1.57,73.26,0,吝备,68,16,0.0432,0.0377
108,2025-03-26 17:00,23.49,21.55,1.07,92.16,0,吝备,70,13,0.036,0.0473
108,2025-03-26 18:00,22.26,22.61,1.24,31.58,0,吝备,76,30,0.0166,0.0693
108,2025-03-26 19:00,20.53,25.88,1.34,25.01,0,吝备,82,39,0.0062,0.0772
108,2025-03-26 20:00,19.14,27.87,0.73,50.68,0,吝备,82,44,0.0032,0.0818
108,2025-03-26 21:00,18.23,30.05,1.46,246.48,0,吝备,75,36,0.0032,0.0764
108,2025-03-26 22:00,18.58,34.01,2.66,253.69,0,吝备,73,31,0.0123,0.068
108,2025-03-26 23:00,18.29,38.96,2.12,223.51,0,吝备,77,35,0.0182,0.0659
108,2025-03-27 0:00,18.45,47.4,2.1,241.76,0,吝备,73,32,0.05,0.0358
108,2025-03-27 1:00,18.37,54.49,3,258.47,0,吝备,63,31,0.0661,0.0172
108,2025-03-27 2:00,18.04,58.78,2.88,245.4,0,吝备,47,30,0.0662,0.0126
108,2025-03-27 3:00,16.96,62.93,2.33,238.03,0,吝备,48,27,0.0615,0.0128
108,2025-03-27 4:00,16.42,65.81,1.76,246.57,0,吝备,43,27,0.0542,0.0173
108,2025-03-27 5:00,16.16,67.91,2.28,246.06,0,吝备,38,24,0.0527,0.0141
108,2025-03-27 6:00,15.06,77.31,4.11,274.98,0,吝备,38,18,0.0458,0.0143
108,2025-03-27 7:00,13.29,88.07,2.7,258.56,0.15,吝备,41,22,0.0392,0.0155
108,2025-03-27 8:00,13.16,89.01,2.18,259.64,0.2,吝备,22,12,0.0345,0.0173
108,2025-03-27 9:00,13.3,89.29,1.53,268.06,0.2,吝备,26,14,0.0336,0.0175
108,2025-03-27 10:00,14.09,85.61,2.32,263.17,0.2,吝备,26,15,0.0389,0.0159
108,2025-03-27 11:00,14.2,83.7,2.59,270.65,0.2,吝备,18,14,0.0353,0.0195
108,2025-03-27 12:00,14.38,82.46,2.56,296.37,0.2,吝备,20,17,0.0444,0.0124
108,2025-03-27 13:00,15.49,74.77,2.83,279.89,0.2,吝备,21,16,0.0538,0.0097
108,2025-03-27 14:00,17.11,62.95,3.14,297.96,0.2,吝备,34,26,0.0604,0.0082
108,2025-03-27 15:00,18.07,48.58,3.26,279.54,0.2,吝备,59,31,0.0607,0.0096
108,2025-03-27 16:00,17.23,34.94,4.02,269.48,0.2,吝备,100,30,0.0501,0.0105
108,2025-03-27 17:00,15.15,35.85,5.53,289.69,0.2,吝备,141,33,0.0473,0.0098
108,2025-03-27 18:00,13.02,40.6,5.84,280.61,0.2,吝备,75,21,0.0483,0.0112
108,2025-03-27 19:00,11.86,42.16,5.4,289.39,0.2,吝备,46,17,0.0486,0.0107
108,2025-03-27 20:00,10.88,48.13,3.97,294.95,0.2,吝备,45,22,0.0445,0.0112
108,2025-03-27 21:00,9.34,61.15,3.35,289.92,0.23,吝备,45,28,0.042,0.011
108,2025-03-27 22:00,7.76,73.48,3.81,280.17,0.3,吝备,49,28,0.0392,0.0121
108,2025-03-27 23:00,7.27,68.79,2.74,278.02,0.3,吝备,42,32,0.0383,0.0115
108,2025-03-28 0:00,6.91,64.54,3.64,279.73,0.01,吝备,56,44,0.0385,0.0108
108,2025-03-28 1:00,6.47,63.69,3.65,289.52,0,吝备,61,51,0.0393,0.0094
108,2025-03-28 2:00,5.9,62.61,2.97,283.01,0,吝备,60,52,0.0381,0.0095
108,2025-03-28 3:00,5.15,60.97,2.96,293.99,0,吝备,52,41,0.0379,0.0088
108,2025-03-28 4:00,4.46,60.54,3.44,281.66,0,吝备,42,35,0.0362,0.0104
108,2025-03-28 5:00,4.03,60.03,2.55,271.06,0,吝备,37,28,0.0341,0.0121
108,2025-03-28 6:00,3.71,60.11,2.88,276.37,0,吝备,32,21,0.0311,0.0149
108,2025-03-28 7:00,3.85,57.17,2.62,277.67,0,吝备,27,16,0.0306,0.015
108,2025-03-28 8:00,4.33,55.23,3.3,298.82,0,吝备,28,13,0.0306,0.0144
108,2025-03-28 9:00,4.86,56.67,2.92,353.17,0,吝备,27,16,0.0329,0.0116
108,2025-03-28 10:00,7.01,48.71,2.93,293.28,0,吝备,27,14,0.0363,0.0104
108,2025-03-28 11:00,8.46,45.42,3.57,301.6,0,吝备,28,13,0.0415,0.0089
108,2025-03-28 12:00,10.25,35.13,4.03,288.74,0,吝备,26,14,0.0491,0.0074
108,2025-03-28 13:00,11.27,24.16,4.25,283.6,0,吝备,29,12,0.0522,0.0064
108,2025-03-28 14:00,11.47,20.64,4.93,288.71,0,吝备,27,12,0.0533,0.0059
108,2025-03-28 15:00,11.22,18.12,5.61,286.53,0,吝备,27,9,0.0527,0.0057
108,2025-03-28 16:00,10.71,18.11,5.48,295.37,0,吝备,27,7,0.0508,0.0053
108,2025-03-28 17:00,9.84,19.08,5.24,294.08,0,吝备,26,4,0.0491,0.0056
108,2025-03-28 18:00,8.57,20.62,4.86,307.7,0,吝备,25,10,0.0475,0.0062
108,2025-03-28 19:00,7.09,25.14,4.39,309.78,0,吝备,23,9,0.0456,0.0069
108,2025-03-28 20:00,5.77,32.96,4.45,296.34,0,吝备,23,10,0.0448,0.0076
108,2025-03-28 21:00,4.83,35.89,3.92,313.99,0,吝备,23,13,0.0447,0.0071
108,2025-03-28 22:00,4.18,36,2.5,325.08,0,吝备,26,13,0.045,0.0065
108,2025-03-28 23:00,3.73,34.95,1.81,324.82,0,吝备,22,13,0.0458,0.0057
108,2025-03-29 0:00,2.95,34.09,1.83,345.86,0,吝备,22,13,0.046,0.0053
108,2025-03-29 1:00,2.26,34.87,1.84,270.11,0,吝备,23,12,0.0424,0.0084
108,2025-03-29 2:00,1.74,37.57,1.81,279.64,0,吝备,22,10,0.0404,0.01
108,2025-03-29 3:00,1.46,40.49,1.32,278.88,0,吝备,18,12,0.0383,0.0103
108,2025-03-29 4:00,1.08,43.38,1.84,269.92,0,吝备,21,13,0.0308,0.0174
108,2025-03-29 5:00,0.95,44.76,1.94,273.34,0,吝备,21,14,0.035,0.0142
108,2025-03-29 6:00,0.74,48.14,1.56,272.36,0,吝备,19,14,0.0293,0.019
108,2025-03-29 7:00,1.64,52.46,1.73,260.66,0,吝备,21,14,0.0272,0.0238
108,2025-03-29 8:00,4.05,52.12,2.39,221.84,0,吝备,20,12,0.0353,0.0186
108,2025-03-29 9:00,4.8,56.23,3.01,233.68,0,吝备,20,10,0.0357,0.0192
108,2025-03-29 10:00,4.68,65.98,4.42,256.32,0,吝备,21,11,0.0422,0.0124
108,2025-03-29 11:00,4.82,71.46,3.81,263.25,0,吝备,21,11,0.0443,0.011
108,2025-03-29 12:00,5.49,58.84,5.2,269.68,0,吝备,19,14,0.0477,0.0081
108,2025-03-29 13:00,5.31,48.17,5.67,279.12,0,吝备,28,14,0.0468,0.0067
108,2025-03-29 14:00,5.68,40.16,5.59,278.32,0,吝备,23,13,0.0471,0.0058
108,2025-03-29 15:00,6.08,23.01,7.27,291.96,0,吝备,24,6,0.0492,0.0043
108,2025-03-29 16:00,5.65,19.84,5.81,292.73,0,吝备,23,6,0.0472,0.0045
108,2025-03-29 17:00,4.95,20.98,6.29,288.85,0,吝备,18,3,0.0464,0.0049
108,2025-03-29 18:00,3.71,22.72,5.23,295.05,0,吝备,20,6,0.0453,0.0055
108,2025-03-29 19:00,2.56,24.88,3.79,301.01,0,吝备,17,8,0.0438,0.0067
108,2025-03-29 20:00,1.79,28.09,3.42,281.44,0,吝备,14,9,0.0441,0.0063
108,2025-03-29 21:00,1.48,31.1,3.38,278.27,0,吝备,16,8,0.0438,0.0066
108,2025-03-29 22:00,1.14,36.45,3.32,260.79,0,吝备,17,10,0.0424,0.0073
108,2025-03-29 23:00,0.79,42.26,3.11,257.08,0,吝备,21,9,0.0407,0.0076
108,2025-03-30 0:00,0.59,48.63,2.91,263.48,0,吝备,20,8,0.0401,0.008
108,2025-03-30 1:00,0.33,51.14,2.48,261.33,0,吝备,18,10,0.0397,0.0067
108,2025-03-30 2:00,-0.08,53.99,2.42,254.94,0,吝备,17,11,0.0397,0.006
108,2025-03-30 3:00,-0.42,59.23,2.14,269.15,0,吝备,19,12,0.0379,0.0072
108,2025-03-30 4:00,-0.88,63.59,1.64,269.09,0,吝备,21,10,0.0359,0.0085
108,2025-03-30 5:00,-1.19,65.28,1.29,303.45,0,吝备,16,10,0.0338,0.0106
108,2025-03-30 6:00,-1.53,65.44,0.82,299.88,0,吝备,15,7,0.0327,0.0112
108,2025-03-30 7:00,-1.18,61.49,1.02,261.34,0,吝备,17,11,0.0333,0.0116
108,2025-03-30 8:00,1.45,41.95,2.04,258.86,0,吝备,19,10,0.0343,0.012
108,2025-03-30 9:00,3.72,36.7,2.56,230.84,0,吝备,14,5,0.0336,0.0136
108,2025-03-30 10:00,5.56,39.57,3.78,230.24,0,吝备,18,9,0.0372,0.0108
108,2025-03-30 11:00,5.23,48.09,4.53,267.47,0,吝备,24,14,0.0406,0.0075
108,2025-03-30 12:00,4.83,66.16,4.18,249.39,0,吝备,21,12,0.0407,0.008
108,2025-03-30 13:00,5.32,61.41,3.03,269.59,0,吝备,17,8,0.0447,0.0077
108,2025-03-30 14:00,5.56,55.61,4.15,261.07,0,吝备,19,10,0.0468,0.0076
108,2025-03-30 15:00,4.94,58.21,3.71,280.32,0,吝备,21,11,0.049,0.0065
108,2025-03-30 16:00,6.52,48.65,3.56,279.78,0,吝备,14,6,0.0483,0.0073
108,2025-03-30 17:00,7.34,32.78,3.98,253.87,0,吝备,17,2,0.0493,0.0067
108,2025-03-30 18:00,6.19,33.09,4.09,259.13,0,吝备,22,12,0.0525,0.0084
108,2025-03-30 19:00,5.16,43.68,3.13,237.73,0,吝备,23,13,0.0496,0.0123
108,2025-03-30 20:00,4.69,46.99,2.94,239.27,0,吝备,21,13,0.0452,0.0153
108,2025-03-30 21:00,4.58,50.78,2.93,228.29,0,吝备,20,9,0.0434,0.0149
108,2025-03-30 22:00,4.4,53.27,2.17,251.03,0,吝备,20,7,0.0419,0.0154
108,2025-03-30 23:00,4.29,55.37,2.02,257.84,0,吝备,21,8,0.0436,0.013
108,2025-03-31 0:00,4,58.05,1.42,285.79,0,吝备,18,6,0.0403,0.0145
108,2025-03-31 1:00,3.37,58.23,0.69,311.54,0,吝备,21,11,0.0394,0.0145
108,2025-03-31 2:00,2.83,61.29,0.55,306.71,0,吝备,20,9,0.0349,0.0169
108,2025-03-31 3:00,2.38,64.2,0.69,308.71,0,吝备,20,8,0.032,0.0179
108,2025-03-31 4:00,2.19,66.03,1.39,32.3,0,吝备,18,9,0.029,0.0199
108,2025-03-31 5:00,1.66,68.07,2.22,38.3,0,吝备,21,12,0.0195,0.0286
108,2025-03-31 6:00,1.26,70.04,2.47,46.48,0,吝备,21,14,0.0129,0.0371
108,2025-03-31 7:00,2.31,69.53,1.86,54.37,0,吝备,23,15,0.0118,0.0403
108,2025-03-31 8:00,4.76,63.2,1.85,61.73,0,吝备,26,16,0.0132,0.0412
108,2025-03-31 9:00,7.14,60.02,1.56,115.84,0,吝备,29,15,0.0233,0.0339
108,2025-03-31 10:00,9.11,54.24,2.27,210.86,0,吝备,32,20,0.0388,0.0221
108,2025-03-31 11:00,10.82,44.56,2.4,207.02,0,吝备,31,20,0.0402,0.0231
108,2025-03-31 12:00,12.28,40.1,2.53,207.19,0,吝备,34,23,0.049,0.0182
108,2025-03-31 13:00,13.16,36.41,3.17,213.62,0,吝备,37,26,0.056,0.0155
108,2025-03-31 14:00,13.46,31.08,3.21,250.6,0,吝备,36,27,0.0651,0.0148
108,2025-03-31 15:00,13.78,27.22,3.61,233.37,0,吝备,28,22,0.0642,0.0117
108,2025-03-31 16:00,13.15,23.24,3.63,205.53,0,吝备,22,15,0.0521,0.015
108,2025-03-31 17:00,12.19,22.38,3.62,225.31,0,吝备,16,12,0.0485,0.0148
108,2025-03-31 18:00,10.81,24.05,2.91,223.96,0,吝备,20,14,0.0476,0.0155
108,2025-03-31 19:00,9.37,27.45,2.86,257.81,0,吝备,18,14,0.0456,0.0197
108,2025-03-31 20:00,8.32,38.74,2.66,263.52,0,吝备,30,25,0.0423,0.027
108,2025-03-31 21:00,7.54,50.27,2.02,267.44,0,吝备,46,34,0.0391,0.0309
108,2025-03-31 22:00,7.11,61.11,1.66,248.92,0,吝备,47,38,0.0433,0.0266
108,2025-03-31 23:00,6.98,68.41,1.66,228.39,0,吝备,48,34,0.0503,0.0186
108,2025-04-01 0:00,6.77,72.14,1.38,225.37,0,吝备,51,36,0.043,0.0223
108,2025-04-01 1:00,6.22,75.53,0.78,320.88,0,吝备,52,38,0.0409,0.0218
108,2025-04-01 2:00,5.64,78.17,0.46,359.97,0,吝备,49,38,0.0371,0.0219
108,2025-04-01 3:00,5.19,80.86,0.93,35.18,0,吝备,49,37,0.0323,0.0253
108,2025-04-01 4:00,4.84,82.15,1.09,31.14,0,吝备,50,39,0.0244,0.0296
108,2025-04-01 5:00,4.61,82.72,1.34,32.5,0,吝备,52,41,0.0189,0.0337
108,2025-04-01 6:00,4.07,83.09,1.84,36.13,0,吝备,53,43,0.0077,0.0478
108,2025-04-01 7:00,4.31,81.64,2.11,37.39,0,吝备,51,40,0.0074,0.0509
108,2025-04-01 8:00,6.39,75.17,1.75,55.88,0,吝备,54,43,0.0174,0.0471
108,2025-04-01 9:00,9.13,69.39,1.75,88.95,0,吝备,58,41,0.0365,0.0351
108,2025-04-01 10:00,11.25,57.84,1.9,146.42,0,吝备,63,41,0.0438,0.0326
108,2025-04-01 11:00,13.27,48.24,1.32,191.06,0,吝备,64,41,0.0534,0.0271
108,2025-04-01 12:00,14.72,38.08,2.51,207.89,0,吝备,61,42,0.0645,0.0216
108,2025-04-01 13:00,16.11,33.41,2.38,199.95,0,吝备,65,44,0.0678,0.0211
108,2025-04-01 14:00,16.71,28.72,2.8,222.94,0,吝备,65,41,0.0825,0.0193
108,2025-04-01 15:00,16.75,27.06,3.27,237.89,0,吝备,62,44,0.0801,0.0192
108,2025-04-01 16:00,16.14,27.72,3.59,263.24,0,吝备,56,40,0.0769,0.0177
108,2025-04-01 17:00,15.09,24.87,3.34,258.65,0,吝备,43,26,0.0705,0.0155
108,2025-04-01 18:00,13.54,30.65,3.14,266.97,0,吝备,43,30,0.0668,0.0193
108,2025-04-01 19:00,11.72,35.02,2.2,256.73,0,吝备,51,34,0.0636,0.022
108,2025-04-01 20:00,10.51,39.87,1.56,244.85,0,吝备,46,33,0.0558,0.0244
108,2025-04-01 21:00,9.49,44.16,0.9,282.32,0,吝备,45,29,0.0442,0.0341
108,2025-04-01 22:00,8.92,45.66,1.15,32.84,0,吝备,44,31,0.0355,0.0383
108,2025-04-01 23:00,8.34,47.83,0.82,16.69,0,吝备,42,33,0.0327,0.039
108,2025-04-02 0:00,7.64,50.42,1.26,275.87,0,吝备,43,33,0.0183,0.0512
108,2025-04-02 1:00,7.1,55.07,2.38,253.56,0,吝备,45,35,0.0298,0.0388
108,2025-04-02 2:00,6.8,63.83,2.46,240.26,0,吝备,45,35,0.0404,0.0241
108,2025-04-02 3:00,6.23,65.03,1.02,293.85,0,吝备,39,31,0.0334,0.028
108,2025-04-02 4:00,5.67,65.56,0.98,288.72,0,吝备,38,29,0.0202,0.0397
108,2025-04-02 5:00,5.38,63.76,1.53,28.6,0,吝备,40,30,0.0203,0.0394
108,2025-04-02 6:00,5.23,62.41,1.13,2.29,0,吝备,37,29,0.0094,0.0516
108,2025-04-02 7:00,5.85,62.55,1.68,40.57,0,吝备,41,33,0.0103,0.0556
108,2025-04-02 8:00,8.38,57.26,1.8,50.98,0,吝备,49,38,0.0147,0.0574
108,2025-04-02 9:00,11.1,48,2.05,52.04,0,吝备,57,45,0.0202,0.0586
108,2025-04-02 10:00,13.17,40.11,1.85,63.96,0,吝备,64,45,0.0396,0.0416
108,2025-04-02 11:00,14.13,35.37,2.12,203.35,0,吝备,71,45,0.0411,0.0427
108,2025-04-02 12:00,13.87,30.91,3.1,261.32,0,吝备,64,48,0.052,0.0346
108,2025-04-02 13:00,13.28,27.18,3.84,248.41,0,吝备,56,42,0.0685,0.0249
108,2025-04-02 14:00,12.3,25.38,4.83,257.88,0,吝备,51,33,0.0755,0.0189
108,2025-04-02 15:00,11.44,31.83,3.55,255.73,0,吝备,46,29,0.0691,0.0164
108,2025-04-02 16:00,10.03,53.72,3.49,265.44,0,吝备,43,29,0.0587,0.0209
108,2025-04-02 17:00,9.08,62.94,2.65,285.5,0,吝备,36,27,0.0594,0.0166
108,2025-04-02 18:00,9.25,57.18,1.18,270.07,0,吝备,29,24,0.0589,0.0186
108,2025-04-02 19:00,9.07,57.52,1.19,62.15,0,吝备,29,22,0.0527,0.0231
108,2025-04-02 20:00,8.72,60.53,3.5,77.75,0,吝备,33,27,0.0551,0.0191
108,2025-04-02 21:00,7.59,68.73,4.35,55.28,0,吝备,33,27,0.0557,0.0175
108,2025-04-02 22:00,7.04,72.28,3.44,72.5,0,吝备,33,30,0.0575,0.0156
108,2025-04-02 23:00,6.64,73.17,2.77,52.37,0,吝备,34,31,0.0551,0.0175
108,2025-04-03 0:00,6.61,73.4,3.27,49.97,0,吝备,35,31,0.057,0.0157
108,2025-04-03 1:00,6,75.1,2.87,43.62,0,吝备,37,37,0.0565,0.0144
108,2025-04-03 2:00,5.5,76.76,2.88,51.29,0,吝备,37,37,0.0562,0.0138
108,2025-04-03 3:00,5.14,77.1,1.83,37.08,0,吝备,41,36,0.05,0.0158
108,2025-04-03 4:00,4.52,78.02,2.04,46.11,0,吝备,42,37,0.0373,0.0269
108,2025-04-03 5:00,4.15,80.16,1.45,52.25,0,吝备,46,39,0.0412,0.0233
108,2025-04-03 6:00,3.76,81.58,1.92,39.13,0,吝备,45,40,0.0244,0.0377
108,2025-04-03 7:00,4.49,81.27,1.84,53.72,0,吝备,44,39,0.0279,0.0327
108,2025-04-03 8:00,6.78,73.33,1.67,16.88,0,吝备,42,37,0.0313,0.0311
108,2025-04-03 9:00,9.6,59.79,2.42,63.88,0,吝备,28,19,0.0409,0.0207
108,2025-04-03 10:00,11.79,48.71,2.47,72.34,0,吝备,21,17,0.0412,0.0206
108,2025-04-03 11:00,13.33,42.21,1.93,103.66,0,吝备,18,14,0.0458,0.0168
108,2025-04-03 12:00,14.82,35.22,2.1,129.68,0,吝备,20,15,0.0526,0.0145
108,2025-04-03 13:00,15.8,31.25,2.56,192.12,0,吝备,26,17,0.0543,0.0156
108,2025-04-03 14:00,16.48,30.33,2.86,225.68,0,吝备,28,21,0.0541,0.0181
108,2025-04-03 15:00,16.65,34.59,3.2,218.26,0,吝备,27,22,0.061,0.0182
108,2025-04-03 16:00,15.21,41.71,4.44,258.93,0,吝备,36,27,0.0677,0.0166
108,2025-04-03 17:00,13.61,42.99,4.74,258.66,0,吝备,31,23,0.0643,0.0169
108,2025-04-03 18:00,11.98,45.93,4.13,256.66,0,吝备,34,26,0.059,0.0178
108,2025-04-03 19:00,10.68,52.03,1.78,244.31,0,吝备,28,23,0.0531,0.019
108,2025-04-03 20:00,9.82,58.54,1.61,254.35,0,吝备,31,22,0.0487,0.0204
108,2025-04-03 21:00,9.01,63.5,1.55,265.33,0,吝备,32,24,0.0457,0.0213
108,2025-04-03 22:00,8.23,66.11,1.08,261.54,0,吝备,38,27,0.0344,0.03
108,2025-04-03 23:00,7.66,67.5,1.27,244.19,0,吝备,39,33,0.0223,0.0409
108,2025-04-04 0:00,7.33,69.23,1.61,249.97,0,吝备,42,38,0.0301,0.0291
108,2025-04-04 1:00,7.25,70.57,1.59,261.8,0,吝备,43,36,0.026,0.0334
108,2025-04-04 2:00,7.21,71.58,1.08,267.06,0,吝备,53,46,0.0206,0.0377
108,2025-04-04 3:00,6.66,75.78,1.22,234.93,0,吝备,59,58,0.034,0.0244
108,2025-04-04 4:00,6.29,80.85,0.99,276.73,0,吝备,62,55,0.0351,0.0229
108,2025-04-04 5:00,6.23,81.22,1.62,217.07,0,吝备,63,52,0.0329,0.0253
108,2025-04-04 6:00,6.07,80.59,1.1,91.11,0,吝备,57,53,0.0267,0.0326
108,2025-04-04 7:00,6.23,81.49,1.01,20.88,0,吝备,51,44,0.0342,0.0307
108,2025-04-04 8:00,8.02,72.47,1.47,207.97,0,吝备,45,38,0.0308,0.0374
108,2025-04-04 9:00,10.08,60.66,1.83,197.97,0,吝备,41,36,0.0414,0.0291
108,2025-04-04 10:00,11.85,51.35,2.35,212.93,0,吝备,39,30,0.0466,0.027
108,2025-04-04 11:00,13.31,44.39,2.87,230.73,0,吝备,35,27,0.0528,0.0226
108,2025-04-04 12:00,14.81,39.62,3.05,213.28,0,吝备,37,28,0.0661,0.0195
108,2025-04-04 13:00,15.5,33.21,3.94,221.29,0,吝备,42,30,0.0778,0.017
108,2025-04-04 14:00,16.12,31.2,3.96,222.57,0,吝备,27,25,0.0697,0.018
108,2025-04-04 15:00,15.8,32.46,3.81,254.51,0,吝备,29,24,0.073,0.0157
108,2025-04-04 16:00,15.34,35.67,3.94,234.46,0,吝备,26,19,0.0653,0.0159
108,2025-04-04 17:00,14.2,33.68,3.73,257.19,0,吝备,23,17,0.0571,0.018
108,2025-04-04 18:00,12.65,34.26,2.79,261.86,0,吝备,22,15,0.0547,0.0197
108,2025-04-04 19:00,11.32,39.3,2.11,267.1,0,吝备,24,16,0.0497,0.0236
108,2025-04-04 20:00,10.51,47.71,1.02,325.12,0,吝备,25,18,0.0443,0.0266
108,2025-04-04 21:00,9.72,50.28,1.52,258.68,0,吝备,26,22,0.0372,0.033
108,2025-04-04 22:00,9.64,55.88,2.74,248.61,0,吝备,31,25,0.0407,0.0289
108,2025-04-04 23:00,9.54,57.64,1.91,223.66,0,吝备,32,27,0.0481,0.0204
108,2025-04-05 0:00,9.44,58.68,2.77,214.25,0,吝备,35,28,0.053,0.0151
108,2025-04-05 1:00,8.89,65.72,2.83,248.37,0,吝备,32,25,0.0528,0.0135
108,2025-04-05 2:00,8.36,70.79,1.99,34.91,0,吝备,38,33,0.0432,0.0179
108,2025-04-05 3:00,8.34,69.87,2.16,69.67,0,吝备,38,33,0.0468,0.0158
108,2025-04-05 4:00,8.45,68.33,0.99,101.87,0,吝备,34,27,0.0481,0.015
108,2025-04-05 5:00,8.67,68.46,0.78,147.54,0,吝备,34,27,0.05,0.0141
108,2025-04-05 6:00,8.84,69.56,1.25,109.81,0,吝备,34,26,0.0438,0.0213
108,2025-04-05 7:00,8.96,72.26,0.84,72.56,0.07,吝备,37,30,0.0457,0.0194
108,2025-04-05 8:00,8.57,84.13,1.47,13.47,1.16,吝备,41,35,0.0363,0.0237
108,2025-04-05 9:00,8.29,88.7,1.91,154.12,4.04,吝备,42,36,0.0253,0.0327
108,2025-04-05 10:00,7.97,87.47,1.47,161.87,8.13,吝备,30,24,0.04,0.0256
108,2025-04-05 11:00,7.77,86.62,0.99,53.71,11.67,吝备,15,11,0.0414,0.0238
108,2025-04-05 12:00,7.94,89.4,1.93,37.47,13.75,吝备,10,9,0.0413,0.0259
108,2025-04-05 13:00,7.83,90.41,2.77,50.61,14.9,吝备,8,8,0.0429,0.0251
108,2025-04-05 14:00,7.72,89.62,2.6,48.76,15.4,吝备,10,7,0.0419,0.0251
108,2025-04-05 15:00,7.77,90.05,2.33,46.97,15.49,吝备,10,6,0.0458,0.0206
108,2025-04-05 16:00,7.62,89.88,2.54,54.21,15.5,吝备,6,6,0.0419,0.023
108,2025-04-05 17:00,7.57,93.44,2.38,57.29,16.74,吝备,11,6,0.0317,0.0314
108,2025-04-05 18:00,7.67,94.33,2.37,49.52,19.5,吝备,13,12,0.0305,0.0301
108,2025-04-05 19:00,7.58,94.3,2.21,58.26,21.5,吝备,12,12,0.0343,0.0236
108,2025-04-05 20:00,7.6,93.04,2.01,71.41,22,吝备,9,6,0.036,0.0208
108,2025-04-05 21:00,7.6,92.91,1.37,50.81,22.52,吝备,8,6,0.0379,0.0174
108,2025-04-05 22:00,7.7,92.22,1,332.11,22.8,吝备,15,13,0.0368,0.019
108,2025-04-05 23:00,7.88,92.41,1.5,256.19,22.8,吝备,23,20,0.0338,0.0196
108,2025-04-06 0:00,7.71,93.34,2.34,271.13,0.38,吝备,27,25,0.0331,0.0143
108,2025-04-06 1:00,7.46,92.37,2.48,281.75,0,吝备,15,13,0.0367,0.0113
108,2025-04-06 2:00,7.47,92.3,2.09,282.29,0,吝备,14,13,0.0374,0.0104
108,2025-04-06 3:00,7.35,91.77,2.76,272.01,0,吝备,17,15,0.0388,0.0093
108,2025-04-06 4:00,7.33,91.8,2.66,262.08,0,吝备,13,12,0.0426,0.0086
108,2025-04-06 5:00,7.21,88.44,3.04,269.39,0,吝备,16,13,0.049,0.0073
108,2025-04-06 6:00,7.02,86.15,1.29,215.19,0,吝备,14,12,0.0509,0.007
108,2025-04-06 7:00,7.2,85.94,1.71,257.22,0,吝备,12,11,0.0462,0.0109
108,2025-04-06 8:00,7.93,84.44,2.84,226.62,0,吝备,15,12,0.0435,0.0144
108,2025-04-06 9:00,8.31,83.48,2.54,226.59,0,吝备,16,11,0.0437,0.0135
108,2025-04-06 10:00,10.25,71.01,2.56,199.96,0,吝备,8,8,0.048,0.0132
108,2025-04-06 11:00,12.26,58.48,2.86,198.53,0,吝备,18,10,0.0488,0.0135
108,2025-04-06 12:00,13.67,45.08,4.3,236.34,0,吝备,25,16,0.0533,0.0129
108,2025-04-06 13:00,14.75,39.13,3.62,231.51,0,吝备,28,20,0.0605,0.0125
108,2025-04-06 14:00,15.32,38.25,3.65,247.86,0,吝备,32,20,0.0643,0.0128
108,2025-04-06 15:00,15.51,38,3.75,250.6,0,吝备,32,19,0.061,0.0147
108,2025-04-06 16:00,15.03,40.39,3.77,231.02,0,吝备,32,19,0.0579,0.0167
108,2025-04-06 17:00,13.65,41.32,4.08,243.86,0,吝备,35,18,0.0573,0.0173
108,2025-04-06 18:00,12.35,44.43,3.07,234.88,0,吝备,37,23,0.0595,0.0177
108,2025-04-06 19:00,11.01,52.04,3,212.85,0,吝备,39,25,0.0542,0.0207
108,2025-04-06 20:00,10.07,60.5,2.25,238.02,0,吝备,38,24,0.05,0.0211
108,2025-04-06 21:00,9.3,68.13,2.19,234.42,0,吝备,36,22,0.0492,0.0198
108,2025-04-06 22:00,8.66,72.77,2.48,237.46,0,吝备,35,20,0.0463,0.0201
108,2025-04-06 23:00,8.04,76.03,1.86,242.22,0,吝备,37,24,0.0451,0.0193
108,2025-04-07 0:00,7.56,78.24,1.5,258.73,0,吝备,39,22,0.0447,0.0185
108,2025-04-07 1:00,7.12,79.57,1.02,249.19,0,吝备,40,23,0.0414,0.0214
108,2025-04-07 2:00,6.92,80.93,1.17,268.01,0,吝备,37,24,0.0412,0.0185
108,2025-04-07 3:00,6.69,81.8,1.22,269.41,0,吝备,36,23,0.0371,0.02
108,2025-04-07 4:00,6.33,83.26,0.77,313.19,0,吝备,36,24,0.03,0.0232
108,2025-04-07 5:00,5.97,85.15,0.48,336.69,0,吝备,37,28,0.0287,0.0224
108,2025-04-07 6:00,5.61,86.79,0.96,16.39,0,吝备,37,26,0.0211,0.0304
108,2025-04-07 7:00,6.23,87.48,1.84,29.7,0,吝备,42,29,0.0163,0.0403
108,2025-04-07 8:00,8.83,78.17,1.98,37.41,0,吝备,48,38,0.023,0.0403
108,2025-04-07 9:00,11.57,59.65,1.61,127.85,0,吝备,43,30,0.0338,0.0352
108,2025-04-07 10:00,13.79,46.56,2.26,179.24,0,吝备,40,30,0.0399,0.031
108,2025-04-07 11:00,15.95,34.79,2.83,182.15,0,吝备,37,21,0.0524,0.0227
108,2025-04-07 12:00,17.71,31.34,3.25,192.9,0,吝备,41,26,0.0617,0.021
108,2025-04-07 13:00,18.93,30.57,4.21,192.9,0,吝备,47,34,0.0695,0.0199
108,2025-04-07 14:00,19.83,28.93,3.92,198.15,0,吝备,43,25,0.0728,0.0186
108,2025-04-07 15:00,19.93,30,5.05,208.26,0,吝备,46,23,0.0768,0.0193
108,2025-04-07 16:00,19.51,33.86,4.93,198.4,0,吝备,50,26,0.0747,0.0219
108,2025-04-07 17:00,18.6,38.42,4.91,190.63,0,吝备,54,30,0.0772,0.0202
108,2025-04-07 18:00,17.15,43.55,5.04,193.83,0,吝备,59,36,0.0825,0.0187
108,2025-04-07 19:00,16.32,46.66,4.11,188.79,0,吝备,53,34,0.0803,0.0212
108,2025-04-07 20:00,15.78,47.39,1.38,140.58,0,吝备,60,37,0.0741,0.0236
108,2025-04-07 21:00,15.82,45.03,3.49,184.36,0,吝备,54,31,0.0749,0.0197
108,2025-04-07 22:00,15.48,46.73,4.09,212.96,0,吝备,44,28,0.0794,0.0147
108,2025-04-07 23:00,14.79,50.38,3.44,220.06,0,吝备,45,25,0.0812,0.0129
108,2025-04-08 0:00,14,54.55,3.58,236.03,0,吝备,44,26,0.0816,0.0117
108,2025-04-08 1:00,13.44,60.18,4.6,226.63,0,吝备,45,23,0.0828,0.0101
108,2025-04-08 2:00,12.44,70.22,3.86,213.86,0,吝备,49,24,0.0822,0.0097
108,2025-04-08 3:00,11.75,75.99,3.12,211.73,0,吝备,61,31,0.0789,0.0101
108,2025-04-08 4:00,11.38,78.17,2.52,245.03,0,吝备,75,42,0.0746,0.0121
108,2025-04-08 5:00,11,79.53,1.79,268.54,0,吝备,70,33,0.0751,0.0114
108,2025-04-08 6:00,10.75,80.42,1.99,258.94,0,吝备,72,37,0.0694,0.0145
108,2025-04-08 7:00,10.82,80.64,2.25,264,0,吝备,76,39,0.0611,0.0218
108,2025-04-08 8:00,11.31,78.87,2.66,259.27,0,吝备,81,43,0.0588,0.024
108,2025-04-08 9:00,12.54,72.02,3.03,259.76,0,吝备,75,36,0.0688,0.017
108,2025-04-08 10:00,13.82,62.31,2.95,266.78,0,吝备,68,35,0.0651,0.0175
108,2025-04-08 11:00,15.26,44.6,4.09,281.82,0,吝备,57,32,0.0678,0.0099
108,2025-04-08 12:00,16.33,32.12,4.64,292.13,0,吝备,55,21,0.0607,0.0081
108,2025-04-08 13:00,16.76,31.26,5.23,288.58,0,吝备,41,13,0.0596,0.0068
108,2025-04-08 14:00,17.74,33.11,4,286.16,0,吝备,49,30,0.0667,0.008
108,2025-04-08 15:00,18.52,35.5,3.46,246.83,0,吝备,,,,
108,2025-04-08 16:00,18.15,35.51,3.87,219.64,0,吝备,,,,
108,2025-04-08 17:00,17.43,36.24,3.76,235.8,0,吝备,50,19,0.0463,0.0148
108,2025-04-08 18:00,16.04,37.31,3.58,257.22,0,吝备,49,29,0.0483,0.0173
108,2025-04-08 19:00,14.61,39.58,3.01,258.18,0,吝备,43,23,0.0444,0.0208
108,2025-04-08 20:00,13.71,41.29,2.76,254.74,0,吝备,40,24,0.0348,0.0291
108,2025-04-08 21:00,12.95,44.07,1.42,260.07,0,吝备,46,27,0.0267,0.0363
108,2025-04-08 22:00,12.21,48.24,1.47,266.53,0,吝备,47,28,0.0185,0.0438
108,2025-04-08 23:00,11.52,52.1,1.99,252.93,0,吝备,41,26,0.0156,0.0458
108,2025-04-09 0:00,10.84,56.41,1.34,229.25,0,吝备,41,27,0.0181,0.0403
108,2025-04-09 1:00,9.99,60.38,1.46,28.79,0,吝备,41,26,0.0125,0.0438
108,2025-04-09 2:00,9.47,62.19,1.08,75.01,0,吝备,40,24,0.0091,0.047
108,2025-04-09 3:00,9.56,65.64,1.59,299.26,0,吝备,40,26,0.0105,0.0447
108,2025-04-09 4:00,8.92,66.43,2.43,37.77,0,吝备,37,26,0.0086,0.045
108,2025-04-09 5:00,8.78,64.84,1.74,50.7,0,吝备,39,22,0.0155,0.0368
108,2025-04-09 6:00,8.54,66.66,1.98,30.38,0,吝备,40,24,0.0096,0.0442
108,2025-04-09 7:00,9.44,64.82,2.27,44.19,0,吝备,40,25,0.0127,0.0428
108,2025-04-09 8:00,11.51,53.57,1.73,75.02,0,吝备,44,23,0.0248,0.0353
108,2025-04-09 9:00,13.35,46.39,2.32,70.57,0,吝备,42,28,0.0274,0.0372
108,2025-04-09 10:00,14.64,42.85,2.47,85.48,0,吝备,52,29,0.029,0.0373
108,2025-04-09 11:00,15.64,40.08,1.99,134.71,0,吝备,56,27,0.0421,0.0264
108,2025-04-09 12:00,17.06,34.74,3.1,205.89,0,吝备,60,24,0.0478,0.0235
108,2025-04-09 13:00,17.65,32.02,3.19,224.76,0,吝备,74,31,0.0588,0.0207
108,2025-04-09 14:00,16.86,32.4,4.36,228.66,0,吝备,45,30,0.0616,0.0201
108,2025-04-09 15:00,15.66,31.22,3.42,211.04,0,吝备,,,,
108,2025-04-09 16:00,14.91,34.33,1.5,177.65,0,吝备,,,,
108,2025-04-09 17:00,14.93,36.77,0.96,135.99,0,吝备,,,,
108,2025-04-09 18:00,14.65,41.99,1.12,335.61,0.01,吝备,,,,
108,2025-04-09 19:00,13.18,57.68,2.2,271.66,0.47,吝备,38,21,0.0453,0.0265
108,2025-04-09 20:00,12.14,63.73,1.88,299.06,0.8,吝备,36,25,0.036,0.0324
108,2025-04-09 21:00,12.04,60.37,1.64,253,0.8,吝备,42,33,0.0387,0.0273
108,2025-04-09 22:00,11.94,62.1,1.15,247.9,0.8,吝备,43,30,0.04,0.0258
108,2025-04-09 23:00,11.74,64.03,1.79,260.83,0.8,吝备,52,32,0.04,0.0259
108,2025-04-10 0:00,11.51,65.83,2.03,259.07,0.01,吝备,61,35,0.0371,0.0254
108,2025-04-10 1:00,11.05,66.75,1.98,272.14,0,吝备,51,39,0.0433,0.0185
108,2025-04-10 2:00,10.7,70.12,1.33,236.83,0,吝备,48,35,0.0465,0.0136
108,2025-04-10 3:00,10.43,70.47,1.19,257.99,0,吝备,47,36,0.0458,0.014
108,2025-04-10 4:00,10.25,69.43,1.45,272.65,0,吝备,48,35,0.0401,0.0177
108,2025-04-10 5:00,9.62,71.08,1.37,273.57,0,吝备,51,40,0.0279,0.0264
108,2025-04-10 6:00,8.97,79.13,1.22,274.39,0,吝备,52,43,0.0253,0.0242
108,2025-04-10 7:00,9.29,80.72,1.5,276.46,0,吝备,53,43,0.028,0.0225
108,2025-04-10 8:00,10.76,74.22,1.16,286.28,0,吝备,53,44,0.0321,0.0248
108,2025-04-10 9:00,12.87,64.41,2.16,202.45,0,吝备,48,38,0.0428,0.0232
108,2025-04-10 10:00,14.03,55.71,2.63,301.86,0,吝备,40,31,0.0576,0.0146
108,2025-04-10 11:00,15.38,50.33,2.8,283.64,0,吝备,35,21,0.0657,0.01
108,2025-04-10 12:00,16.01,47.88,2.93,291,0,吝备,28,20,0.0691,0.0095
108,2025-04-10 13:00,17.15,43.05,3.03,279.48,0,吝备,27,22,0.0732,0.0074
108,2025-04-10 14:00,18.01,41.53,3.16,287.43,0,吝备,26,19,0.0722,0.0072
108,2025-04-10 15:00,18.67,42.14,3.18,269.77,0,吝备,24,17,0.0702,0.0086
108,2025-04-10 16:00,18.56,45.34,3.49,255.51,0,吝备,31,22,0.0685,0.0102
108,2025-04-10 17:00,16.81,49.39,4.27,266.89,0,吝备,39,26,0.0669,0.0122
108,2025-04-10 18:00,14.88,51.47,3.74,266.07,0,吝备,42,33,0.0642,0.0133
108,2025-04-10 19:00,13.34,53.79,2.74,253.26,0,吝备,36,26,0.0631,0.0127
108,2025-04-10 20:00,12.5,56.49,1.68,234.66,0,吝备,35,25,0.0586,0.0147
108,2025-04-10 21:00,12,59.34,1.49,269.63,0,吝备,38,28,0.0459,0.0248
108,2025-04-10 22:00,11.54,62.14,1.27,273.43,0,吝备,40,33,0.0377,0.0309
108,2025-04-10 23:00,11.18,64.86,1.21,278.74,0,吝备,42,34,0.027,0.0398
108,2025-04-11 0:00,10.88,66.55,1.21,266.22,0,吝备,44,37,0.0184,0.048
108,2025-04-11 1:00,10.35,69.28,0.8,296.59,0,吝备,48,35,0.0197,0.04
108,2025-04-11 2:00,9.93,71.36,0.96,345.45,0,吝备,48,38,0.0149,0.0423
108,2025-04-11 3:00,9.62,74.78,2.57,257.41,0,吝备,51,38,0.024,0.0342
108,2025-04-11 4:00,9.18,78.35,1.77,260.43,0,吝备,63,54,0.0251,0.029
108,2025-04-11 5:00,8.53,79.59,1.23,38.09,0,吝备,68,56,0.0175,0.0353
108,2025-04-11 6:00,8.18,81.13,2.11,26.09,0,吝备,63,53,0.0116,0.0403
108,2025-04-11 7:00,9.3,79.2,1.91,27.86,0,吝备,56,44,0.013,0.0395
108,2025-04-11 8:00,12.1,69.55,1.51,68.74,0,吝备,59,49,0.0241,0.0344
108,2025-04-11 9:00,15.03,58.04,1.82,91.09,0,吝备,56,40,0.0292,0.0359
108,2025-04-11 10:00,17.31,50.03,1.54,61.81,0,吝备,56,40,0.0431,0.0307
108,2025-04-11 11:00,19.65,43.17,1.62,113.92,0,吝备,53,37,0.0519,0.0282
108,2025-04-11 12:00,21.42,33.95,2.66,183.39,0,吝备,47,32,0.0637,0.0188
108,2025-04-11 13:00,22.74,28.01,2.77,242.05,0,吝备,40,27,0.0664,0.0189
108,2025-04-11 14:00,23.62,27.86,2.49,251.79,0,吝备,43,30,0.0745,0.0233
108,2025-04-11 15:00,23.85,30.58,3.37,254.5,0,吝备,58,43,0.0813,0.0314
108,2025-04-11 16:00,23.29,31.66,3.28,265.22,0,吝备,53,38,0.0816,0.0218
108,2025-04-11 17:00,22.28,31.69,2.78,259.89,0,吝备,39,26,0.0699,0.0191
108,2025-04-11 18:00,20.6,29.86,2.67,251.77,0,吝备,35,25,0.0623,0.0202
108,2025-04-11 19:00,18.76,39.05,2.98,242.06,0,吝备,34,23,0.0577,0.0263
108,2025-04-11 20:00,17.35,43.57,3.02,256.75,0,吝备,42,30,0.05,0.0311
108,2025-04-11 21:00,16.09,45.66,1.2,269.03,0,吝备,38,28,0.0592,0.0193
108,2025-04-11 22:00,15.26,50.29,1.06,344.42,0,吝备,37,28,0.0384,0.0352
108,2025-04-11 23:00,14.5,52.72,0.98,187.07,0,吝备,40,30,0.0308,0.0363
108,2025-04-12 0:00,14.3,55.26,0.65,106.62,0,吝备,41,29,0.0219,0.0433
108,2025-04-12 1:00,14.13,55.22,0.98,90.69,0,吝备,41,30,0.0331,0.0331
108,2025-04-12 2:00,13.94,57.02,1.31,287.96,0,吝备,38,30,0.0286,0.0371
108,2025-04-12 3:00,13.46,58.64,2.08,47.93,0,吝备,39,30,0.0262,0.0403
108,2025-04-12 4:00,13.52,59.7,2.76,69.04,0,吝备,42,34,0.0246,0.0398
108,2025-04-12 5:00,13.65,58.83,2.52,69.7,0,吝备,41,32,0.0276,0.0367
108,2025-04-12 6:00,13.51,58.32,1.94,69.61,0,吝备,41,32,0.0329,0.0346
108,2025-04-12 7:00,14.09,58,2.41,73.98,0,吝备,45,34,0.0355,0.0344
108,2025-04-12 8:00,15.64,53.41,2.55,61.92,0,吝备,47,35,0.0381,0.035
108,2025-04-12 9:00,17.85,45.36,3.3,74.33,0,吝备,45,33,0.0472,0.0322
108,2025-04-12 10:00,19.98,36.33,3.99,74.54,0,吝备,38,23,0.0611,0.0216
108,2025-04-12 11:00,21.97,29.22,3.26,124.73,0,吝备,32,16,0.0665,0.0186
108,2025-04-12 12:00,21.82,28.57,3.8,138.11,0,吝备,37,26,0.0633,0.0219
108,2025-04-12 13:00,19.42,47.71,4.08,164.96,0.23,吝备,44,28,0.0629,0.0219
108,2025-04-12 14:00,16.57,68.69,2.36,59.2,0.6,吝备,48,22,0.0522,0.0295
108,2025-04-12 15:00,16.58,71.42,1.25,64.62,0.78,吝备,32,21,0.0456,0.0334
108,2025-04-12 16:00,16.86,61.17,2.51,137.03,1,吝备,27,15,0.0472,0.0303
108,2025-04-12 17:00,15.53,70.24,3.82,204.81,1.1,吝备,29,18,0.055,0.0205
108,2025-04-12 18:00,11.62,84.55,4.47,255.6,1.62,吝备,29,19,0.0515,0.0134
108,2025-04-12 19:00,8.46,88.17,4.49,261.31,3.29,吝备,15,8,0.0437,0.0084
108,2025-04-12 20:00,6.64,90.93,5.16,254.05,5.67,吝备,10,4,0.0459,0.007
108,2025-04-12 21:00,4.65,88.99,6.5,269.74,7.86,吝备,10,9,0.0548,0.0047
108,2025-04-12 22:00,2.52,92.01,4.41,258.26,11.28,吝备,11,9,0.0514,0.0065
108,2025-04-12 23:00,1.49,94.87,3.94,251.15,14.29,吝备,5,1,0.0476,0.0083
108,2025-04-13 0:00,1.22,95.56,2.83,235.1,1.56,吝备,4,1,0.0452,0.0093
108,2025-04-13 1:00,1.68,94.54,1.32,139.25,3.02,吝备,3,2,0.0462,0.0083
108,2025-04-13 2:00,2.27,93.29,1.1,172.84,3.1,吝备,13,1,0.0438,0.0094
108,2025-04-13 3:00,2.91,93.56,2.34,210.85,3.1,吝备,16,5,0.0418,0.01
108,2025-04-13 4:00,3.13,92.9,3.34,208.17,3.1,吝备,17,6,0.0422,0.0089
108,2025-04-13 5:00,3.57,93.1,3.52,201.38,3.1,吝备,19,9,0.0401,0.0098
108,2025-04-13 6:00,4.06,92.68,3.42,201.3,3.1,吝备,23,11,0.037,0.0122
108,2025-04-13 7:00,4.92,88.64,3.04,208.77,3.1,吝备,24,9,0.0365,0.013
108,2025-04-13 8:00,6.64,65.42,5.09,234.3,3.1,吝备,35,7,0.0402,0.0091
108,2025-04-13 9:00,7.71,53.24,6.05,225.77,3.1,吝备,80,11,0.0422,0.0072
108,2025-04-13 10:00,6.83,58.66,5.82,240.01,3.1,吝备,117,19,0.0414,0.0078
108,2025-04-13 11:00,7.53,58.88,5.62,216.19,3.1,吝备,80,12,0.0431,0.0072
108,2025-04-13 12:00,6.1,69.43,6.2,228.11,3.36,吝备,72,14,0.0437,0.007
108,2025-04-13 13:00,6.54,59.76,6.28,242.54,3.4,吝备,49,11,0.0435,0.0071
108,2025-04-13 14:00,4.64,82.2,5.42,231.57,3.69,吝备,37,13,0.0434,0.0079
108,2025-04-13 15:00,5.65,72.73,4.56,239.33,4.18,吝备,18,2,0.0448,0.0078
108,2025-04-13 16:00,6.08,60.02,4.76,243.27,4.2,吝备,22,5,0.0454,0.0073
108,2025-04-13 17:00,6.17,58.45,4.99,221,4.2,吝备,21,2,0.0436,0.0094
108,2025-04-13 18:00,5.97,57.62,4.72,214.07,4.2,吝备,22,6,0.0446,0.0096
108,2025-04-13 19:00,5.64,58.62,4.27,207.1,4.2,吝备,22,5,0.043,0.0111
108,2025-04-13 20:00,5.6,67.01,4.43,202.65,4.2,吝备,24,9,0.0418,0.0114
108,2025-04-13 21:00,5.72,65.1,4.65,197.84,4.2,吝备,24,6,0.042,0.0104
108,2025-04-13 22:00,5.7,64.06,4.06,200.69,4.2,吝备,23,5,0.042,0.0106
108,2025-04-13 23:00,5.69,64.96,3.97,192.2,4.2,吝备,21,6,0.0424,0.0104
108,2025-04-14 0:00,5.62,66.68,4.74,183.84,0.07,吝备,22,12,0.0443,0.0088
108,2025-04-14 1:00,5.22,67.73,4.05,183.15,0,吝备,23,11,0.0446,0.0085
108,2025-04-14 2:00,4.63,72.97,3.48,213.38,0.25,吝备,18,13,0.047,0.0077
108,2025-04-14 3:00,2.67,87.05,1.49,147.24,1.3,吝备,13,14,0.0467,0.007
108,2025-04-14 4:00,2.86,89.37,1.59,45.74,1.3,吝备,10,5,0.0383,0.0121
108,2025-04-14 5:00,2.91,89.94,1.54,55.35,1.3,吝备,17,8,0.0348,0.0142
108,2025-04-14 6:00,3.16,88.02,1.93,98.94,1.3,吝备,15,9,0.0332,0.0209
108,2025-04-14 7:00,3.95,87.56,1.98,82.05,1.3,吝备,14,7,0.0288,0.0252
108,2025-04-14 8:00,5.08,82.48,2.17,111.71,1.3,吝备,12,11,0.0318,0.0242
108,2025-04-14 9:00,5.32,83.58,2.48,108.48,1.36,吝备,19,13,0.0273,0.0264
108,2025-04-14 10:00,5.44,84.64,2.62,116.88,1.85,吝备,19,12,0.0306,0.0234
108,2025-04-14 11:00,4.56,85.94,2.17,189.67,3.59,吝备,15,11,0.0336,0.0175
108,2025-04-14 12:00,4.69,90.36,1.33,110.65,5.89,吝备,10,7,0.0342,0.0166
108,2025-04-14 13:00,5.63,88.33,1.88,72.08,6.21,吝备,14,7,0.0286,0.022
108,2025-04-14 14:00,5.45,89.36,4.17,51.69,6.3,吝备,14,6,0.0234,0.0283
108,2025-04-14 15:00,5.61,88.65,3.9,50.67,6.42,吝备,9,2,0.0316,0.019
108,2025-04-14 16:00,5.4,89.53,3.37,44.9,6.82,吝备,14,6,0.0332,0.0178
108,2025-04-14 17:00,5.54,89.05,3.14,48.67,7.14,吝备,6,6,0.0331,0.0169
108,2025-04-14 18:00,5.74,88.72,2.52,34.5,7.2,吝备,8,5,0.0334,0.0167
108,2025-04-14 19:00,5.58,86.51,1.87,4.03,7.22,吝备,7,7,0.041,0.0113
108,2025-04-14 20:00,5.29,85.23,1.25,329.68,7.4,吝备,11,8,0.0418,0.0117
108,2025-04-14 21:00,5.03,88.81,2.36,299.82,7.4,吝备,11,8,0.0359,0.0168
108,2025-04-14 22:00,4.69,88.93,2.28,284.65,7.4,吝备,13,11,0.0361,0.0161
108,2025-04-14 23:00,4.38,88.59,2.62,281.67,7.4,吝备,13,11,0.0357,0.015
108,2025-04-15 0:00,4.09,88.41,2.25,289.63,0.12,吝备,17,10,0.0329,0.0159
108,2025-04-15 1:00,3.75,88.74,1.82,296.01,0,吝备,15,8,0.0362,0.0115
108,2025-04-15 2:00,3.19,89.54,1.18,274.28,0,吝备,14,12,0.0274,0.0187
108,2025-04-15 3:00,2.77,91.01,2.04,257.5,0,吝备,14,12,0.0257,0.0188
108,2025-04-15 4:00,2.43,91.67,1.32,275.79,0,吝备,15,11,0.0269,0.0185
108,2025-04-15 5:00,2.45,93.65,1.71,277.78,0,吝备,14,8,0.0194,0.0267
108,2025-04-15 6:00,2.71,94.06,1.35,278.88,0,吝备,14,9,0.0185,0.0285
108,2025-04-15 7:00,3.54,94.48,0.92,235.47,0,吝备,16,12,0.0193,0.0324
108,2025-04-15 8:00,5.73,86.4,1.88,276.13,0,吝备,19,14,0.0317,0.0227
108,2025-04-15 9:00,7.95,71.08,2.33,272.48,0,吝备,13,8,0.0368,0.0182
108,2025-04-15 10:00,10.07,60.29,2.5,267.76,0,吝备,16,13,0.0396,0.017
108,2025-04-15 11:00,11.63,48.43,4,265.7,0,吝备,16,10,0.0487,0.0109
108,2025-04-15 12:00,12.79,44.97,4.04,252.93,0,吝备,18,10,0.0547,0.0073
108,2025-04-15 13:00,13.21,41.97,4.99,245.83,0,吝备,18,11,0.0549,0.0085
108,2025-04-15 14:00,13.31,43.15,4.52,227.17,0,吝备,19,12,0.055,0.0103
108,2025-04-15 15:00,13.8,44.17,4.37,251.87,0,吝备,45,10,0.0575,0.0107
108,2025-04-15 16:00,13.39,45.86,4.72,240.34,0,吝备,34,11,0.0567,0.0132
108,2025-04-15 17:00,12.28,51.49,4.26,231.55,0,吝备,31,21,0.0544,0.0165
108,2025-04-15 18:00,10.68,53.39,3.49,228.09,0,吝备,32,24,0.0537,0.0168
108,2025-04-15 19:00,9.29,60.46,2.68,250.21,0,吝备,33,26,0.0511,0.0189
108,2025-04-15 20:00,8.42,68.91,2.66,257.84,0,吝备,33,23,0.0491,0.0182
108,2025-04-15 21:00,8.02,73.1,2.48,251.39,0,吝备,30,22,0.0436,0.0207
108,2025-04-15 22:00,7.62,75.54,1.82,220.11,0,吝备,32,22,0.0442,0.0189
108,2025-04-15 23:00,7.41,83.14,2.29,212.93,0,吝备,31,24,0.0439,0.0166
108,2025-04-16 0:00,7.5,84.95,2.19,200.58,0,吝备,29,19,0.0454,0.0148
108,2025-04-16 1:00,7.39,84.44,0.99,240.36,0,吝备,29,22,0.0457,0.0133
108,2025-04-16 2:00,6.8,85.63,1.45,103.66,0,吝备,29,23,0.0432,0.0154
108,2025-04-16 3:00,6.5,87.05,1.24,45.06,0,吝备,29,22,0.0377,0.0173
108,2025-04-16 4:00,6.52,87.47,1.99,76.39,0,吝备,34,24,0.0324,0.0207
108,2025-04-16 5:00,6.57,87.46,2,70.75,0,吝备,38,29,0.0338,0.0201
108,2025-04-16 6:00,6.81,86.46,2.61,72.43,0,吝备,43,31,0.0269,0.0283
108,2025-04-16 7:00,7.66,83.26,2.58,57.55,0,吝备,38,27,0.024,0.0307
108,2025-04-16 8:00,9.31,75.45,3.38,48.11,0,吝备,38,30,0.029,0.0281
108,2025-04-16 9:00,11.51,66.06,3.52,55.41,0,吝备,34,26,0.0388,0.0225
108,2025-04-16 10:00,13.88,57.47,3.3,65.71,0,吝备,29,22,0.045,0.0213
108,2025-04-16 11:00,16.05,50.93,2.65,76.03,0,吝备,31,19,0.0503,0.0214
108,2025-04-16 12:00,18.21,46.38,2.32,108.72,0,吝备,33,22,0.0577,0.0206
108,2025-04-16 13:00,20.1,44.03,2.72,186.96,0,吝备,38,22,0.069,0.0199
108,2025-04-16 14:00,21.7,42,4,199.77,0,吝备,45,27,0.0846,0.0196
108,2025-04-16 15:00,21.67,37.76,4.69,220.12,0,吝备,46,27,0.0868,0.0189
108,2025-04-16 16:00,21.45,36.86,4.26,215.33,0,吝备,40,23,0.0818,0.0209
108,2025-04-16 17:00,21.48,37.22,2.86,221.03,0,吝备,39,24,0.0806,0.0224
108,2025-04-16 18:00,20.35,37.79,3.44,185.38,0,吝备,43,28,0.0666,0.0263
108,2025-04-16 19:00,19,38.41,3.37,203.67,0,吝备,35,21,0.0686,0.0173
108,2025-04-16 20:00,17.89,43.38,1.36,248.33,0,吝备,29,18,0.0683,0.0174
108,2025-04-16 21:00,16.77,46.91,1.06,351.8,0,吝备,33,20,0.0492,0.0322
108,2025-04-16 22:00,16.16,47.17,1.29,100.71,0,吝备,33,22,0.0459,0.0329
108,2025-04-16 23:00,16.16,48.59,1.34,123.74,0,吝备,33,18,0.0478,0.0329
108,2025-04-17 0:00,16.6,48.54,2.01,164.8,0,吝备,33,15,0.0609,0.0205
108,2025-04-17 1:00,16.81,52.28,2.26,170.47,0,吝备,30,15,0.0723,0.0109
108,2025-04-17 2:00,16.33,59.87,2.56,163.53,0,吝备,37,18,0.073,0.0092
108,2025-04-17 3:00,16.43,67.49,2.78,167.65,0,吝备,37,16,0.0695,0.0105
108,2025-04-17 4:00,16.23,70.44,1.62,78.8,0,吝备,39,16,0.0608,0.017
108,2025-04-17 5:00,16.28,72.77,1.63,76.07,0,吝备,41,16,0.0593,0.0171
108,2025-04-17 6:00,15.84,73.83,2.13,52.4,0,吝备,41,16,0.0413,0.0338
108,2025-04-17 7:00,16.43,74.4,1.42,63.59,0,吝备,41,16,0.0365,0.0395
108,2025-04-17 8:00,17.86,71.91,1.56,93.6,0,吝备,45,18,0.0446,0.0321
108,2025-04-17 9:00,19.27,67.85,3.18,174.92,0,吝备,48,15,0.056,0.0214
108,2025-04-17 10:00,20.78,62.55,3.47,188.68,0,吝备,58,22,0.0584,0.0197
108,2025-04-17 11:00,22.21,58.89,2.97,175.32,0,吝备,51,26,0.0633,0.0185
108,2025-04-17 12:00,24.03,53.6,3.19,189.94,0,吝备,51,22,0.074,0.0149
108,2025-04-17 13:00,24.43,52.03,3.37,199.18,0,吝备,51,24,0.0712,0.0162
108,2025-04-17 14:00,24.03,53.95,3.51,243.75,0,吝备,53,21,0.0724,0.0165
108,2025-04-17 15:00,24.17,52.68,2.96,257.89,0,吝备,50,21,0.0768,0.0146
108,2025-04-17 16:00,23.62,53.77,3.27,251.59,0,吝备,,,0.0722,0.0155
108,2025-04-17 17:00,22.24,57.51,3.48,259.62,0,吝备,45,26,0.0723,0.0191
108,2025-04-17 18:00,20.76,63.59,2.49,242.36,0,吝备,58,30,0.0633,0.0236
108,2025-04-17 19:00,20.08,65.58,1.43,14.06,0,吝备,62,31,0.0531,0.0338
108,2025-04-17 20:00,19.97,63.37,2.83,222.74,0,吝备,65,33,0.0602,0.0274
108,2025-04-17 21:00,19.6,62.79,3.22,247.66,0,吝备,59,34,0.0746,0.0169
108,2025-04-17 22:00,18.53,67.98,3.04,242.15,0,吝备,59,31,0.0739,0.014
108,2025-04-17 23:00,18.12,68.26,2.29,211.36,0,吝备,53,23,0.0769,0.0131
108,2025-04-18 0:00,18.18,67.21,2.75,190.44,0,吝备,48,27,0.0795,0.012
108,2025-04-18 1:00,18.39,66.45,3.52,212.06,0,吝备,47,24,0.0807,0.0094
108,2025-04-18 2:00,17.98,69.79,3.06,232.92,0,吝备,42,22,0.0723,0.0093
108,2025-04-18 3:00,17.31,75.38,3.23,242.67,0,吝备,42,19,0.0666,0.0076
108,2025-04-18 4:00,16.77,80.99,3.05,239.95,0,吝备,40,16,0.0618,0.0066
108,2025-04-18 5:00,16.57,82.78,2.34,230.2,0,吝备,39,19,0.0572,0.0091
108,2025-04-18 6:00,16.5,83.49,2.4,207.86,0,吝备,47,20,0.053,0.0131
108,2025-04-18 7:00,16.39,83.82,3.06,251.26,0,吝备,45,21,0.0506,0.0177
108,2025-04-18 8:00,15.71,86.12,2.69,276.45,0,吝备,60,25,0.047,0.0178
108,2025-04-18 9:00,15.51,86.84,1.76,270.44,0,吝备,58,32,0.0426,0.019
108,2025-04-18 10:00,15.95,84.5,2.48,262.66,0,吝备,61,30,0.0374,0.0234
108,2025-04-18 11:00,16.96,79.78,1.94,244,0,吝备,65,31,0.0408,0.0241
108,2025-04-18 12:00,18.98,71.23,2.5,241.93,0,吝备,56,28,0.0582,0.0197
108,2025-04-18 13:00,20.93,62.73,2.26,215.12,0,吝备,65,34,0.0745,0.0214
108,2025-04-18 14:00,22.53,52.74,2.23,239.32,0,吝备,62,36,0.0811,0.0199
108,2025-04-18 15:00,23.29,45.2,2.44,225.51,0,吝备,52,31,0.0805,0.0179
108,2025-04-18 16:00,23.53,40.52,2.32,253.06,0,吝备,48,27,0.0767,0.0183
108,2025-04-18 17:00,22.96,37.73,2.63,259.88,0,吝备,40,27,0.0726,0.0179
108,2025-04-18 18:00,21.72,50.57,2.48,254.38,0,吝备,59,30,0.0786,0.0272
108,2025-04-18 19:00,20.24,58.64,2.2,264.11,0,吝备,78,40,0.0628,0.0331
108,2025-04-18 20:00,18.96,63.5,1.79,271.19,0,吝备,66,35,0.0402,0.0406
108,2025-04-18 21:00,18.02,66.89,1.6,242.52,0,吝备,60,36,0.0364,0.0406
108,2025-04-18 22:00,17.36,68.69,1.66,254.39,0,吝备,78,51,0.0131,0.0301
108,2025-04-18 23:00,16.92,68.8,1.73,209.43,0,吝备,88,63,0.0419,0.0233
108,2025-04-19 0:00,16.69,71.92,1.83,281.17,0,吝备,61,28,0.057,0.0206
108,2025-04-19 1:00,16.5,75.36,1.25,234.06,0,吝备,66,36,0.0574,0.0171
108,2025-04-19 2:00,16.49,77.42,1.31,266.78,0,吝备,73,42,0.0574,0.0148
108,2025-04-19 3:00,16.27,78.78,1.54,240.48,0,吝备,80,45,0.0526,0.0155
108,2025-04-19 4:00,16.07,83.64,1.85,187.19,0,吝备,81,46,0.0511,0.0125
108,2025-04-19 5:00,15.85,89.76,1.37,33.25,0.08,吝备,77,50,0.0376,0.0225
108,2025-04-19 6:00,15.83,92.56,1.68,31.04,0.43,吝备,75,45,0.0278,0.0275
108,2025-04-19 7:00,16.17,93.91,1.36,38.97,0.57,吝备,65,40,0.0188,0.034
108,2025-04-19 8:00,17.18,95.21,2,160.88,0.87,吝备,56,37,0.0175,0.0335
108,2025-04-19 9:00,18.34,91.28,4.81,193.78,1.09,吝备,30,16,0.0233,0.0219
108,2025-04-19 10:00,18.87,82.56,5.99,192.95,1.1,吝备,18,9,0.0343,0.016
108,2025-04-19 11:00,19.56,77.63,6.51,192.05,1.1,吝备,14,5,0.0394,0.0153
108,2025-04-19 12:00,19.5,77.86,5.51,194.85,1.1,吝备,19,11,0.0398,0.0175
108,2025-04-19 13:00,19.96,77.17,5.81,199.26,1.1,吝备,19,11,0.0404,0.0166
108,2025-04-19 14:00,17.96,85.21,4.95,252.69,1.69,吝备,21,13,0.0394,0.0141
108,2025-04-19 15:00,15.21,92.97,3.67,250.5,3.66,吝备,9,8,0.0383,0.0169
108,2025-04-19 16:00,15,94.79,4.23,241.27,5.21,吝备,3,1,0.0396,0.0182
108,2025-04-19 17:00,13.57,93.18,4.69,263.52,5.65,吝备,3,1,0.0413,0.0118
108,2025-04-19 18:00,12.56,94.02,2.52,246.66,7.95,吝备,7,3,0.0297,0.0135
108,2025-04-19 19:00,12.4,93.76,2,243.18,9.2,吝备,5,2,0.0275,0.0158
108,2025-04-19 20:00,12.43,94.19,1.52,277.41,9.2,吝备,6,5,0.027,0.0144
108,2025-04-19 21:00,12.48,94.59,1.99,274.08,9.2,吝备,8,7,0.0249,0.014
108,2025-04-19 22:00,12.6,94.59,1.98,273.32,9.2,吝备,9,5,0.0286,0.0113
108,2025-04-19 23:00,12.47,93.92,2.1,273.45,9.2,吝备,9,6,0.0304,0.0107
108,2025-04-20 0:00,11.89,92.26,0.74,297.13,0.15,吝备,12,8,0.0308,0.0124
108,2025-04-20 1:00,11.46,94.08,1.61,282.84,0,吝备,14,10,0.0296,0.012
108,2025-04-20 2:00,10.91,94.81,1.98,285.04,0,吝备,16,11,0.0321,0.0101
108,2025-04-20 3:00,10.35,94.24,1.73,255.34,0,吝备,18,12,0.0362,0.009
108,2025-04-20 4:00,9.95,94.04,0.79,324.03,0,吝备,19,14,0.0339,0.0103
108,2025-04-20 5:00,9.63,94.56,0.92,15.65,0,吝备,19,16,0.029,0.0167
108,2025-04-20 6:00,9.89,95.84,0.81,314.86,0,吝备,22,19,0.0329,0.0151
108,2025-04-20 7:00,10.62,96.05,1.62,270.24,0,吝备,24,21,0.0294,0.0164
108,2025-04-20 8:00,12.15,93.02,1.87,264.69,0,吝备,21,17,0.0353,0.0144
108,2025-04-20 9:00,14.05,85.25,1.65,260.4,0,吝备,17,11,0.046,0.0104
108,2025-04-20 10:00,16.91,71.13,2.3,58.83,0,吝备,18,8,0.0529,0.0082
108,2025-04-20 11:00,18.82,63.85,1.85,77.89,0,吝备,19,11,0.0565,0.0085
108,2025-04-20 12:00,20.24,58.08,1.79,99.64,0,吝备,15,5,0.0624,0.0079
108,2025-04-20 13:00,21.99,53.36,2.13,192.67,0,吝备,16,10,0.0673,0.0089
108,2025-04-20 14:00,23.13,51.76,2.43,215.22,0,吝备,25,19,0.0732,0.0095
108,2025-04-20 15:00,23.48,50.04,2.63,210.57,0,吝备,19,15,0.0735,0.0086
108,2025-04-20 16:00,23.95,47.13,2.28,283.88,0,吝备,19,16,0.0733,0.0089
108,2025-04-20 17:00,23.76,46.3,1.91,282.57,0,吝备,17,,0.0731,0.0078
108,2025-04-20 18:00,22.63,44.39,2.35,287.8,0,吝备,19,,0.0652,0.0086
108,2025-04-20 19:00,20.63,51.4,1.93,264.35,0,吝备,17,8,0.05,0.0153
108,2025-04-20 20:00,19.19,55.91,1.92,270.66,0,吝备,20,17,0.0457,0.0159
108,2025-04-20 21:00,18.18,58.78,1.17,282.54,0,吝备,13,8,0.0489,0.0121
108,2025-04-20 22:00,17.13,62.61,1.27,260.94,0,吝备,14,11,0.0354,0.0197
108,2025-04-20 23:00,16.22,66.97,0.84,222.02,0,吝备,16,13,0.0242,0.0275
108,2025-04-21 0:00,15.65,70.28,0.91,14.62,0,吝备,16,9,0.0168,0.0296
108,2025-04-21 1:00,14.98,71.64,2.13,47.45,0,吝备,17,11,0.016,0.0304
108,2025-04-21 2:00,14.62,75.15,2.13,58.66,0,吝备,18,11,0.0157,0.0315
108,2025-04-21 3:00,14.42,77.21,2.03,71.8,0,吝备,23,15,0.0156,0.0302
108,2025-04-21 4:00,14.4,78.97,2.17,64.27,0,吝备,22,14,0.0194,0.0257
108,2025-04-21 5:00,14.24,81.58,2.19,64.81,0,吝备,21,13,0.0217,0.0223
108,2025-04-21 6:00,14.36,83,2.47,52.76,0,吝备,21,15,0.0162,0.0285
108,2025-04-21 7:00,15.46,81.44,2.04,44.41,0,吝备,18,13,0.0169,0.0309
108,2025-04-21 8:00,17.36,74.58,1.86,56.66,0,吝备,20,9,0.0263,0.0255
108,2025-04-21 9:00,19.45,67.17,1.92,83.62,0,吝备,18,11,0.033,0.0224
108,2025-04-21 10:00,21.48,62.79,1.69,105.07,0,吝备,21,11,0.0401,0.0189
108,2025-04-21 11:00,23.3,57.42,2.03,175.33,0,吝备,24,11,0.05,0.0166
108,2025-04-21 12:00,24.42,52.88,2.39,136.37,0,吝备,22,12,0.06,0.013
108,2025-04-21 13:00,25.29,48.1,2.91,205.17,0,吝备,22,9,0.0629,0.0124
108,2025-04-21 14:00,26.6,43.55,3.02,206.69,0,吝备,23,10,0.0665,0.013
108,2025-04-21 15:00,26.83,42.78,2.65,215.48,0,吝备,20,8,0.0711,0.0108
108,2025-04-21 16:00,26.31,44.47,2.59,218.16,0,吝备,,8,,
108,2025-04-21 17:00,25.84,47.48,2.33,213.57,0,吝备,,10,,
108,2025-04-21 18:00,24.83,52.04,2.68,241.46,0,吝备,27,15,0.0644,0.0159
108,2025-04-21 19:00,22.77,64.02,2.92,264.76,0,吝备,31,22,0.0528,0.0231
108,2025-04-21 20:00,21.72,68.99,2.21,269.97,0,吝备,26,16,0.04,0.0189
108,2025-04-21 21:00,21.14,71.45,1.94,264.68,0,吝备,20,12,0.0384,0.0176
108,2025-04-21 22:00,20.64,74.06,2.12,266.72,0,吝备,21,15,0.04,0.0149
108,2025-04-21 23:00,20.49,74.69,1.25,263.78,0,吝备,23,10,0.0425,0.0114
108,2025-04-22 0:00,20.3,76.31,1.88,260.14,0,吝备,18,11,0.0401,0.0112
108,2025-04-22 1:00,20.2,76.86,1.33,252.12,0,吝备,17,9,0.0354,0.0126
108,2025-04-22 2:00,19.95,78.44,0.95,318.65,0,吝备,23,14,0.0325,0.013
108,2025-04-22 3:00,19.74,79.41,0.81,15.87,0,吝备,24,14,0.0273,0.0144
108,2025-04-22 4:00,19.6,80.77,0.81,341.61,0,吝备,24,15,0.0259,0.0176
108,2025-04-22 5:00,19.37,85.04,1.31,73.76,0.47,吝备,26,14,0.0181,0.0241
108,2025-04-22 6:00,19.02,90.18,0.74,354.21,4.13,吝备,30,17,0.0167,0.0259
108,2025-04-22 7:00,18.81,92.32,1.37,41.84,9.89,吝备,25,15,0.0144,0.0305
108,2025-04-22 8:00,18.65,90.37,1.46,126.36,10.83,吝备,24,17,0.0185,0.0259
108,2025-04-22 9:00,18.65,92.45,1.45,97.1,13.46,吝备,24,19,0.0148,0.0328
108,2025-04-22 10:00,18.65,92.85,1.25,115.5,16.85,吝备,25,19,0.0165,0.0302
108,2025-04-22 11:00,18.8,92.62,0.96,212.78,20.31,吝备,23,19,0.0168,0.0284
108,2025-04-22 12:00,17.91,92.99,2.44,280.54,26.1,吝备,16,14,0.0264,0.0167
108,2025-04-22 13:00,17.47,93.41,2.19,284.18,30.11,吝备,3,2,0.0336,0.0109
108,2025-04-22 14:00,17.38,93.72,0.74,290.67,33.18,吝备,3,1,0.0302,0.0125
108,2025-04-22 15:00,17.91,93.14,1.64,58.98,34.49,吝备,5,2,0.0258,0.0171
108,2025-04-22 16:00,18,90.33,1.1,53.4,34.8,吝备,5,3,0.032,0.0134
108,2025-04-22 17:00,17.72,89.65,2.71,310.4,34.8,吝备,4,2,0.033,0.0096
108,2025-04-22 18:00,17.43,88,3.08,308.27,34.8,吝备,4,1,0.0373,0.009
108,2025-04-22 19:00,17.07,85.96,2.09,342.43,34.8,吝备,6,2,0.0421,0.0079
108,2025-04-22 20:00,16.75,83.42,0.86,247.63,34.8,吝备,8,1,0.0463,0.0074
108,2025-04-22 21:00,16,86.52,0.77,259.94,34.8,吝备,10,6,0.0367,0.0149
108,2025-04-22 22:00,15.43,89.2,1.32,55.84,34.8,吝备,11,6,0.0354,0.0138
108,2025-04-22 23:00,14.76,83.39,2.31,43,34.8,吝备,9,3,0.043,0.0096
108,2025-04-23 0:00,13.79,80.67,2.68,47.89,0.58,吝备,11,5,0.0479,0.0078
108,2025-04-23 1:00,13.01,82.27,2.5,49.34,0,吝备,8,6,0.0462,0.0076
108,2025-04-23 2:00,12.55,83.91,3.2,50.92,0,吝备,6,1,0.0445,0.0081
108,2025-04-23 3:00,12.28,82.98,2.54,33.9,0,吝备,6,2,0.0456,0.0076
108,2025-04-23 4:00,11.82,82.68,1.28,40.49,0,吝备,7,4,0.0414,0.0103
108,2025-04-23 5:00,11.17,84.89,1.65,56.2,0,吝备,5,2,0.0365,0.0126
108,2025-04-23 6:00,11.08,86.28,2.32,47.15,0,吝备,6,3,0.0338,0.0155
108,2025-04-23 7:00,12.46,80.59,3.22,54.34,0,吝备,6,1,0.0342,0.0172
108,2025-04-23 8:00,14.83,68.38,3.03,61.52,0,吝备,7,1,0.0386,0.0167
108,2025-04-23 9:00,16.81,59.67,3.15,65.35,0,吝备,11,2,0.0441,0.0156
108,2025-04-23 10:00,18.4,53.6,2.67,71.68,0,吝备,10,5,0.0505,0.0113
108,2025-04-23 11:00,19.86,48.87,2.2,82.18,0,吝备,10,5,0.0535,0.0126
108,2025-04-23 12:00,20.98,45.41,2.02,164.62,0,吝备,11,9,0.0557,0.0132
108,2025-04-23 13:00,21.98,39.91,2.38,226.27,0,吝备,14,5,0.0615,0.0106
108,2025-04-23 14:00,22.57,39.9,2.89,269.33,0,吝备,14,4,0.0658,0.0156
108,2025-04-23 15:00,22.31,44.7,3.28,259.91,0,吝备,17,10,0.0712,0.0166
108,2025-04-23 16:00,22.34,43.26,3,275.58,0,吝备,22,16,0.0812,0.0146
108,2025-04-23 17:00,22.25,43.9,2.65,272.98,0,吝备,20,7,0.0793,0.0159
108,2025-04-23 18:00,20.92,48.33,3.09,252.69,0,吝备,20,7,0.067,0.0159
108,2025-04-23 19:00,18.73,51.69,3.6,253.91,0,吝备,19,11,0.0538,0.0185
108,2025-04-23 20:00,17.12,56.45,3.48,257.61,0,吝备,17,9,0.0486,0.0173
108,2025-04-23 21:00,16.06,60.71,1.85,268.41,0,吝备,11,5,0.054,0.0114
108,2025-04-23 22:00,15.21,64.31,1.81,266.13,0,吝备,10,7,0.0473,0.015
108,2025-04-23 23:00,14.56,67.2,0.69,313.18,0,吝备,10,7,0.0474,0.0152
108,2025-04-24 0:00,13.98,71.57,1.3,259.97,0,吝备,11,6,0.0352,0.0246
108,2025-04-24 1:00,13.51,76.22,1.54,254.75,0,吝备,18,12,0.0275,0.0286
108,2025-04-24 2:00,12.85,79.24,1.98,243.92,0,吝备,19,16,0.0297,0.024
108,2025-04-24 3:00,12.31,80.58,1.44,250.25,0,吝备,16,11,0.0395,0.0156
108,2025-04-24 4:00,11.87,83.39,2.55,246.8,0,吝备,19,15,0.0425,0.0126
108,2025-04-24 5:00,11.38,84.68,1.91,229.72,0,吝备,21,20,0.0375,0.0152
108,2025-04-24 6:00,11.05,83.49,1.28,171.48,0,吝备,22,14,0.0388,0.0182
108,2025-04-24 7:00,11.85,77,1.82,201.97,0,吝备,20,14,0.0396,0.0245
108,2025-04-24 8:00,13.55,67.44,2.74,191.49,0,吝备,25,15,0.0499,0.0243
108,2025-04-24 9:00,15.28,59.53,2.59,204.11,0,吝备,26,20,0.0492,0.026
108,2025-04-24 10:00,16.76,51.61,3.02,220.96,0,吝备,31,20,0.0586,0.0204
108,2025-04-24 11:00,18.24,45.31,3.52,211.57,0,吝备,37,20,0.068,0.0166
108,2025-04-24 12:00,19.01,40.73,4.23,253.08,0,吝备,35,26,0.0766,0.0152
108,2025-04-24 13:00,18.88,42.81,4.75,213.49,0,吝备,41,28,0.0744,0.0153
108,2025-04-24 14:00,19.25,44.21,4.18,243.77,0,吝备,36,24,0.066,0.0157
108,2025-04-24 15:00,19.2,46.46,4.86,233.39,0,吝备,34,18,0.0646,0.0142
108,2025-04-24 16:00,18.67,44.27,4.84,233.79,0,吝备,38,19,0.0606,0.0122
108,2025-04-24 17:00,17.64,34.62,4.54,240.31,0,吝备,40,10,0.051,0.0125
108,2025-04-24 18:00,16.25,30.96,3.99,246.9,0,吝备,35,9,0.053,0.009
108,2025-04-24 19:00,14.65,35.92,4.41,258.17,0,吝备,33,21,0.0521,0.0114
108,2025-04-24 20:00,13.7,29.48,3.45,271.56,0,吝备,55,43,0.0589,0.0082
108,2025-04-24 21:00,12.75,32.46,3.2,262.29,0,吝备,81,76,0.0587,0.0098
108,2025-04-24 22:00,11.92,36.32,2.92,258.96,0,吝备,102,93,0.056,0.0112
108,2025-04-24 23:00,11.01,43.84,2.31,240.05,0,吝备,100,99,0.052,0.0128
108,2025-04-25 0:00,10.38,48.67,1.98,258.93,0,吝备,81,78,0.0503,0.0113
108,2025-04-25 1:00,9.76,49.6,2.12,259.66,0,吝备,57,53,0.0495,0.0093
108,2025-04-25 2:00,9.17,50.57,1.51,276.88,0,吝备,47,39,0.0467,0.0097
108,2025-04-25 3:00,8.54,52.5,0.94,277.12,0,吝备,41,35,0.0421,0.0112
108,2025-04-25 4:00,8.22,56.73,1.13,281.33,0,吝备,41,29,0.0364,0.0169
108,2025-04-25 5:00,7.81,57.91,0.97,275.61,0,吝备,37,25,0.033,0.0169
108,2025-04-25 6:00,7.9,57.77,0.99,279.41,0,吝备,35,21,0.029,0.0202
108,2025-04-25 7:00,9.17,56.23,1.82,285.28,0,吝备,34,16,0.0327,0.0156
108,2025-04-25 8:00,11.41,47.26,2.94,283.26,0,吝备,31,12,0.035,0.0138
108,2025-04-25 9:00,13.29,37.14,3.2,293.08,0,吝备,33,8,0.0384,0.0128
108,2025-04-25 10:00,14.91,24.69,4.56,295.31,0,吝备,59,23,0.0474,0.0065
108,2025-04-25 11:00,15.83,22.12,4.56,285.64,0,吝备,65,33,0.0497,0.0061
108,2025-04-25 12:00,16.4,22.83,5.17,273.69,0,吝备,62,33,0.0518,0.0059
108,2025-04-25 13:00,17.12,25.89,4.69,259.29,0,吝备,59,29,0.0547,0.0072
108,2025-04-25 14:00,17.32,26.66,5.07,252.38,0,吝备,57,30,0.0549,0.008
108,2025-04-25 15:00,17.33,24.03,4.64,237.73,0,吝备,48,19,0.0527,0.0097
108,2025-04-25 16:00,16.78,23.52,4.91,253.49,0,吝备,40,16,0.0532,0.0079
108,2025-04-25 17:00,16.09,26.32,4.38,234.89,0,吝备,37,20,0.0523,0.0092
108,2025-04-25 18:00,14.82,30.33,3.95,239.39,0,吝备,33,23,0.0508,0.01
108,2025-04-25 19:00,13.22,35.36,3.52,246.8,0,吝备,31,18,0.0484,0.0112
108,2025-04-25 20:00,12.2,37.31,3.42,261.39,0,吝备,24,15,0.0451,0.0118
108,2025-04-25 21:00,11.36,36.57,2.25,265.55,0,吝备,21,13,0.0406,0.0144
108,2025-04-25 22:00,10.81,34.43,2.24,263.99,0,吝备,20,11,0.0414,0.0131
108,2025-04-25 23:00,10.26,38.65,2.08,255.65,0,吝备,24,16,0.0386,0.0153
108,2025-04-26 0:00,9.91,43.73,2.39,254.67,0,吝备,25,15,0.0396,0.015
108,2025-04-26 1:00,9.21,46.32,1.92,256.93,0,吝备,25,16,0.0335,0.0196
108,2025-04-26 2:00,9.03,50.84,2.46,252.41,0,吝备,26,16,0.0278,0.0251
108,2025-04-26 3:00,8.71,63.07,2.05,215.57,0,吝备,30,17,0.0279,0.0195
108,2025-04-26 4:00,8.16,68.81,0.94,89.77,0,吝备,28,16,0.0281,0.0193
108,2025-04-26 5:00,7.54,71.19,1.67,24.29,0,吝备,26,13,0.0163,0.0306
108,2025-04-26 6:00,7.37,70.52,1.43,25.28,0,吝备,25,11,0.0172,0.0314
108,2025-04-26 7:00,8.88,64.25,1.18,134.31,0,吝备,26,14,0.0236,0.0282
108,2025-04-26 8:00,11.54,56.24,2.18,192.19,0,吝备,29,12,0.0298,0.0262
108,2025-04-26 9:00,13.99,47.62,2.81,196.89,0,吝备,28,10,0.0387,0.0212
108,2025-04-26 10:00,16.1,42.92,3.17,216.78,0,吝备,30,11,0.0427,0.0203
108,2025-04-26 11:00,17.63,39.34,3.94,210.54,0,吝备,31,13,0.0512,0.0151
108,2025-04-26 12:00,18.82,38.31,3.89,208.65,0,吝备,27,7,0.0541,0.0155
108,2025-04-26 13:00,19.55,38.83,3.92,222.7,0,吝备,32,10,0.0566,0.0164
108,2025-04-26 14:00,19.59,40.32,3.82,230.57,0,吝备,30,16,0.0568,0.0135
108,2025-04-26 15:00,18.61,44.31,4.83,208.59,0,吝备,26,8,0.0538,0.0142
108,2025-04-26 16:00,17.86,46.67,3.87,237.55,0,吝备,28,12,0.0547,0.0126
108,2025-04-26 17:00,17.51,49.03,3.37,224.94,0,吝备,29,16,0.0531,0.0141
108,2025-04-26 18:00,15.96,54.06,3.39,225.75,0,吝备,30,14,0.0508,0.015
108,2025-04-26 19:00,14.71,55.78,3,225.23,0,吝备,28,13,0.0565,0.0147
108,2025-04-26 20:00,14.4,57.53,3.39,220,0,吝备,29,11,0.0582,0.0147
108,2025-04-26 21:00,14.12,57.19,3.36,212.78,0,吝备,29,17,0.0585,0.0135
108,2025-04-26 22:00,13.5,56.29,2.19,214.23,0,吝备,27,13,0.0534,0.0152
108,2025-04-26 23:00,12.75,55.87,1.55,204.6,0,吝备,24,12,0.0522,0.0125
108,2025-04-27 0:00,12.24,56.81,0.94,252.9,0,吝备,21,11,0.0452,0.0166
108,2025-04-27 1:00,11.45,61.21,1.52,19.87,0,吝备,20,13,0.0397,0.0164
108,2025-04-27 2:00,10.85,61.95,1.2,16.08,0,吝备,22,14,0.0356,0.0185
108,2025-04-27 3:00,10.88,60.68,1.33,13.8,0,吝备,21,13,0.0368,0.0175
108,2025-04-27 4:00,11.09,54.17,1.35,162.15,0,吝备,19,8,0.0362,0.0213
108,2025-04-27 5:00,11.12,51.96,1.19,206.14,0,吝备,18,11,0.0341,0.0255
108,2025-04-27 6:00,11.7,47.92,2.29,201.12,0,吝备,17,8,0.0478,0.0172
108,2025-04-27 7:00,13.27,43.73,2.69,201.73,0,吝备,18,6,0.0521,0.0147
108,2025-04-27 8:00,14.99,40.62,3.07,233.03,0,吝备,16,6,0.056,0.0114
108,2025-04-27 9:00,16.52,39.98,2.86,241.75,0,吝备,20,6,0.0557,0.0125
108,2025-04-27 10:00,17.9,35.31,3.82,244.08,0,吝备,18,4,0.0588,0.0114
108,2025-04-27 11:00,18.27,32.58,4.39,215.67,0,吝备,18,7,0.0574,0.0098
108,2025-04-27 12:00,18.44,33.93,3.86,235.99,0,吝备,17,6,0.0583,0.0088
108,2025-04-27 13:00,18.4,36.59,4.21,268.86,0,吝备,18,9,0.0596,0.0095
108,2025-04-27 14:00,18.86,38.49,3.91,248.3,0,吝备,19,8,0.062,0.01
108,2025-04-27 15:00,18.6,40.51,3.49,236.49,0,吝备,21,10,0.0626,0.0108
108,2025-04-27 16:00,17.98,41.59,3.44,222.6,0,吝备,21,6,0.0628,0.0111
108,2025-04-27 17:00,17.21,42.34,3.42,227.42,0,吝备,21,9,0.0615,0.0111
108,2025-04-27 18:00,16.4,42.38,3.3,219.17,0,吝备,17,12,0.0592,0.012
108,2025-04-27 19:00,15.4,44.54,3.13,227.22,0,吝备,19,10,0.0537,0.0151
108,2025-04-27 20:00,14.87,44.56,3.38,272.92,0,吝备,15,8,0.0531,0.0137
108,2025-04-27 21:00,13.87,51.47,2.97,258.47,0,吝备,14,8,0.0539,0.0128
108,2025-04-27 22:00,13.07,54.43,2.33,257.47,0,吝备,18,10,0.0509,0.0156
108,2025-04-27 23:00,12.74,54.74,2.66,255.45,0,吝备,15,8,0.0467,0.0179
108,2025-04-28 0:00,12.34,57.08,2.41,250.74,0,吝备,17,10,0.0435,0.0187
108,2025-04-28 1:00,12.08,59.47,1.1,217.6,0,吝备,18,10,0.0432,0.017
108,2025-04-28 2:00,11.99,60.76,1.1,206.69,0,吝备,19,9,0.0449,0.0151
108,2025-04-28 3:00,11.94,61.88,1.77,252.58,0,吝备,18,9,0.051,0.0112
108,2025-04-28 4:00,11.45,64.2,2.22,260.53,0,吝备,18,8,0.0514,0.0111
108,2025-04-28 5:00,10.76,68.55,1.5,255.92,0,吝备,19,12,0.0475,0.0146
108,2025-04-28 6:00,10.42,72.5,1.61,265.69,0,吝备,22,11,0.0389,0.0226
108,2025-04-28 7:00,11.3,72.28,1.61,286.1,0,吝备,21,10,0.0356,0.0267
108,2025-04-28 8:00,13.31,68.06,1.77,231.96,0,吝备,23,12,0.0351,0.029
108,2025-04-28 9:00,15.27,61.43,2.9,263.43,0,吝备,27,10,0.0403,0.0279
108,2025-04-28 10:00,17,50.15,2.52,262.95,0,吝备,37,24,0.0568,0.015
108,2025-04-28 11:00,18.4,45.93,3.04,267.04,0,吝备,40,28,0.0609,0.0133
108,2025-04-28 12:00,19.29,38.02,4.16,249.33,0,吝备,36,22,0.0672,0.0089
108,2025-04-28 13:00,19.65,30.45,5.06,274.89,0,吝备,35,19,0.0649,0.0073
108,2025-04-28 14:00,19.68,34.16,4.91,272.41,0,吝备,34,18,0.0635,0.0077
108,2025-04-28 15:00,19.88,31.54,4.01,258.85,0,吝备,33,19,0.0637,0.0086
108,2025-04-28 16:00,19.62,22.18,4.83,283.64,0,吝备,30,18,0.064,0.0068
108,2025-04-28 17:00,19.06,24.4,4.11,263.32,0,吝备,34,15,0.0638,0.008
108,2025-04-28 18:00,17.89,25.56,4.09,278.84,0,吝备,32,15,0.0632,0.0086
108,2025-04-28 19:00,16.44,26.83,2.58,240.27,0,吝备,33,17,0.0591,0.01
108,2025-04-28 20:00,15.3,26.5,2.31,292.51,0,吝备,30,15,0.0562,0.0104
108,2025-04-28 21:00,14.44,28.15,1.77,282.87,0,吝备,32,16,0.0536,0.0103
108,2025-04-28 22:00,13.37,33.47,2.2,288.65,0,吝备,31,18,0.0474,0.0131
108,2025-04-28 23:00,12.44,35.17,1.01,312.97,0,吝备,28,19,0.0429,0.0154
108,2025-04-29 0:00,11.59,36.18,1.92,1.37,0,吝备,24,20,0.0443,0.0126
,2025-04-29 1:00,,,,,,吝备,19,12,0.049,0.0084
,2025-04-29 2:00,,,,,,吝备,19,15,0.0448,0.0104
,2025-04-29 3:00,,,,,,吝备,23,15,0.0331,0.0193
,2025-04-29 4:00,,,,,,吝备,24,18,0.0227,0.0255
,2025-04-29 5:00,,,,,,吝备,25,17,0.0231,0.0256
,2025-04-29 6:00,,,,,,吝备,25,18,0.0157,0.0316
,2025-04-29 7:00,,,,,,吝备,22,15,0.0177,0.033
,2025-04-29 8:00,,,,,,吝备,27,17,0.0285,0.0304
,2025-04-29 9:00,,,,,,吝备,29,15,0.0402,0.0229
,2025-04-29 10:00,,,,,,吝备,35,20,0.0477,0.0189
,2025-04-29 11:00,,,,,,吝备,41,34,0.0532,0.022
,2025-04-29 12:00,,,,,,吝备,46,36,0.0647,0.0154
,2025-04-29 13:00,,,,,,吝备,39,38,0.0719,0.0119
,2025-04-29 14:00,,,,,,吝备,41,32,0.0714,0.0128
,2025-04-29 15:00,,,,,,吝备,40,30,0.0693,0.0136
,2025-04-29 16:00,,,,,,吝备,38,29,0.0685,0.0145
,2025-04-29 17:00,,,,,,吝备,36,31,0.0666,0.0155
,2025-04-29 18:00,,,,,,吝备,39,35,0.0609,0.021
,2025-04-29 19:00,,,,,,吝备,40,35,0.0589,0.0223
,2025-04-29 20:00,,,,,,吝备,41,33,0.0538,0.0234
,2025-04-29 21:00,,,,,,吝备,38,33,0.0457,0.0277
,2025-04-29 22:00,,,,,,吝备,36,32,0.0496,0.0227
,2025-04-29 23:00,,,,,,吝备,33,29,0.0498,0.0198
,2025-04-30 0:00,,,,,,吝备,35,26,0.0413,0.0237
,2025-04-30 1:00,,,,,,吝备,34,29,0.0371,0.0239
,2025-04-30 2:00,,,,,,吝备,35,30,0.0278,0.0319
,2025-04-30 3:00,,,,,,吝备,37,32,0.0204,0.0356
,2025-04-30 4:00,,,,,,吝备,39,33,0.0166,0.0384
,2025-04-30 5:00,,,,,,吝备,38,32,0.0202,0.0338
,2025-04-30 6:00,,,,,,吝备,39,32,0.0142,0.0425
,2025-04-30 7:00,,,,,,吝备,42,33,0.0202,0.0404
,2025-04-30 8:00,,,,,,吝备,41,31,0.0245,0.0424
,2025-04-30 9:00,,,,,,吝备,38,24,0.0445,0.0315
,2025-04-30 10:00,,,,,,吝备,,20,,
,2025-04-30 11:00,,,,,,吝备,,16,,
,2025-04-30 12:00,,,,,,吝备,31,18,0.0567,0.0151
,2025-04-30 13:00,,,,,,吝备,32,22,0.0615,0.0139
,2025-04-30 14:00,,,,,,吝备,27,7,0.0701,0.012
,2025-04-30 15:00,,,,,,吝备,31,10,0.0728,0.0116
,2025-04-30 16:00,,,,,,吝备,27,8,0.0697,0.0154
,2025-04-30 17:00,,,,,,吝备,31,13,0.0705,0.0138
,2025-04-30 18:00,,,,,,吝备,28,18,0.0695,0.0153
,2025-04-30 19:00,,,,,,吝备,30,19,0.0649,0.0172
,2025-04-30 20:00,,,,,,吝备,31,15,0.062,0.0214
,2025-04-30 21:00,,,,,,吝备,30,14,0.0651,0.0192
,2025-04-30 22:00,,,,,,吝备,33,19,0.0677,0.0171
,2025-04-30 23:00,,,,,,吝备,35,22,0.0536,0.0274
108,2025-05-01 0:00,17.24,41.98,2.04,168.89,0,吝备,31,15,0.0646,0.0163
108,2025-05-01 1:00,16.4,45.51,1.43,292.4,0,吝备,31,17,0.059,0.0182
108,2025-05-01 2:00,16.1,45.88,1.24,120.46,0,吝备,29,17,0.054,0.0175
108,2025-05-01 3:00,16.09,39.57,1.69,155.04,0,吝备,22,16,0.0584,0.0111
108,2025-05-01 4:00,16.48,34.89,2.37,168.54,0,吝备,15,10,0.0587,0.009
108,2025-05-01 5:00,16.71,28.69,2.68,131.89,0,吝备,13,6,0.0571,0.0101
108,2025-05-01 6:00,16.64,29.01,2.53,114.84,0,吝备,17,9,0.0558,0.0129
108,2025-05-01 7:00,17.27,33.05,2.51,130.58,0,吝备,17,7,0.0573,0.0116
108,2025-05-01 8:00,17.48,38.17,2.04,180.8,0,吝备,18,8,0.0542,0.0131
108,2025-05-01 9:00,16.95,49.36,2.32,197.86,0.06,吝备,21,13,0.052,0.014
108,2025-05-01 10:00,14.9,73.97,1.59,137.51,2.89,吝备,28,17,0.038,0.0241
108,2025-05-01 11:00,14.09,85.63,1.85,118.87,7.39,吝备,25,18,0.0314,0.0298
108,2025-05-01 12:00,13.96,89.3,1.77,92.02,11.77,吝备,19,17,0.0344,0.0279
108,2025-05-01 13:00,13.75,90.92,1.48,48.95,19.09,吝备,19,15,0.0277,0.0334
108,2025-05-01 14:00,14.17,91.06,1.56,146.81,21.03,吝备,23,16,0.0249,0.0342
108,2025-05-01 15:00,14.46,91.88,2.82,199.23,21.1,吝备,27,14,0.0311,0.025
108,2025-05-01 16:00,14.42,91.31,2.24,211.31,21.1,吝备,25,14,0.048,0.0113
108,2025-05-01 17:00,14.42,91.03,1.97,234.29,21.1,吝备,39,19,0.0468,0.0119
108,2025-05-01 18:00,14.31,89.95,2.7,241.07,21.1,吝备,44,23,0.0477,0.0155
108,2025-05-01 19:00,13.82,88.39,2.48,238.31,21.1,吝备,54,29,0.0475,0.016
108,2025-05-01 20:00,13.42,87.89,2.69,229.26,21.1,吝备,49,30,0.0491,0.013
108,2025-05-01 21:00,13.05,88.72,2.88,216.51,21.1,吝备,49,31,0.0476,0.0124
108,2025-05-01 22:00,12.31,86.56,3.08,237.3,21.1,吝备,45,27,0.0511,0.0114
108,2025-05-01 23:00,11.6,85.75,2.52,223.15,21.1,吝备,41,27,0.0512,0.0105
108,2025-05-02 0:00,10.87,78.76,2.6,243.15,0.35,吝备,32,23,0.0469,0.0096
108,2025-05-02 1:00,10.16,75.52,3.13,242.49,0,吝备,21,17,0.045,0.0075
108,2025-05-02 2:00,9.64,75.88,3.03,241.51,0,吝备,18,14,0.04,0.0106
108,2025-05-02 3:00,9.31,77.56,3.34,240.13,0,吝备,18,12,0.0377,0.0117
108,2025-05-02 4:00,9.02,78.02,3.45,249.25,0,吝备,14,10,0.033,0.0161
108,2025-05-02 5:00,8.51,79.19,2,252.84,0,吝备,15,7,0.0323,0.0159
108,2025-05-02 6:00,8.25,82.15,1.83,262.41,0,吝备,15,7,0.0318,0.0156
108,2025-05-02 7:00,9.25,79.45,2.94,264.73,0,吝备,10,6,0.0381,0.0107
108,2025-05-02 8:00,10.64,72.68,3.34,289.16,0,吝备,8,4,0.0393,0.0109
108,2025-05-02 9:00,12.46,62.95,3.39,293.24,0,吝备,9,3,0.0449,0.0093
108,2025-05-02 10:00,14.08,54.37,3.6,283.47,0,吝备,14,10,0.0505,0.0076
108,2025-05-02 11:00,15.6,47.32,3.33,288.21,0,吝备,20,13,0.056,0.0067
108,2025-05-02 12:00,16.82,44.45,4.02,278.93,0,吝备,21,13,0.0556,0.0072
108,2025-05-02 13:00,17.33,37.31,4.67,290.69,0,吝备,18,12,0.0572,0.0061
108,2025-05-02 14:00,17.62,44.12,3.47,256.56,0,吝备,19,15,0.0536,0.0115
108,2025-05-02 15:00,17.92,44.28,4.62,243.1,0,吝备,22,15,0.0545,0.0116
108,2025-05-02 16:00,17.09,43.64,3.44,249.79,0,吝备,22,17,0.0528,0.0134
108,2025-05-02 17:00,16.54,43.56,3.21,253.7,0,吝备,20,13,0.0512,0.0147
108,2025-05-02 18:00,15.67,44.18,2.44,245.29,0,吝备,19,11,0.05,0.0162
108,2025-05-02 19:00,14.74,46.67,2.88,271.39,0,吝备,20,11,0.0451,0.0189
108,2025-05-02 20:00,14.02,50.07,2.14,251.95,0,吝备,18,13,0.0436,0.0185
108,2025-05-02 21:00,13.73,50.68,1.61,264.16,0,吝备,19,10,0.043,0.0176
108,2025-05-02 22:00,13.68,50.8,2.56,240.97,0,吝备,19,12,0.0299,0.0287
108,2025-05-02 23:00,13.17,57.8,2.83,239.08,0,吝备,25,15,0.0307,0.0254
108,2025-05-03 0:00,12.76,51.64,2.31,253.68,0,吝备,20,11,0.0338,0.0248
108,2025-05-03 1:00,12.57,49.35,2.06,266.63,0,吝备,16,9,0.0385,0.0182
108,2025-05-03 2:00,12.04,57.15,2.16,259.98,0.04,吝备,17,9,0.0461,0.0117
108,2025-05-03 3:00,11.01,70.25,1.75,265.22,0.36,吝备,14,8,0.0483,0.0087
108,2025-05-03 4:00,10.29,80.15,1.53,269.59,1.67,吝备,14,10,0.0436,0.0105
108,2025-05-03 5:00,9.95,85.05,1.16,290.23,3.49,吝备,12,9,0.0412,0.0105
108,2025-05-03 6:00,9.69,85.95,0.93,320.56,5.06,吝备,11,8,0.0436,0.0081
108,2025-05-03 7:00,9.69,89.3,1.37,39.04,6.58,吝备,13,8,0.034,0.0172
108,2025-05-03 8:00,10.15,89.38,1.55,50.9,6.91,吝备,11,9,0.0306,0.021
108,2025-05-03 9:00,10.39,87.88,0.82,12.36,7.06,吝备,13,11,0.026,0.0239
108,2025-05-03 10:00,10.6,88.92,1.57,275.51,7.25,吝备,14,12,0.0249,0.0239
108,2025-05-03 11:00,10.88,89.12,2.37,277.91,7.3,吝备,12,10,0.0322,0.0206
108,2025-05-03 12:00,11.52,85.95,3.04,263.91,7.3,吝备,11,8,0.0398,0.0156
108,2025-05-03 13:00,13.01,75.74,3.26,274.07,7.3,吝备,5,5,0.0525,0.0069
108,2025-05-03 14:00,13.08,70.89,3.51,291.82,7.3,吝备,7,8,0.0522,0.0064
108,2025-05-03 15:00,12.78,72.71,3.47,279,7.3,吝备,9,8,0.0509,0.0068
108,2025-05-03 16:00,12.53,78.45,3.38,253.27,7.3,吝备,14,12,0.0466,0.0121
108,2025-05-03 17:00,13.06,76.75,3.04,250.44,7.3,吝备,12,9,0.0491,0.0119
108,2025-05-03 18:00,13.02,74.84,3.35,238.73,7.3,吝备,13,10,0.0513,0.0127
108,2025-05-03 19:00,12.01,76.15,3.09,258.17,7.3,吝备,17,9,0.0493,0.0139
108,2025-05-03 20:00,11.28,79.73,2.25,268.61,7.3,吝备,20,10,0.0456,0.0148
108,2025-05-03 21:00,10.61,82.76,1.85,252.38,7.3,吝备,21,12,0.0423,0.015
108,2025-05-03 22:00,10.18,85.48,2.64,221.96,7.3,吝备,24,14,0.0405,0.0153
108,2025-05-03 23:00,9.78,86.43,2.74,250,7.3,吝备,21,11,0.0313,0.0234
108,2025-05-04 0:00,9.42,86.34,1.62,276.61,0.12,吝备,23,15,0.0314,0.0202
108,2025-05-04 1:00,9.05,87.95,1.45,273.06,0,吝备,24,13,0.024,0.0241
108,2025-05-04 2:00,8.85,88.72,2.04,261.19,0,吝备,25,11,0.0215,0.0277
108,2025-05-04 3:00,8.68,88.57,1.12,273.65,0,吝备,21,11,0.0271,0.0197
108,2025-05-04 4:00,8.29,90.07,1.11,254.12,0,吝备,21,11,0.0257,0.018
108,2025-05-04 5:00,8.34,91.25,1.57,241.92,0,吝备,22,10,0.0252,0.0208
108,2025-05-04 6:00,8.46,91.59,1.42,243.74,0,吝备,21,10,0.0261,0.02
108,2025-05-04 7:00,9.56,89.02,1.65,194.89,0,吝备,24,7,0.0318,0.0173
108,2025-05-04 8:00,11.66,79.06,1.9,186.46,0,吝备,20,6,0.0385,0.0136
108,2025-05-04 9:00,13.48,68.11,2.57,210.39,0,吝备,19,3,0.0399,0.0142
108,2025-05-04 10:00,15.38,60.84,3.28,204.99,0,吝备,25,5,0.044,0.0127
108,2025-05-04 11:00,17.33,46.69,3.94,218.35,0,吝备,24,12,0.0505,0.0122
108,2025-05-04 12:00,18.52,34.78,5.19,232,0,吝备,26,8,0.0548,0.0114
108,2025-05-04 13:00,19.33,27.21,5.99,246.37,0,吝备,22,9,0.0562,0.0108
108,2025-05-04 14:00,19.69,25.92,5.74,250.82,0,吝备,36,11,0.0658,0.0078
108,2025-05-04 15:00,19.31,29.11,5.61,256.96,0,吝备,29,12,0.0687,0.0077
108,2025-05-04 16:00,18.72,33.23,4.38,242.2,0,吝备,27,12,0.0725,0.0083
108,2025-05-04 17:00,18.41,36.43,4.16,248.76,0,吝备,29,15,0.0728,0.012
108,2025-05-04 18:00,17.11,40.32,4.19,253.16,0,吝备,30,18,0.074,0.0132
108,2025-05-04 19:00,15.23,46.83,2.92,275.77,0,吝备,34,23,0.0721,0.0148
108,2025-05-04 20:00,13.77,56.31,1.99,277.83,0,吝备,33,16,0.0656,0.0141
108,2025-05-04 21:00,12.87,62.49,1.8,279.32,0,吝备,31,14,0.0557,0.0195
108,2025-05-04 22:00,12.23,65.2,1.27,248.54,0,吝备,27,16,0.0513,0.0186
108,2025-05-04 23:00,11.59,68.22,1.09,234.71,0,吝备,30,13,0.0529,0.0163
108,2025-05-05 0:00,10.93,71.98,1.77,240.24,0,吝备,29,15,0.0466,0.0185
108,2025-05-05 1:00,10.55,73.71,1.36,232.92,0,吝备,28,12,0.0476,0.0143
108,2025-05-05 2:00,9.94,77.3,0.7,253.71,0,吝备,27,15,0.0448,0.0135
108,2025-05-05 3:00,9.38,80.65,1.63,22.72,0,吝备,27,16,0.0362,0.0152
108,2025-05-05 4:00,9.32,80.99,2.12,33.27,0,吝备,25,15,0.0332,0.0188
108,2025-05-05 5:00,9.39,79.91,1.55,36.34,0,吝备,22,15,0.0327,0.0187
108,2025-05-05 6:00,9.78,79.27,1.97,48.52,0,吝备,24,14,0.0348,0.02
108,2025-05-05 7:00,10.72,75.58,1.92,64.59,0,吝备,26,17,0.0374,0.0194
108,2025-05-05 8:00,12.13,70.49,2.17,49.27,0,吝备,28,16,0.0378,0.0206
108,2025-05-05 9:00,13.49,62.93,2.42,49.89,0,吝备,29,15,0.0417,0.0187
108,2025-05-05 10:00,14.23,58.39,2.47,51.98,0,吝备,27,16,0.049,0.0161
108,2025-05-05 11:00,14.42,57.23,2.09,16.94,0,吝备,29,15,0.0488,0.0165
108,2025-05-05 12:00,14.25,56.63,1.89,24.04,0,吝备,29,16,0.0501,0.0161
108,2025-05-05 13:00,14.7,55.51,2.61,35.84,0,吝备,27,17,0.0501,0.0147
108,2025-05-05 14:00,14.24,54.79,3.74,47.46,0,吝备,24,14,0.0499,0.0104
108,2025-05-05 15:00,13.6,56.77,3.53,48.26,0,吝备,17,11,0.049,0.0101
108,2025-05-05 16:00,13.47,54.74,3.07,53.05,0,吝备,14,7,0.0489,0.0107
108,2025-05-05 17:00,13.21,55.06,2.91,43.73,0,吝备,14,8,0.0456,0.0127
108,2025-05-05 18:00,12.85,57.64,2.36,43.2,0,吝备,15,9,0.0445,0.0118
108,2025-05-05 19:00,12.61,57.93,2.6,51.13,0,吝备,12,9,0.0443,0.0112
108,2025-05-05 20:00,12.53,58.24,2.35,61.17,0,吝备,13,10,0.0417,0.0119
108,2025-05-05 21:00,12.41,58.74,2.96,54.31,0,吝备,15,11,0.0392,0.0135
108,2025-05-05 22:00,12.2,59.29,2.99,53.85,0,吝备,12,11,0.0386,0.0133
108,2025-05-05 23:00,11.75,60.38,2.6,50.59,0,吝备,15,10,0.0378,0.0135
108,2025-05-06 0:00,10.81,63.06,1.98,46.87,0,吝备,13,9,0.0358,0.0141
108,2025-05-06 1:00,10.1,65.72,1.58,44.22,0,吝备,11,7,0.0362,0.0132
108,2025-05-06 2:00,9.65,68.63,1.75,37.56,0,吝备,12,10,0.0343,0.0133
108,2025-05-06 3:00,9.25,70.64,1,14.72,0,吝备,12,10,0.0345,0.0123
108,2025-05-06 4:00,8.82,72.94,1.28,41.09,0,吝备,13,11,0.0272,0.0164
108,2025-05-06 5:00,8.54,73.09,1.39,60.97,0,吝备,11,8,0.0281,0.0159
108,2025-05-06 6:00,8.82,74.51,1.66,60.5,0,吝备,12,6,0.0219,0.0218
108,2025-05-06 7:00,10.54,69.61,1.99,53.97,0,吝备,13,6,0.0307,0.0156
108,2025-05-06 8:00,13.04,59.72,1.78,58.45,0,吝备,12,4,0.0385,0.0127
108,2025-05-06 9:00,15.59,49.94,1.48,78.81,0,吝备,11,2,0.0495,0.009
108,2025-05-06 10:00,17.32,42.18,2.48,38.98,0,吝备,13,5,0.056,0.006
108,2025-05-06 11:00,18.25,42.18,1.98,103.6,0,吝备,13,7,0.0551,0.0076
108,2025-05-06 12:00,18.26,41.15,2.39,284.11,0,吝备,17,12,0.0535,0.0102
108,2025-05-06 13:00,18.14,40.32,2.78,267.2,0,吝备,18,11,0.061,0.0057
108,2025-05-06 14:00,17.92,42.98,3.09,264.35,0,吝备,18,9,0.0573,0.0072
108,2025-05-06 15:00,18.42,39.65,3.68,291.92,0,吝备,12,4,0.0599,0.0049
108,2025-05-06 16:00,19.29,37.84,3.18,276.15,0,吝备,12,4,0.0614,0.0047
108,2025-05-06 17:00,18.92,40.05,3.05,283.65,0,吝备,13,7,0.0596,0.006
108,2025-05-06 18:00,17.78,47.58,3.84,254.49,0,吝备,19,10,0.0568,0.0084
108,2025-05-06 19:00,16.06,54.88,3.52,252.38,0,吝备,23,15,0.0528,0.0104
108,2025-05-06 20:00,15.15,58.72,2.52,269.63,0,吝备,23,13,0.0462,0.0147
108,2025-05-06 21:00,14.42,62.49,2.01,266.25,0,吝备,21,10,0.0421,0.0163
108,2025-05-06 22:00,13.71,65.28,1.14,270.35,0,吝备,21,10,0.0394,0.0171
108,2025-05-06 23:00,13.02,67.69,0.93,226.46,0,吝备,19,13,0.0389,0.0157
108,2025-05-07 0:00,12.32,69.81,1.52,266.83,0,吝备,20,12,0.0385,0.0143
108,2025-05-07 1:00,11.72,70.41,1.52,267.18,0,吝备,22,12,0.0385,0.0133
108,2025-05-07 2:00,11.41,72.24,1.81,249.09,0,吝备,21,13,0.0373,0.013
108,2025-05-07 3:00,10.92,74.56,1.82,256.27,0,吝备,22,14,0.0298,0.0172
108,2025-05-07 4:00,10.42,77.24,0.99,268.74,0,吝备,20,15,0.0216,0.0226
108,2025-05-07 5:00,10.11,79.7,0.85,279.14,0,吝备,21,14,0.0158,0.0248
108,2025-05-07 6:00,10.16,81.21,0.73,330.53,0,吝备,20,13,0.0183,0.023
108,2025-05-07 7:00,11.5,78.39,0.78,15.23,0,吝备,24,13,0.0212,0.0269
108,2025-05-07 8:00,13.54,72.62,1.2,245.55,0,吝备,23,13,0.0285,0.0244
108,2025-05-07 9:00,15.76,62.25,2.02,180.21,0,吝备,26,12,0.0336,0.0252
108,2025-05-07 10:00,17.21,53.81,1.96,233.2,0,吝备,26,16,0.0427,0.0185
108,2025-05-07 11:00,18.65,48.33,2.47,186.55,0,吝备,27,19,0.0479,0.018
108,2025-05-07 12:00,19.67,44.23,2.52,196.48,0,吝备,22,12,0.0531,0.0132
108,2025-05-07 13:00,20.45,42.12,2.91,254.39,0,吝备,21,11,0.0627,0.0142
108,2025-05-07 14:00,20.78,45.18,3.48,222.62,0,吝备,34,19,0.0645,0.0181
108,2025-05-07 15:00,20.6,44.82,3.69,255.95,0,吝备,32,17,0.0624,0.015
108,2025-05-07 16:00,19.84,43.7,4.1,272.85,0,吝备,27,13,0.0588,0.0128
108,2025-05-07 17:00,18.82,44.61,3.65,271.39,0,吝备,23,14,0.06,0.01
108,2025-05-07 18:00,17.37,49.49,3.73,252.07,0,吝备,21,12,0.06,0.0098
108,2025-05-07 19:00,15.62,56.78,3.38,252.62,0,吝备,24,15,0.0576,0.0125
108,2025-05-07 20:00,14.43,59.13,2.78,262.59,0,吝备,23,12,0.0553,0.0131
108,2025-05-07 21:00,13.54,64.07,2.22,279.28,0,吝备,18,14,0.05,0.016
108,2025-05-07 22:00,12.79,66.13,1.2,296.96,0,吝备,23,14,0.0482,0.0163
108,2025-05-07 23:00,12.05,65.91,1.25,261.76,0,吝备,21,11,0.0483,0.0147
108,2025-05-08 0:00,11.8,65.33,1.27,288.78,0,吝备,16,9,0.046,0.014
108,2025-05-08 1:00,11.41,67.39,1.41,287.97,0,吝备,14,10,0.0427,0.0138
108,2025-05-08 2:00,11.07,69.79,0.8,319.17,0,吝备,14,7,0.0382,0.014
108,2025-05-08 3:00,10.6,72.63,0.78,287.66,0,吝备,15,10,0.0308,0.0162
108,2025-05-08 4:00,10.21,75.32,0.89,309.98,0,吝备,16,11,0.0239,0.02
108,2025-05-08 5:00,9.96,77.41,1.27,10.4,0,吝备,19,11,0.0196,0.0223
108,2025-05-08 6:00,9.98,80.06,1.73,36.16,0,吝备,22,15,0.0124,0.03
108,2025-05-08 7:00,11.88,77.84,2.04,41.06,0,吝备,26,17,0.0119,0.0322
108,2025-05-08 8:00,14.56,68.09,1.77,88.41,0,吝备,34,23,0.0218,0.0291
108,2025-05-08 9:00,16.9,59.29,1.8,79.23,0,吝备,36,24,0.034,0.0255
108,2025-05-08 10:00,18.92,52.52,2,80.61,0,吝备,33,24,0.041,0.0245
108,2025-05-08 11:00,20.6,44.88,2.1,112.22,0,吝备,32,20,0.0496,0.0213
108,2025-05-08 12:00,22.18,39.39,2.1,127.83,0,吝备,31,17,0.0617,0.0155
108,2025-05-08 13:00,23.48,36.02,2.23,179.94,0,吝备,41,17,0.0668,0.0134
108,2025-05-08 14:00,24.4,31.31,2.41,209.65,0,吝备,58,17,0.0697,0.0125
108,2025-05-08 15:00,24.77,27.38,2.35,233.75,0,吝备,77,20,0.0728,0.0124
108,2025-05-08 16:00,24.6,27.39,2.08,209.54,0,吝备,81,20,0.0768,0.0128
108,2025-05-08 17:00,23.17,35.87,3.6,267.43,0,吝备,84,23,0.078,0.0185
108,2025-05-08 18:00,20.15,44.6,3.74,271.45,0,吝备,67,29,0.0867,0.0159
108,2025-05-08 19:00,18.93,44.2,2.84,257.66,0,吝备,55,23,0.0752,0.0129
108,2025-05-08 20:00,18.45,47.12,1.74,268.4,0,吝备,56,21,0.0679,0.0164
108,2025-05-08 21:00,18.18,44.96,1.25,295.03,0,吝备,61,18,0.0674,0.012
108,2025-05-08 22:00,17.86,47.55,0.68,316.31,0,吝备,67,20,0.0521,0.0191
108,2025-05-08 23:00,17.46,50.39,0.93,273.25,0,吝备,66,19,0.0494,0.0207
108,2025-05-09 0:00,17.28,52.58,0.77,293.85,0,吝备,60,23,0.0407,0.0264
108,2025-05-09 1:00,17.02,54.08,0.93,2.98,0,吝备,60,25,0.04,0.0208
108,2025-05-09 2:00,16.62,54.21,1.96,43.27,0,吝备,65,25,0.0418,0.0195
108,2025-05-09 3:00,16.41,52.78,1.39,48.85,0,吝备,67,23,0.0456,0.0161
108,2025-05-09 4:00,16.25,54.67,1.69,32.25,0,吝备,67,22,0.041,0.0196
108,2025-05-09 5:00,16.05,56.51,2.38,45.75,0,吝备,71,21,0.0377,0.0226
108,2025-05-09 6:00,16.16,57.45,2.24,50.41,0,吝备,70,22,0.0417,0.0228
108,2025-05-09 7:00,15.79,67.24,2.31,48.75,0.51,吝备,71,24,0.0356,0.0286
108,2025-05-09 8:00,15.03,77.74,2.5,49.4,1.61,吝备,70,27,0.0359,0.0292
108,2025-05-09 9:00,14.91,81.13,2.58,40.57,2.29,吝备,58,22,0.0352,0.028
108,2025-05-09 10:00,14.83,82.59,3.05,55.58,3.4,吝备,48,21,0.0354,0.0256
108,2025-05-09 11:00,14.74,82.36,3.66,58.31,3.87,吝备,44,20,0.0379,0.0215
108,2025-05-09 12:00,14.92,83.66,4.56,58.06,4.17,吝备,46,20,0.0437,0.015
108,2025-05-09 13:00,14.25,90.11,5.19,55.51,5.07,吝备,44,21,0.0471,0.0121
108,2025-05-09 14:00,14.21,93.9,4.88,54.3,7.09,吝备,37,17,0.0422,0.015
108,2025-05-09 15:00,14.26,95.28,4.71,56.68,10.13,吝备,,8,,
108,2025-05-09 16:00,14.34,96.22,4.13,61.4,13.03,吝备,,4,,
108,2025-05-09 17:00,14.52,96.02,3.91,66.4,14.72,吝备,14,13,0.0271,0.0173
108,2025-05-09 18:00,14.68,95.26,3.69,59.39,14.93,吝备,13,7,0.0234,0.0235
108,2025-05-09 19:00,14.79,96.08,4.09,57.42,15.38,吝备,13,9,0.0227,0.0232
108,2025-05-09 20:00,14.8,96.19,3.93,52.56,16.02,吝备,11,8,0.0263,0.0182
108,2025-05-09 21:00,14.8,96.44,3.06,55.67,16.41,吝备,6,6,0.0259,0.0172
108,2025-05-09 22:00,14.8,96.28,2.74,54.87,17.08,吝备,6,3,0.0241,0.0169
108,2025-05-09 23:00,14.89,96.14,1.45,44.95,17.24,吝备,3,2,0.0229,0.0165
108,2025-05-10 0:00,14.97,96.64,0.97,357.14,1.56,吝备,7,2,0.0163,0.0225
108,2025-05-10 1:00,15.23,95.72,3.31,191.3,2.98,吝备,8,3,0.0403,0.0077
108,2025-05-10 2:00,15.04,94.71,2.36,194.24,3.48,吝备,4,2,0.044,0.0066
108,2025-05-10 3:00,14.19,94.49,3.67,202.49,5.01,吝备,3,2,0.042,0.0056
108,2025-05-10 4:00,12.81,94.4,3.93,218.77,5.3,吝备,4,3,0.0409,0.0069
108,2025-05-10 5:00,12.35,96.58,4.12,217.34,5.3,吝备,7,4,0.0409,0.0091
108,2025-05-10 6:00,12.52,96.3,4.03,208.11,5.37,吝备,4,3,0.0382,0.0125
108,2025-05-10 7:00,12.11,95.85,3.81,201.37,5.6,吝备,5,2,0.0316,0.0186
108,2025-05-10 8:00,11.71,96.08,4.74,215.52,5.92,吝备,5,2,0.0333,0.0191
108,2025-05-10 9:00,11.76,96.39,4.94,216.14,6.5,吝备,17,6,0.0368,0.0182
108,2025-05-10 10:00,11.75,96.88,4.68,212.8,7.85,吝备,19,10,0.0363,0.0175
108,2025-05-10 11:00,11.74,97.01,4.5,211.65,9.77,吝备,18,8,0.0331,0.019
108,2025-05-10 12:00,11.8,96.54,4.37,219.18,11.4,吝备,9,8,0.036,0.0159
108,2025-05-10 13:00,11.98,95.96,4.42,219.69,11.5,吝备,16,11,0.0357,0.0183
108,2025-05-10 14:00,12.18,94.92,3.66,220.41,11.5,吝备,26,17,0.0377,0.0192
108,2025-05-10 15:00,12.4,93.98,3.56,209.45,11.5,吝备,31,22,0.0412,0.0165
108,2025-05-10 16:00,12.16,94.59,4.42,207.88,12.07,吝备,31,21,0.0426,0.0151
108,2025-05-10 17:00,11.86,96.73,3.51,201.86,13.75,吝备,26,22,0.0433,0.0149
108,2025-05-10 18:00,11.97,96.17,3.3,209.19,14.1,吝备,28,21,0.0466,0.0148
108,2025-05-10 19:00,12.16,95.31,3.17,221.28,14.1,吝备,37,24,0.0448,0.0157
108,2025-05-10 20:00,12.13,94.58,2.85,209.59,14.1,吝备,42,29,0.0495,0.0129
108,2025-05-10 21:00,11.95,93.69,2.51,206.58,14.1,吝备,43,27,0.0491,0.0148
108,2025-05-10 22:00,11.9,93.17,1.72,202.77,14.1,吝备,44,26,0.0488,0.0143
108,2025-05-10 23:00,11.76,92.74,1.89,184.83,14.1,吝备,46,28,0.0546,0.0109
108,2025-05-11 0:00,11.64,92.19,2.05,192.86,0.23,吝备,44,28,0.0548,0.0107
108,2025-05-11 1:00,11.65,92.37,1.84,192.1,0,吝备,44,26,0.0518,0.0099
108,2025-05-11 2:00,11.45,91.46,1.55,208.69,0,吝备,44,31,0.0542,0.0093
108,2025-05-11 3:00,11.56,91.95,1.13,193.13,0,吝备,49,31,0.0507,0.0095
108,2025-05-11 4:00,11.6,91.53,0.82,48.69,0,吝备,52,33,0.0483,0.0091
108,2025-05-11 5:00,11.56,92.49,1.25,14.16,0,吝备,58,40,0.0454,0.0105
108,2025-05-11 6:00,11.63,91.82,1.52,99.83,0,吝备,62,40,0.0426,0.014
108,2025-05-11 7:00,12.14,90.89,1.65,80.61,0,吝备,58,40,0.0449,0.0142
108,2025-05-11 8:00,12.86,87.71,1.83,93.7,0,吝备,55,37,0.0487,0.0131
108,2025-05-11 9:00,13.92,83.41,1.38,88.02,0,吝备,51,36,0.0501,0.0143
108,2025-05-11 10:00,14.82,79.49,1.17,66.93,0,吝备,50,36,0.0494,0.0149
108,2025-05-11 11:00,15.46,77.67,1.22,192.27,0,吝备,51,38,0.0531,0.0129
108,2025-05-11 12:00,17.04,72.45,1.64,151.56,0,吝备,45,32,0.0575,0.0115
108,2025-05-11 13:00,18.4,66.91,1.72,193.05,0,吝备,41,26,0.061,0.012
108,2025-05-11 14:00,19.32,61.73,1.84,200.86,0,吝备,38,24,0.0694,0.0099
108,2025-05-11 15:00,19.74,59.44,2.62,243.48,0,吝备,40,37,0.0763,0.0108
108,2025-05-11 16:00,19.76,61.03,3.08,274.71,0,吝备,38,30,0.093,0.0129
108,2025-05-11 17:00,19.4,57.07,4.16,268.27,0,吝备,29,18,0.0844,0.012
108,2025-05-11 18:00,18.02,59.31,3.46,269.47,0,吝备,30,20,0.073,0.0153
108,2025-05-11 19:00,16.48,60.6,2.1,251.96,0,吝备,34,20,0.0644,0.0181
108,2025-05-11 20:00,15.23,65.35,2.41,225.38,0,吝备,34,23,0.0605,0.0178
108,2025-05-11 21:00,13.84,72.98,2.11,246.89,0,吝备,41,27,0.06,0.0158
108,2025-05-11 22:00,13.01,76.11,1.09,257.45,0,吝备,44,27,0.0569,0.0178
108,2025-05-11 23:00,12.46,80.04,1.44,252.62,0,吝备,44,30,0.0588,0.0167
108,2025-05-12 0:00,11.94,83.14,1.55,257.15,0,吝备,47,34,0.0578,0.0155
108,2025-05-12 1:00,11.55,84.83,1.62,243.34,0,吝备,51,38,0.0586,0.0141
108,2025-05-12 2:00,11.44,85.89,2,242.94,0,吝备,51,43,0.0577,0.0126
108,2025-05-12 3:00,11.11,86.62,0.6,285.95,0,吝备,50,43,0.0544,0.0127
108,2025-05-12 4:00,10.52,88.84,1.12,20.35,0,吝备,48,42,0.0385,0.018
108,2025-05-12 5:00,9.96,89.65,1.88,24.42,0,吝备,49,44,0.035,0.0187
108,2025-05-12 6:00,10.12,91.91,2,34.65,0,吝备,53,40,0.0243,0.0309
108,2025-05-12 7:00,11.77,90.21,2.29,38.92,0,吝备,56,47,0.0253,0.0358
108,2025-05-12 8:00,14.06,80.5,2.03,34.4,0,吝备,57,45,0.0395,0.0302
108,2025-05-12 9:00,16.06,68.89,1.87,220.88,0,吝备,49,37,0.0525,0.0279
108,2025-05-12 10:00,18.09,60.7,3.08,194.28,0,吝备,47,33,0.0638,0.0235
108,2025-05-12 11:00,19.65,54.94,3.04,215.52,0,吝备,42,31,0.073,0.0184
108,2025-05-12 12:00,21.29,45.98,3.36,207.32,0,吝备,36,28,0.0806,0.0141
108,2025-05-12 13:00,22.11,40.71,4.27,194.54,0,吝备,32,24,0.0791,0.0143
108,2025-05-12 14:00,22.79,40.65,3.4,236.46,0,吝备,26,21,0.0803,0.0133
108,2025-05-12 15:00,23.15,40.87,3.48,215.72,0,吝备,31,26,0.0846,0.0105
108,2025-05-12 16:00,23.35,43.1,2.83,225.22,0,吝备,31,25,0.0851,0.0126
108,2025-05-12 17:00,22.94,43.24,2.88,230.01,0,吝备,31,27,0.0846,0.0142
108,2025-05-12 18:00,21.86,38.74,2.97,211.8,0,吝备,30,24,0.0777,0.0152
108,2025-05-12 19:00,20.45,41.12,1.58,229.04,0,吝备,29,20,0.0722,0.0183
108,2025-05-12 20:00,19.04,47.23,1.07,222.6,0,吝备,30,22,0.0641,0.0222
108,2025-05-12 21:00,17.68,53.82,0.58,344.95,0,吝备,34,23,0.0406,0.0336
108,2025-05-12 22:00,16.61,58.86,0.41,336.46,0,吝备,35,26,0.0378,0.0326
108,2025-05-12 23:00,15.91,61.71,0.65,358.88,0,吝备,34,25,0.0386,0.0295
108,2025-05-13 0:00,15.31,61.93,1.26,30.58,0,吝备,34,26,0.037,0.0286
108,2025-05-13 1:00,14.98,64.3,1.7,19.35,0,吝备,34,29,0.0251,0.0352
108,2025-05-13 2:00,14.47,67.86,1.81,19.33,0,吝备,35,27,0.0174,0.0414
108,2025-05-13 3:00,14.24,68.97,1.41,13.76,0,吝备,33,29,0.0204,0.0339
108,2025-05-13 4:00,13.63,71.42,1.68,26.44,0,吝备,33,29,0.0216,0.0325
108,2025-05-13 5:00,13.34,72.59,1.76,30.48,0,吝备,31,28,0.0197,0.036
108,2025-05-13 6:00,13.95,73.65,1.57,40.68,0,吝备,28,26,0.0232,0.0372
108,2025-05-13 7:00,15.89,68.23,1.94,49.25,0,吝备,30,23,0.0302,0.0373
108,2025-05-13 8:00,17.57,62.41,2.23,43.05,0,吝备,35,27,0.0308,0.0411
108,2025-05-13 9:00,19.17,58.54,1.76,52.34,0,吝备,40,27,0.0332,0.0442
108,2025-05-13 10:00,21.79,46.14,2.23,198.61,0,吝备,36,27,0.0626,0.0291
108,2025-05-13 11:00,24.01,34.17,4.09,222.06,0,吝备,37,25,0.0804,0.0188
108,2025-05-13 12:00,25.2,30.33,4.73,209.52,0,吝备,41,27,0.0851,0.0134
108,2025-05-13 13:00,25.64,28.14,5.7,226.45,0,吝备,38,26,0.083,0.0155
108,2025-05-13 14:00,25.31,29.25,4.79,221.27,0,吝备,37,34,0.0797,0.0202
108,2025-05-13 15:00,25.57,29.38,4.07,203.75,0,吝备,36,21,0.0852,0.015
108,2025-05-13 16:00,24.78,29.29,4.57,218.01,0,吝备,30,24,0.0793,0.0172
108,2025-05-13 17:00,24.86,29.23,3.74,231.94,0,吝备,26,18,0.0774,0.0153
108,2025-05-13 18:00,24.25,30.18,3.25,233.94,0,吝备,30,21,0.0772,0.0159
108,2025-05-13 19:00,22.98,34.81,2.67,211.98,0,吝备,33,30,0.0747,0.0188
108,2025-05-13 20:00,21.67,37.8,2.88,204.87,0,吝备,35,30,0.083,0.0119
108,2025-05-13 21:00,20.65,39,2.11,215.59,0,吝备,31,29,0.0831,0.0127
108,2025-05-13 22:00,19.63,41.33,1.27,216.36,0,吝备,33,27,0.0759,0.0156
108,2025-05-13 23:00,18.34,46.78,0.6,272.33,0,吝备,37,31,0.0549,0.0264
108,2025-05-14 0:00,17.25,50.58,0.91,353.59,0,吝备,38,30,0.0537,0.0225
108,2025-05-14 1:00,16.51,53.91,0.6,357.46,0,吝备,39,36,0.0502,0.0216
108,2025-05-14 2:00,15.84,56.37,0.87,31.77,0,吝备,38,35,0.0496,0.0202
108,2025-05-14 3:00,15.22,58.07,1.5,25.55,0,吝备,,38,0.0408,0.024
108,2025-05-14 4:00,14.65,62.87,1.32,34.49,0,吝备,42,35,0.0343,0.0258
108,2025-05-14 5:00,14.23,64.71,1.5,16.14,0,吝备,43,38,0.0295,0.0297
108,2025-05-14 6:00,14.22,66.99,1.57,24.6,0,吝备,42,37,0.0242,0.0388
108,2025-05-14 7:00,16.11,63.6,1.46,36.77,0,吝备,39,30,0.0314,0.0402
108,2025-05-14 8:00,19.1,53.81,1.57,61.26,0,吝备,40,31,0.0404,0.0438
108,2025-05-14 9:00,21.51,47.57,1.46,86.55,0,吝备,37,24,0.0569,0.0349
108,2025-05-14 10:00,23.1,44.01,2.69,185.23,0,吝备,37,25,0.0705,0.023
108,2025-05-14 11:00,24.43,39.27,3.03,215.78,0,吝备,36,21,0.084,0.0167
108,2025-05-14 12:00,25.45,34.05,3.67,212.38,0,吝备,35,27,0.0924,0.0134
108,2025-05-14 13:00,26.12,33.25,3.41,220.2,0,吝备,37,25,0.0948,0.0136
108,2025-05-14 14:00,26.48,34.25,3.18,195.17,0,吝备,32,29,0.0921,0.016
108,2025-05-14 15:00,25.74,38.17,3.98,227.32,0,吝备,34,27,0.0868,0.0168
108,2025-05-14 16:00,24.89,37.71,4.34,249.08,0,吝备,27,27,0.0851,0.0135
108,2025-05-14 17:00,24.21,39.75,3.81,238.06,0,吝备,25,25,0.0779,0.0127
108,2025-05-14 18:00,23.55,47.47,3.27,225.29,0,吝备,23,16,0.0619,0.0157
108,2025-05-14 19:00,22.47,51.9,2.74,242.93,0,吝备,21,14,0.0633,0.0165
108,2025-05-14 20:00,21.86,59.86,2.86,230.42,0,吝备,24,13,0.055,0.014
108,2025-05-14 21:00,21.49,64.25,2.53,221.14,0,吝备,22,14,0.0505,0.0132
108,2025-05-14 22:00,21.23,67.14,2.08,233.75,0,吝备,17,16,0.0477,0.0141
108,2025-05-14 23:00,21.28,68.11,2.43,198.88,0,吝备,20,12,0.0463,0.0132
108,2025-05-15 0:00,21.17,68.75,2.13,195.98,0,吝备,22,11,0.0471,0.0111
108,2025-05-15 1:00,21.1,69.01,1.71,191.55,0,吝备,19,14,0.0483,0.0099
108,2025-05-15 2:00,20.77,72.4,3.04,187.22,0,吝备,22,16,0.0466,0.009
108,2025-05-15 3:00,20.06,77.94,3.2,205.29,0.02,吝备,27,20,0.0413,0.009
108,2025-05-15 4:00,19.54,83.55,2.42,223.81,0.17,吝备,30,22,0.0344,0.0107
108,2025-05-15 5:00,19.1,87.27,2.28,224.75,0.3,吝备,30,23,0.032,0.0108
108,2025-05-15 6:00,18.79,90.92,2.65,220.15,0.34,吝备,26,21,0.0286,0.0129
108,2025-05-15 7:00,18.41,92.6,3.43,216.06,0.61,吝备,18,13,0.0244,0.0168
108,2025-05-15 8:00,17.71,92.52,3.62,235.91,0.9,吝备,12,10,0.024,0.0188
108,2025-05-15 9:00,16.87,91.71,3.05,225.48,1.09,吝备,14,11,0.0288,0.0175
108,2025-05-15 10:00,16.89,90.94,2.69,239.95,1.1,吝备,13,11,0.0303,0.0182
108,2025-05-15 11:00,18,87.03,2.34,189.61,1.1,吝备,16,12,0.0314,0.0193
108,2025-05-15 12:00,19.15,82.18,2.13,195.97,1.1,吝备,20,15,0.0358,0.019
108,2025-05-15 13:00,19.89,79.77,2.09,189.24,1.1,吝备,22,17,0.0396,0.0177
108,2025-05-15 14:00,20.62,77.02,2.1,206.6,1.1,吝备,24,17,0.0485,0.0168
108,2025-05-15 15:00,21.57,71.57,1.88,194.35,1.1,吝备,25,16,0.0623,0.0149
108,2025-05-15 16:00,22.1,69.01,2.16,197.58,1.1,吝备,29,22,0.0641,0.0171
108,2025-05-15 17:00,21.89,67.58,2.2,213.7,1.1,吝备,35,25,0.069,0.0185
108,2025-05-15 18:00,21.38,69.88,2.29,201.3,1.1,吝备,34,32,0.0602,0.0203
108,2025-05-15 19:00,20.66,73.7,2.49,186.54,1.1,吝备,43,38,0.0512,0.021
108,2025-05-15 20:00,19.9,77.11,1.92,213.38,1.1,吝备,43,38,0.0493,0.0137
108,2025-05-15 21:00,19.26,80.78,1.53,243.31,1.1,吝备,47,44,0.0382,0.0182
108,2025-05-15 22:00,18.77,82.92,1.12,249.68,1.1,吝备,43,39,0.0312,0.0197
108,2025-05-15 23:00,18.42,85.23,0.96,249,1.1,吝备,43,34,0.0275,0.0184
108,2025-05-16 0:00,18.45,86.71,0.94,266.65,0.02,吝备,40,32,0.023,0.0201
108,2025-05-16 1:00,18.55,86.86,1.11,277.68,0,吝备,43,36,0.0235,0.0187
108,2025-05-16 2:00,18.69,86.95,0.9,289.81,0,吝备,47,36,0.028,0.0138
108,2025-05-16 3:00,18.55,89.54,0.97,342.87,0,吝备,53,39,0.0247,0.0138
108,2025-05-16 4:00,18.42,91.95,1.74,37.19,0,吝备,62,38,0.021,0.0152
108,2025-05-16 5:00,18.21,92.45,2.15,47.53,0,吝备,64,40,0.0148,0.0187
108,2025-05-16 6:00,18.39,93.6,1.78,60.82,0.29,吝备,65,41,0.0174,0.0176
108,2025-05-16 7:00,18.69,94.27,1.88,52.2,1.37,吝备,57,36,0.0147,0.0212
108,2025-05-16 8:00,19.3,94.37,1.61,50.21,1.79,吝备,52,33,0.0124,0.0249
108,2025-05-16 9:00,20.12,93.69,1.88,51.76,2.92,吝备,46,35,0.0121,0.0267
108,2025-05-16 10:00,20.4,93.83,1.75,46.99,7.09,吝备,39,31,0.0092,0.0323
108,2025-05-16 11:00,20.62,93.7,1.06,50.31,10.6,吝备,38,27,0.0102,0.0333
108,2025-05-16 12:00,20.99,93.74,1.25,37.3,13.2,吝备,37,27,0.0112,0.0344
108,2025-05-16 13:00,21.41,93.58,1.12,25.42,14.35,吝备,32,28,0.0116,0.0345
108,2025-05-16 14:00,21.8,92.88,2.26,241.54,16.82,吝备,33,17,0.0126,0.0266
108,2025-05-16 15:00,21.69,91.94,2.94,294.48,19.43,吝备,20,11,0.018,0.0166
108,2025-05-16 16:00,20.48,91.99,2.28,55.52,30.95,吝备,18,14,0.0219,0.0204
108,2025-05-16 17:00,19.67,93.59,2.33,216.16,39.18,吝备,10,7,0.0232,0.0204
108,2025-05-16 18:00,19.3,94.45,2.22,250.86,43.91,吝备,7,3,0.0227,0.0224
108,2025-05-16 19:00,19.23,95.9,1.7,69.09,46.31,吝备,16,13,0.0151,0.036
108,2025-05-16 20:00,18.63,95.55,2.47,60.72,50.54,吝备,25,17,0.0221,0.0279
108,2025-05-16 21:00,18.34,93.68,2.45,48.61,51.3,吝备,17,13,0.0258,0.0232
108,2025-05-16 22:00,18.04,92.46,2.27,39.29,51.3,吝备,11,11,0.032,0.0153
108,2025-05-16 23:00,17.88,91.54,1.75,28.92,51.3,吝备,16,10,0.0358,0.0113
108,2025-05-17 0:00,17.83,90.95,1.44,30.88,0.85,吝备,14,3,0.035,0.0117
108,2025-05-17 1:00,17.4,91.31,1.64,70.71,0,吝备,19,7,0.0302,0.0145
108,2025-05-17 2:00,17.02,92.66,1.81,67.98,0,吝备,13,2,0.0278,0.0125
108,2025-05-17 3:00,16.8,93.85,1.48,29.83,0,吝备,11,7,0.0282,0.0127
108,2025-05-17 4:00,16.49,94.13,1.12,295.99,0,吝备,11,5,0.0246,0.0133
108,2025-05-17 5:00,16.18,95.14,2.1,259.09,0,吝备,21,4,0.0268,0.0143
108,2025-05-17 6:00,16.35,95.44,1.43,209.94,0,吝备,13,7,0.0208,0.0197
108,2025-05-17 7:00,17.45,95.77,0.9,206.46,0,吝备,9,5,0.0209,0.0215
108,2025-05-17 8:00,19.32,89.56,1.6,273.91,0,吝备,10,4,0.0306,0.0145
108,2025-05-17 9:00,20.51,82.07,2.09,215.7,0,吝备,9,1,0.0388,0.0106
108,2025-05-17 10:00,21.75,75.5,1.94,224.06,0,吝备,15,12,0.0385,0.0149
108,2025-05-17 11:00,22.69,70.02,2.99,196.86,0,吝备,36,6,0.0471,0.0139
108,2025-05-17 12:00,23.77,65.46,3.54,216.12,0,吝备,23,14,0.058,0.0124
108,2025-05-17 13:00,24.18,63.3,3.52,212.61,0,吝备,25,21,0.0507,0.0122
108,2025-05-17 14:00,23.04,67.69,4.43,225.71,0,吝备,24,15,0.0537,0.0129
108,2025-05-17 15:00,21.07,72.59,4.8,237.16,0,吝备,22,17,0.0456,0.0131
108,2025-05-17 16:00,19.43,78.71,3.86,222.22,0,吝备,17,13,0.0373,0.0168
108,2025-05-17 17:00,18.33,88.11,3.97,226.33,0.14,吝备,15,8,0.0392,0.0096
108,2025-05-17 18:00,17.11,92.69,4.96,224.85,1.77,吝备,23,2,0.0422,0.0102
108,2025-05-17 19:00,16.07,92.33,3.61,225.06,2.2,吝备,6,3,0.0471,0.0097
108,2025-05-17 20:00,15.48,93.58,2.62,234.39,2.2,吝备,12,7,0.0473,0.0091
108,2025-05-17 21:00,15.24,93.77,2.52,255.13,2.2,吝备,19,8,0.045,0.0099
108,2025-05-17 22:00,14.92,93.33,2.42,244.57,2.2,吝备,28,12,0.0476,0.008
108,2025-05-17 23:00,14.9,92.36,2.27,242.86,2.2,吝备,31,9,0.0475,0.0072
108,2025-05-18 0:00,14.43,90.73,2.82,251.04,0.04,吝备,41,11,0.0472,0.0062
108,2025-05-18 1:00,13.86,88.98,2.66,268.95,0,吝备,34,10,0.0451,0.0062
108,2025-05-18 2:00,13.4,88.75,2.61,269.35,0,吝备,32,9,0.0432,0.0056
108,2025-05-18 3:00,12.86,86.33,2.94,316.69,0,吝备,31,12,0.0425,0.005
108,2025-05-18 4:00,12.09,84,2.44,305.46,0,吝备,33,15,0.041,0.0049
108,2025-05-18 5:00,11.55,85.69,2.49,325.85,0,吝备,28,15,0.0383,0.0054
108,2025-05-18 6:00,11.47,87.09,2.04,310.72,0,吝备,25,14,0.0355,0.0065
108,2025-05-18 7:00,12.1,84.34,2.82,288.69,0,吝备,23,11,0.0354,0.0073
108,2025-05-18 8:00,13.2,79.16,2.23,276.66,0,吝备,23,10,0.0359,0.0068
108,2025-05-18 9:00,14.42,72.98,1.82,286.17,0,吝备,20,9,0.0347,0.0082
108,2025-05-18 10:00,16.05,65.25,1.68,287,0,吝备,20,9,0.0368,0.0097
108,2025-05-18 11:00,17.54,55.03,2.33,290.36,0,吝备,20,10,0.0427,0.0082
108,2025-05-18 12:00,18.78,44.72,3.01,285.47,0,吝备,22,14,0.0523,0.0061
108,2025-05-18 13:00,19.79,38.93,3.49,267.51,0,吝备,25,13,0.0552,0.0069
108,2025-05-18 14:00,20.5,35.34,3.53,248.82,0,吝备,26,16,0.0574,0.0072
108,2025-05-18 15:00,20.62,33.73,4.05,246.15,0,吝备,26,19,0.062,0.0083
108,2025-05-18 16:00,20.37,35.69,4.08,241.42,0,吝备,29,27,0.0628,0.0094
108,2025-05-18 17:00,19.75,38.3,3.52,261.23,0,吝备,23,15,0.0595,0.0097
108,2025-05-18 18:00,18.59,40.99,3.48,261.93,0,吝备,23,20,0.0568,0.0122
108,2025-05-18 19:00,16.89,42.7,2.91,270.75,0,吝备,25,20,0.0546,0.0161
108,2025-05-18 20:00,15.57,43.04,2.41,279.93,0,吝备,23,19,0.0542,0.0128
108,2025-05-18 21:00,14.66,46.43,1.78,267.75,0,吝备,23,20,0.0502,0.0154
108,2025-05-18 22:00,13.92,49.3,1.13,276.96,0,吝备,23,19,0.0456,0.0156
108,2025-05-18 23:00,13.11,53.83,1.11,280.18,0,吝备,21,18,0.0406,0.0181
108,2025-05-19 0:00,12.52,55.68,0.87,331.63,0,吝备,21,19,0.0369,0.0173
108,2025-05-19 1:00,11.92,57.39,0.64,355.66,0,吝备,21,18,0.0366,0.0156
108,2025-05-19 2:00,11.53,59.11,0.57,340.71,0,吝备,23,19,0.0376,0.0143
108,2025-05-19 3:00,10.91,61.31,1.61,14.15,0,吝备,,20,0.0387,0.0156
108,2025-05-19 4:00,10.57,64.14,2.42,44.88,0,吝备,41,22,0.0321,0.019
108,2025-05-19 5:00,10.87,65.16,2.61,52.24,0,吝备,28,20,0.0294,0.02
108,2025-05-19 6:00,11.69,63.89,2.85,59.91,0,吝备,25,21,0.0312,0.0224
108,2025-05-19 7:00,13.02,61.33,2.11,52.18,0,吝备,26,21,0.0299,0.028
108,2025-05-19 8:00,13.88,60.16,2.36,38.46,0,吝备,28,23,0.0262,0.037
108,2025-05-19 9:00,14.46,58.15,2.43,38.79,0,吝备,34,25,0.0257,0.0385
108,2025-05-19 10:00,15.99,56.95,2.08,117.32,0,吝备,29,22,0.0306,0.0344
108,2025-05-19 11:00,18.05,55.34,3.19,184.6,0,吝备,32,22,0.0427,0.0237
108,2025-05-19 12:00,19.21,49.07,3.34,208.62,0,吝备,31,21,0.0496,0.0194
108,2025-05-19 13:00,19.77,47.5,3.77,223.77,0,吝备,29,13,0.0568,0.015
108,2025-05-19 14:00,19.95,50.46,3.62,223.5,0,吝备,33,16,0.0538,0.0168
108,2025-05-19 15:00,20.45,57.69,3.35,233.16,0,吝备,46,14,0.0555,0.0166
108,2025-05-19 16:00,19.87,64.56,3.79,193.52,0,吝备,50,24,0.0544,0.0172
108,2025-05-19 17:00,18.87,72.71,3.62,192.85,0,吝备,44,25,0.0509,0.0181
108,2025-05-19 18:00,18.09,80.31,4.74,189.64,0,吝备,43,24,0.05,0.0189
108,2025-05-19 19:00,17.57,89.47,3.52,195.54,0.03,吝备,,25,0.0513,0.0159
108,2025-05-19 20:00,17.5,93.95,2.95,213.43,0.6,吝备,41,14,0.0548,0.0117
108,2025-05-19 21:00,17.55,95.02,4.18,222.98,1.04,吝备,33,9,0.0575,0.0102
108,2025-05-19 22:00,17.43,95.29,3.49,214.15,1.16,吝备,24,13,0.0584,0.0073
108,2025-05-19 23:00,17.4,95.93,2.95,225.52,1.4,吝备,22,9,0.0547,0.0085
108,2025-05-20 0:00,17.48,96.47,2.64,233.9,0.3,吝备,23,12,0.0534,0.0078
108,2025-05-20 1:00,17.6,95.67,2.59,244.19,0.67,吝备,25,13,0.0512,0.0079
108,2025-05-20 2:00,17.6,94.98,2.44,255.14,0.98,吝备,21,12,0.0486,0.0075
108,2025-05-20 3:00,17.63,93.94,2.24,242.68,1,吝备,21,12,0.0459,0.0077
108,2025-05-20 4:00,17.73,92.99,2.19,227.68,1,吝备,16,14,0.0435,0.009
108,2025-05-20 5:00,17.8,92.66,2.27,227.37,1,吝备,14,10,0.0398,0.0114
108,2025-05-20 6:00,18.02,92.59,1.89,230.71,1,吝备,13,8,0.0339,0.0161
108,2025-05-20 7:00,18.43,92.47,2.19,214.32,1,吝备,11,9,0.0265,0.0234
108,2025-05-20 8:00,19.1,91.99,2.13,209.64,1,吝备,10,7,0.0233,0.0264
108,2025-05-20 9:00,19.78,91.76,2.52,195.94,1,吝备,13,8,0.0245,0.0233
108,2025-05-20 10:00,20.37,91.57,2.27,220.49,1,吝备,15,11,0.0233,0.0244
108,2025-05-20 11:00,21.13,90.49,2.25,209.92,1,吝备,15,8,0.0199,0.0254
108,2025-05-20 12:00,22.95,86.09,3.15,226.15,1,吝备,12,6,0.0275,0.0151
108,2025-05-20 13:00,25.19,78.21,3.32,237.59,1,吝备,13,5,0.0349,0.0112
108,2025-05-20 14:00,26.61,72.49,3.71,225.49,1,吝备,,,,
108,2025-05-20 15:00,26.95,70.9,3.79,210.23,1,吝备,,,,
108,2025-05-20 16:00,26.2,73.54,4.06,222.54,1,吝备,13,10,0.0267,0.0116
108,2025-05-20 17:00,25.55,76.4,3.76,230.48,1,吝备,18,13,0.0253,0.0135
108,2025-05-20 18:00,24.82,79.83,3.08,231.73,1,吝备,13,12,0.0242,0.0133
108,2025-05-20 19:00,24.51,82.14,2.37,234.87,1,吝备,16,9,0.0216,0.0154
108,2025-05-20 20:00,24.43,83.15,1.99,227.96,1,吝备,,16,0.0203,0.0153
108,2025-05-20 21:00,24.5,82.34,1.42,220.58,1,吝备,13,11,0.0207,0.0131
108,2025-05-20 22:00,24.5,82.42,1.27,225.61,1,吝备,12,12,0.0194,0.0141
108,2025-05-20 23:00,24.43,82.7,1.52,185.78,1,吝备,,17,0.0176,0.0149
108,2025-05-21 0:00,24.14,83.44,0.93,223.69,0.02,吝备,18,14,0.0173,0.0141
108,2025-05-21 1:00,23.83,86.2,1.89,264.03,0,吝备,24,15,0.0159,0.0152
108,2025-05-21 2:00,23.67,87.79,1.77,206.84,0,吝备,14,15,0.018,0.0106
108,2025-05-21 3:00,23.51,87.61,0.9,169.01,0,吝备,,18,0.0167,0.0121
108,2025-05-21 4:00,23.24,88.72,1.5,287.96,0,吝备,19,12,0.0134,0.0163
108,2025-05-21 5:00,23.11,88.83,1.81,272.89,0,吝备,15,12,0.017,0.0134
108,2025-05-21 6:00,23.12,87.55,0.97,276.42,0,吝备,12,9,0.0199,0.0124
108,2025-05-21 7:00,23.71,83.54,0.99,272.1,0,吝备,17,9,0.0256,0.0116
108,2025-05-21 8:00,24.66,77.29,1.93,276.13,0,吝备,22,4,0.0352,0.0092
108,2025-05-21 9:00,25.34,73.5,2.08,295.34,0,吝备,21,2,0.038,0.009
108,2025-05-21 10:00,26.68,69.54,2.15,281.76,0,吝备,14,8,0.0457,0.0082
108,2025-05-21 11:00,27.38,65.91,2.51,287.72,0,吝备,18,8,0.0531,0.0088
108,2025-05-21 12:00,28.25,63.34,2.11,10.23,0,吝备,21,15,0.0595,0.0087
108,2025-05-21 13:00,29.75,58.37,1.41,146.61,0,吝备,31,11,0.0699,0.0098
108,2025-05-21 14:00,30.57,55.74,1.95,260.72,0,吝备,55,15,0.078,0.0136
108,2025-05-21 15:00,30,58.81,2.71,282.34,0,吝备,40,23,0.0752,0.0098
108,2025-05-21 16:00,29.02,63.24,3.72,291.67,0,吝备,26,17,0.0564,0.009
108,2025-05-21 17:00,28.16,66.33,3.38,270.17,0,吝备,21,12,0.0457,0.009
108,2025-05-21 18:00,27.24,67.98,3.51,289.49,0,吝备,,17,0.0428,0.0094
108,2025-05-21 19:00,25.9,70.98,2.97,284.7,0,吝备,15,7,0.0433,0.0094
108,2025-05-21 20:00,24.87,77.27,2.51,288.99,0,吝备,21,13,0.0391,0.0086
108,2025-05-21 21:00,23.82,81.13,2.91,286.48,0,吝备,27,9,0.0383,0.0082
108,2025-05-21 22:00,23.01,82.84,1.87,279.99,0,吝备,18,9,0.0373,0.0073
108,2025-05-21 23:00,22.46,84.09,1.57,279.19,0,吝备,8,6,0.0361,0.008
108,2025-05-22 0:00,22.02,85.61,1.63,271.46,0,吝备,9,10,0.0358,0.0069
108,2025-05-22 1:00,21.62,87.6,2.29,253.78,0,吝备,9,9,0.0337,0.0068
108,2025-05-22 2:00,21.55,88.53,2.49,255.94,0,吝备,11,8,0.0295,0.0091
108,2025-05-22 3:00,21.57,88.16,1.27,255.71,0,吝备,14,13,0.0271,0.0093
108,2025-05-22 4:00,21.52,88.18,1.58,252.89,0,吝备,15,14,0.0248,0.0101
108,2025-05-22 5:00,21.31,91.25,2.11,265.53,0.25,吝备,20,20,0.0199,0.0128
108,2025-05-22 6:00,20.57,92.01,1.79,325.85,0.7,吝备,18,15,0.0182,0.0116
108,2025-05-22 7:00,20.2,89.91,1.59,68.68,0.8,吝备,22,16,0.0207,0.0174
108,2025-05-22 8:00,21.08,84.12,1.99,53.39,0.8,吝备,17,10,0.0291,0.0162
108,2025-05-22 9:00,22.34,77.41,2.57,49.85,0.8,吝备,30,7,0.0295,0.0163
108,2025-05-22 10:00,23.73,70.17,2.62,53.2,0.8,吝备,,10,0.037,0.0125
108,2025-05-22 11:00,25,63.93,2.35,63.07,0.8,吝备,41,3,0.0476,0.0107
108,2025-05-22 12:00,25.94,59.65,2.52,39.08,0.8,吝备,43,9,0.0563,0.0098
108,2025-05-22 13:00,26.93,52.43,2.28,76.42,0.8,吝备,37,9,0.0596,0.0089
108,2025-05-22 14:00,27.9,45.3,2.35,76.33,0.8,吝备,,14,0.0636,0.0094
108,2025-05-22 15:00,28.23,43.16,2.05,150.49,0.8,吝备,37,20,0.0632,0.0124
108,2025-05-22 16:00,28.26,41.47,1.75,173.36,0.8,吝备,31,25,0.0664,0.0134
108,2025-05-22 17:00,27.68,45.64,2.17,231.72,0.8,吝备,31,30,0.0754,0.0151
108,2025-05-22 18:00,26.38,57.43,2.52,212.27,0.8,吝备,,31,0.0818,0.0213
108,2025-05-22 19:00,25.6,56.82,2.22,204.87,0.8,吝备,,23,0.0663,0.0227
108,2025-05-22 20:00,24.7,53.97,2.09,36.37,0.8,吝备,30,23,0.0552,0.0172
108,2025-05-22 21:00,23.98,56.77,1.71,66.06,0.8,吝备,43,24,0.0459,0.0193
108,2025-05-22 22:00,23.62,63,2.51,69.86,0.8,吝备,35,19,0.0444,0.0145
108,2025-05-22 23:00,22.71,65,2.19,88.81,0.8,吝备,23,13,0.0414,0.0142
108,2025-05-23 0:00,21.87,66.39,2.55,112.9,0.01,吝备,19,14,0.0319,0.0153
108,2025-05-23 1:00,20.99,66.77,3.46,114.55,0,吝备,20,17,0.0343,0.011
108,2025-05-23 2:00,20.23,68.99,3.04,111.43,0,吝备,19,15,0.0375,0.0097
108,2025-05-23 3:00,19.66,69.43,2.21,93.14,0,吝备,14,14,0.0373,0.0099
108,2025-05-23 4:00,19.26,67.33,2.58,69.57,0,吝备,14,13,0.0355,0.0111
108,2025-05-23 5:00,18.52,60.6,3.02,54.79,0,吝备,22,15,0.0358,0.0117
108,2025-05-23 6:00,18.38,50.27,2.86,68.38,0,吝备,23,19,0.0385,0.0157
108,2025-05-23 7:00,18.62,46.23,3.03,67.8,0,吝备,32,24,0.0411,0.0183
108,2025-05-23 8:00,19.08,44.51,2.92,67.98,0,吝备,32,28,0.0416,0.02
108,2025-05-23 9:00,19.59,41.7,3.09,60.23,0,吝备,33,26,0.0439,0.0177
108,2025-05-23 10:00,20.07,40.68,2.97,64.58,0,吝备,33,28,0.0439,0.0179
108,2025-05-23 11:00,20.62,39.42,3.43,65.79,0,吝备,30,25,0.0425,0.0191
108,2025-05-23 12:00,20.87,40.59,3.07,64.97,0,吝备,32,23,0.0447,0.0164
108,2025-05-23 13:00,21.17,39.46,2.37,83.11,0,吝备,31,26,0.0456,0.0157
108,2025-05-23 14:00,21.69,40.71,2.87,73.26,0,吝备,30,21,0.0445,0.0182
108,2025-05-23 15:00,21.52,41.22,2.65,81.66,0,吝备,28,28,0.045,0.0186
108,2025-05-23 16:00,21.64,41.49,3.01,80.75,0,吝备,29,25,0.0466,0.0185
108,2025-05-23 17:00,21.36,44.09,2.38,62.44,0,吝备,31,29,0.0408,0.0231
108,2025-05-23 18:00,20.94,46.96,2.24,48.77,0,吝备,35,26,0.0398,0.0211
108,2025-05-23 19:00,20.3,49.33,2.56,38.68,0,吝备,35,31,0.0385,0.02
108,2025-05-23 20:00,19.5,52.39,2.6,47.13,0,吝备,29,25,0.0382,0.0187
108,2025-05-23 21:00,17.8,68.12,2.63,47.73,0.35,吝备,32,26,0.0367,0.0182
108,2025-05-23 22:00,16.24,77.08,3.08,54.63,1,吝备,35,28,0.0421,0.0138
108,2025-05-23 23:00,15.53,79.49,3.25,55.6,1.2,吝备,34,26,0.0407,0.0154
108,2025-05-24 0:00,15.12,83.17,2.63,55.77,0.3,吝备,32,26,0.0411,0.0132
108,2025-05-24 1:00,14.44,89.23,2.97,54.76,1.82,吝备,34,30,0.0441,0.0089
108,2025-05-24 2:00,13.93,91.26,3.03,55.29,3.75,吝备,36,27,0.0462,0.0072
108,2025-05-24 3:00,13.54,90.49,3.24,55.9,4.2,吝备,,29,0.0471,0.0069
108,2025-05-24 4:00,13.24,88.61,3.51,55.91,4.22,吝备,27,26,0.0482,0.0077
108,2025-05-24 5:00,13.07,86.58,3.85,54.59,4.3,吝备,24,20,0.0468,0.0082
108,2025-05-24 6:00,13.19,84.52,3.43,52.04,4.3,吝备,22,17,0.0457,0.0095
108,2025-05-24 7:00,13.57,80.84,3.65,54.14,4.3,吝备,20,14,0.0417,0.0136
108,2025-05-24 8:00,14.54,75.31,3.85,54.3,4.3,吝备,17,17,0.0417,0.0137
108,2025-05-24 9:00,15.06,71.07,3.44,57.31,4.3,吝备,21,16,0.042,0.0134
108,2025-05-24 10:00,15.37,69.21,3.64,52.48,4.3,吝备,,18,0.0386,0.0159
108,2025-05-24 11:00,15.8,66.78,3.69,55.85,4.3,吝备,17,13,0.0417,0.0127
108,2025-05-24 12:00,16.64,64.52,3.44,62.33,4.3,吝备,15,11,0.0427,0.0124
108,2025-05-24 13:00,18.01,61.13,3.28,62.06,4.3,吝备,14,13,0.0451,0.0111
108,2025-05-24 14:00,18.59,59.53,2.96,62.53,4.3,吝备,,16,0.044,0.0121
108,2025-05-24 15:00,18.59,59.64,2.91,59.9,4.3,吝备,14,15,0.0431,0.0109
108,2025-05-24 16:00,18.5,55.82,2.91,61.39,4.3,吝备,8,10,0.0449,0.0095
108,2025-05-24 17:00,18.68,57.22,2.82,65,4.3,吝备,14,11,0.041,0.0107
108,2025-05-24 18:00,17.58,54.8,3,59.8,4.3,吝备,15,12,0.0424,0.0103
108,2025-05-24 19:00,16.48,55.15,3.05,59.35,4.3,吝备,14,11,0.0447,0.0094
108,2025-05-24 20:00,15.82,57.54,2.97,48.82,4.3,吝备,13,9,0.0467,0.0091
108,2025-05-24 21:00,15.6,58.75,2.19,49.11,4.3,吝备,11,7,0.0494,0.0079
108,2025-05-24 22:00,15.36,60.26,2.4,44.27,4.3,吝备,10,7,0.0474,0.008
108,2025-05-24 23:00,14.64,61.82,1.52,46.48,4.3,吝备,8,6,0.0467,0.0076
108,2025-05-25 0:00,13.87,64.93,0.66,284.18,0.07,吝备,8,8,0.0474,0.0065
108,2025-05-25 1:00,13.21,69.25,0.86,40.46,0,吝备,9,10,0.0444,0.0074
108,2025-05-25 2:00,12.69,72.73,1,341.28,0,吝备,13,9,0.0364,0.01
108,2025-05-25 3:00,12.25,75.84,0.65,343.35,0,吝备,12,8,0.0326,0.0111
108,2025-05-25 4:00,11.93,78.36,0.8,293.94,0,吝备,10,8,0.0274,0.0154
108,2025-05-25 5:00,11.77,80.19,0.7,307.36,0,吝备,11,10,0.0283,0.0143
108,2025-05-25 6:00,12.05,80.18,0.9,2.35,0,吝备,10,8,0.0295,0.0142
108,2025-05-25 7:00,13.5,76.64,1.33,26.24,0,吝备,8,8,0.0279,0.016
108,2025-05-25 8:00,15.54,69.46,1.02,203.24,0,吝备,9,10,0.0336,0.0147
108,2025-05-25 9:00,17.43,59.82,2.01,249.29,0,吝备,9,5,0.0438,0.0109
108,2025-05-25 10:00,18.98,52.73,2.63,262.82,0,吝备,,12,0.0528,0.0065
108,2025-05-25 11:00,20.27,49.68,2.77,273.23,0,吝备,,15,0.055,0.0062
108,2025-05-25 12:00,21.45,49.23,3.38,255.3,0,吝备,13,13,0.0612,0.0061
108,2025-05-25 13:00,22,50.99,4.01,254.49,0,吝备,17,9,0.0596,0.0075
108,2025-05-25 14:00,22.16,48.65,4.01,263.69,0,吝备,19,11,0.0623,0.0059
108,2025-05-25 15:00,22.3,46.62,3.78,261.39,0,吝备,20,17,0.0674,0.0073
108,2025-05-25 16:00,22.37,45.59,3.28,230.45,0,吝备,18,16,0.0723,0.0076
108,2025-05-25 17:00,22.16,46.65,2.88,240.45,0,吝备,23,15,0.0682,0.0097
108,2025-05-25 18:00,21.45,47.63,2.68,256.33,0,吝备,19,15,0.0639,0.0132
108,2025-05-25 19:00,19.68,53.71,3.37,253.91,0,吝备,22,20,0.0545,0.0176
108,2025-05-25 20:00,18.07,56.61,3.17,258.19,0,吝备,21,20,0.0583,0.0134
108,2025-05-25 21:00,17.07,58.59,2.16,260.65,0,吝备,19,14,0.0529,0.0153
108,2025-05-25 22:00,16.34,62.12,1.82,279.28,0,吝备,19,17,0.0487,0.0162
108,2025-05-25 23:00,15.65,65.41,1.4,280.46,0,吝备,22,18,0.0421,0.0198
108,2025-05-26 0:00,15.12,68.98,1.2,282.71,0,吝备,24,21,0.0396,0.0209
108,2025-05-26 1:00,14.61,72.41,0.95,316.77,0,吝备,23,23,0.0362,0.0195
108,2025-05-26 2:00,14.19,75.21,0.49,289.85,0,吝备,23,21,0.0334,0.0169
108,2025-05-26 3:00,13.86,77.83,0.98,341.76,0,吝备,25,24,0.035,0.0156
108,2025-05-26 4:00,13.58,79.05,0.85,18.88,0,吝备,29,28,0.0274,0.0199
108,2025-05-26 5:00,13.19,80.87,1.71,31.91,0,吝备,26,23,0.0207,0.0235
108,2025-05-26 6:00,13.42,81.6,1.53,41.93,0,吝备,25,24,0.0162,0.027
108,2025-05-26 7:00,15.33,77.29,1.91,34.38,0,吝备,24,21,0.0227,0.0276
108,2025-05-26 8:00,17.65,68.12,1.41,37.19,0,吝备,27,21,0.0411,0.0234
108,2025-05-26 9:00,19.52,60.37,1.38,216.09,0,吝备,24,14,0.0452,0.0235
108,2025-05-26 10:00,21.29,55.18,1.35,153.25,0,吝备,31,20,0.047,0.0282
108,2025-05-26 11:00,22.7,50.76,1.64,63.16,0,吝备,36,28,0.0561,0.0266
108,2025-05-26 12:00,24,46.22,1.71,71.39,0,吝备,36,27,0.0668,0.022
108,2025-05-26 13:00,24.89,39.45,1.88,143.73,0,吝备,31,23,0.0693,0.0126
108,2025-05-26 14:00,25.69,38.73,2.14,216.3,0,吝备,27,21,0.0842,0.0106
108,2025-05-26 15:00,26.02,37.57,2.27,201.94,0,吝备,31,25,0.0945,0.0128
108,2025-05-26 16:00,25.57,43.05,3.15,256.71,0,吝备,39,29,0.1054,0.0189
108,2025-05-26 17:00,24.93,44.71,3.14,263.87,0,吝备,44,30,0.1061,0.018
108,2025-05-26 18:00,23.73,45.52,2.76,269.98,0,吝备,39,30,0.0893,0.0195
108,2025-05-26 19:00,21.83,46.17,2.38,268.03,0,吝备,38,34,0.0792,0.0235
108,2025-05-26 20:00,20.53,48.98,1.47,263.55,0,吝备,38,32,0.0918,0.018
108,2025-05-26 21:00,19.83,54.6,1.4,291.08,0,吝备,37,36,0.0931,0.0189
108,2025-05-26 22:00,18.75,62.61,1.95,266.16,0,吝备,46,36,0.0716,0.0277
108,2025-05-26 23:00,18,69.8,2.06,263.66,0,吝备,65,61,0.053,0.0271
108,2025-05-27 0:00,17.54,69.59,1.78,250.15,0,吝备,61,58,0.0607,0.017
108,2025-05-27 1:00,16.93,68.77,1.22,272.05,0,吝备,43,41,0.0678,0.0127
108,2025-05-27 2:00,16.16,71.66,0.78,315.46,0,吝备,43,41,0.0572,0.0153
108,2025-05-27 3:00,15.55,74.01,1.05,32.59,0,吝备,45,44,0.0513,0.0155
108,2025-05-27 4:00,14.97,73.89,1.38,46.69,0,吝备,44,40,0.0432,0.0222
108,2025-05-27 5:00,14.8,75.56,1.18,34.8,0,吝备,38,36,0.0338,0.0261
108,2025-05-27 6:00,15.06,79.14,1.33,35.07,0,吝备,44,41,0.0265,0.0327
108,2025-05-27 7:00,16.71,73.8,1.19,71.19,0,吝备,45,41,0.0424,0.0288
108,2025-05-27 8:00,18.89,62.93,1.97,130.83,0,吝备,36,28,0.0562,0.0243
108,2025-05-27 9:00,20.82,55.09,1.96,159.41,0,吝备,63,22,0.0603,0.0242
108,2025-05-27 10:00,22.46,49.45,1.61,93.24,0,吝备,,31,0.0666,0.0224
108,2025-05-27 11:00,23.85,47.31,1.69,148.98,0,吝备,34,29,0.0762,0.0236
108,2025-05-27 12:00,25.08,44.64,2.08,144.39,0,吝备,45,39,0.0929,0.0209
108,2025-05-27 13:00,26.08,40.87,2.23,225.57,0,吝备,43,38,0.1102,0.0157
108,2025-05-27 14:00,26.79,38.23,2.14,246.76,0,吝备,43,42,0.1189,0.0164
108,2025-05-27 15:00,26.83,40.92,2.96,257.94,0,吝备,49,40,0.1239,0.0172
108,2025-05-27 16:00,26.15,42.72,3.42,273.53,0,吝备,58,45,0.1211,0.0184
108,2025-05-27 17:00,25.28,43.36,3.32,269.17,0,吝备,56,43,0.1154,0.0221
108,2025-05-27 18:00,23.87,46.11,3.45,282.26,0,吝备,48,34,0.0891,0.0234
108,2025-05-27 19:00,22.08,51.36,2.86,267.97,0,吝备,42,32,0.0807,0.0216
108,2025-05-27 20:00,20.87,52.09,2.69,252.81,0,吝备,40,34,0.0786,0.0167
108,2025-05-27 21:00,20.38,56.88,1.18,251.72,0,吝备,41,37,0.0645,0.0217
108,2025-05-27 22:00,19.7,60.95,1.28,263.28,0,吝备,52,39,0.0517,0.0282
108,2025-05-27 23:00,19.16,61.69,1.75,219.92,0,吝备,49,46,0.07,0.0178
108,2025-05-28 0:00,18.46,65.18,1.33,245.65,0,吝备,61,52,0.0664,0.0162
108,2025-05-28 1:00,17.83,74.02,2.15,254.86,0,吝备,63,55,0.0532,0.0141
108,2025-05-28 2:00,17.32,76.46,1.42,267.9,0,吝备,52,47,0.0513,0.0126
108,2025-05-28 3:00,16.9,78.42,0.89,258.36,0,吝备,57,45,0.049,0.012
108,2025-05-28 4:00,16.62,80.73,1.02,267.09,0,吝备,85,43,0.0467,0.0115
108,2025-05-28 5:00,16.36,82.5,0.85,307.9,0,吝备,66,47,0.0353,0.0174
108,2025-05-28 6:00,16.65,82.96,0.88,23.19,0,吝备,57,50,0.0317,0.0218
108,2025-05-28 7:00,17.67,80.02,1.55,348.85,0,吝备,53,48,0.031,0.0301
108,2025-05-28 8:00,18.9,75.34,1.39,352.92,0,吝备,57,53,0.0329,0.031
108,2025-05-28 9:00,20.06,68.91,1.65,63.91,0,吝备,69,56,0.0448,0.0299
108,2025-05-28 10:00,21.7,63.23,1.86,70.87,0,吝备,,,,
108,2025-05-28 11:00,23.56,54.22,1.63,65.51,0,吝备,,,,
108,2025-05-28 12:00,25.05,46.22,1.91,190.31,0,吝备,,35,0.0811,0.0175
108,2025-05-28 13:00,26.02,40.99,2.11,213.99,0,吝备,41,37,0.0933,0.0159
108,2025-05-28 14:00,26.23,42.34,2.58,244.99,0,吝备,41,35,0.1076,0.0173
108,2025-05-28 15:00,26.72,41.3,2.62,257.77,0,吝备,47,37,0.1225,0.0176
108,2025-05-28 16:00,25.99,48.43,4.07,259.58,0,吝备,59,45,0.112,0.0202
108,2025-05-28 17:00,23.79,52.07,3.36,282.89,0,吝备,48,32,0.0802,0.0182
108,2025-05-28 18:00,22.82,49.71,3.16,279.7,0,吝备,24,24,0.0768,0.0169
108,2025-05-28 19:00,21.48,49.5,2.33,264.09,0,吝备,,24,0.0799,0.013
108,2025-05-28 20:00,20.64,56.4,1.49,289.6,0,吝备,24,24,0.0691,0.0173
108,2025-05-28 21:00,20.11,60.66,1.55,27.1,0,吝备,,24,0.0659,0.0178
108,2025-05-28 22:00,19.3,61.03,1.39,39.73,0,吝备,27,27,0.0731,0.016
108,2025-05-28 23:00,18.77,64.07,1.1,22.66,0,吝备,,29,0.0618,0.0191
108,2025-05-29 0:00,18.12,66.64,1.67,28.23,0,吝备,29,28,0.0504,0.0259
108,2025-05-29 1:00,17.26,69.06,1.58,39.1,0,吝备,28,26,0.0531,0.0204
108,2025-05-29 2:00,16.81,72.24,1.47,36.55,0,吝备,25,24,0.0564,0.0154
108,2025-05-29 3:00,16.28,73.74,1.74,31.79,0,吝备,,27,0.0515,0.0168
108,2025-05-29 4:00,15.72,76.88,1.89,32.37,0,吝备,,30,0.0471,0.0178
108,2025-05-29 5:00,15.41,79.89,1.8,36.51,0,吝备,,30,0.0495,0.0151
108,2025-05-29 6:00,15.8,81.41,1.82,40.53,0,吝备,27,26,0.0445,0.0184
108,2025-05-29 7:00,17.51,76.15,1.5,67.74,0,吝备,25,25,0.0508,0.0166
108,2025-05-29 8:00,19.63,66.5,1.47,59.44,0,吝备,,21,0.0577,0.0185
108,2025-05-29 9:00,21.26,58.44,1.4,313.57,0,吝备,,23,0.0637,0.0201
108,2025-05-29 10:00,23.07,55.07,1.48,182.42,0,吝备,,26,0.0774,0.0147
108,2025-05-29 11:00,24.46,51.11,2.81,272.39,0,吝备,,31,0.0861,0.0103
108,2025-05-29 12:00,25.2,49.21,3.04,281.51,0,吝备,,37,0.0991,0.0099
108,2025-05-29 13:00,26.02,44.76,2.93,283.67,0,吝备,37,28,0.1004,0.0075
108,2025-05-29 14:00,26.38,40.32,2.92,290.09,0,吝备,31,25,0.096,0.0066
108,2025-05-29 15:00,26.68,36.99,3.23,266.94,0,吝备,,28,0.0938,0.0076
108,2025-05-29 16:00,26.25,40.43,3.44,255.57,0,吝备,33,27,0.0922,0.0106
108,2025-05-29 17:00,25.77,49.8,3.51,252.53,0,吝备,34,28,0.0852,0.011
108,2025-05-29 18:00,24.67,53.09,3.48,262.35,0,吝备,41,37,0.0755,0.0123
108,2025-05-29 19:00,23.06,55.54,2.87,272.75,0,吝备,40,33,0.0709,0.0142
108,2025-05-29 20:00,21.98,56.15,2.46,269.24,0,吝备,36,31,0.0685,0.0151
108,2025-05-29 21:00,21.23,52.72,1.73,222.98,0,吝备,38,32,0.0667,0.0176
108,2025-05-29 22:00,20.49,51.22,1.26,285.87,0,吝备,33,27,0.0692,0.0135
108,2025-05-29 23:00,19.68,50.91,2.36,265.13,0,吝备,31,29,0.0652,0.0172
108,2025-05-30 0:00,19.08,53.18,1.66,276.96,0,吝备,29,27,0.0604,0.0176
108,2025-05-30 1:00,18.31,57.53,0.91,275.41,0,吝备,31,30,0.0585,0.0167
108,2025-05-30 2:00,17.8,62.86,0.9,295.17,0,吝备,32,29,0.0467,0.0217
108,2025-05-30 3:00,17.5,66.91,0.86,333.66,0,吝备,32,28,0.0381,0.0216
108,2025-05-30 4:00,17.3,70.16,1.01,26.29,0,吝备,36,33,0.041,0.0185
108,2025-05-30 5:00,17.01,72.69,1.11,15.85,0,吝备,35,35,0.0406,0.0186
108,2025-05-30 6:00,16.89,75.98,1.28,48.37,0,吝备,33,33,0.0353,0.0225
108,2025-05-30 7:00,18.34,76.11,1.35,50.11,0,吝备,34,31,0.0378,0.0204
108,2025-05-30 8:00,20.26,70.21,1.8,60.28,0,吝备,34,30,0.041,0.0195
108,2025-05-30 9:00,21.68,62.46,2.03,58.15,0,吝备,30,19,0.0458,0.0188
108,2025-05-30 10:00,23.23,55.3,1.65,56.44,0,吝备,,27,0.0482,0.0208
108,2025-05-30 11:00,24.65,47.11,1.74,125.69,0,吝备,26,18,0.0607,0.0159
108,2025-05-30 12:00,25.98,42.38,1.98,198.57,0,吝备,,21,0.0729,0.0138
108,2025-05-30 13:00,26.76,42.57,1.86,194.5,0,吝备,27,22,0.087,0.0136
108,2025-05-30 14:00,27.35,41.29,2.26,279.23,0,吝备,35,31,0.0911,0.0155
108,2025-05-30 15:00,27.92,38.67,2.2,222.43,0,吝备,32,30,0.0968,0.017
108,2025-05-30 16:00,27.88,34.25,2.17,248.76,0,吝备,28,27,0.0939,0.0138
108,2025-05-30 17:00,27.72,31.65,1.72,305.51,0,吝备,24,19,0.0851,0.0116
108,2025-05-30 18:00,26.65,37.54,3.1,249.11,0,吝备,24,20,0.0702,0.0172
108,2025-05-30 19:00,24.25,49.27,2.7,265,0,吝备,33,29,0.0628,0.0197
108,2025-05-30 20:00,23.06,54.34,1.64,277.15,0,吝备,37,28,0.0613,0.0162
108,2025-05-30 21:00,21.89,58.66,2.1,272.02,0,吝备,37,31,0.0457,0.0272
108,2025-05-30 22:00,21.01,57.17,2.09,229.62,0,吝备,38,32,0.0513,0.022
108,2025-05-30 23:00,20.05,61.53,0.71,164.57,0,吝备,41,36,0.0549,0.0169
108,2025-05-31 0:00,19.38,64.88,0.56,289.75,0,吝备,43,34,0.0468,0.0217
108,2025-05-31 1:00,18.75,63.46,1.77,42.3,0,吝备,36,36,0.0371,0.0226
108,2025-05-31 2:00,17.86,61.87,1.89,39.44,0,吝备,28,26,0.0296,0.0225
108,2025-05-31 3:00,17.37,59.38,2.22,42.98,0,吝备,17,13,0.0407,0.0133
108,2025-05-31 4:00,16.92,57.86,2.26,42.8,0,吝备,16,8,0.0398,0.0136
108,2025-05-31 5:00,16.55,58.83,2.08,45.6,0,吝备,9,11,0.0393,0.0154
108,2025-05-31 6:00,16.98,60.82,2.31,42.56,0,吝备,10,11,0.0386,0.0152
108,2025-05-31 7:00,18.38,58.01,2.45,47.89,0,吝备,,12,0.0417,0.0151
108,2025-05-31 8:00,20.4,52.84,2.11,53.96,0,吝备,11,10,0.0444,0.0168
108,2025-05-31 9:00,22.44,49.38,1.61,110.89,0,吝备,15,9,0.0589,0.0147
108,2025-05-31 10:00,23.86,46.75,1.53,165.02,0,吝备,26,19,0.062,0.0192
108,2025-05-31 11:00,24.63,45.73,1.45,217.21,0,吝备,33,25,0.0766,0.0169
108,2025-05-31 12:00,25.38,44.29,1.83,278.85,0,吝备,32,31,0.0879,0.0187
108,2025-05-31 13:00,26.29,40.29,1.94,245.11,0,吝备,33,31,0.1034,0.0138
108,2025-05-31 14:00,26.27,40.03,2.11,315.46,0,吝备,35,35,0.1179,0.0131
108,2025-05-31 15:00,26.76,38.78,1.8,249.58,0,吝备,37,30,0.1265,0.014
108,2025-05-31 16:00,26,43.11,3.06,275.35,0,吝备,47,43,0.1417,0.0201
108,2025-05-31 17:00,24.89,49.38,3,272.36,0,吝备,53,50,0.1238,0.0195
108,2025-05-31 18:00,23.47,53.01,3,263.33,0,吝备,52,47,0.107,0.0175
108,2025-05-31 19:00,22.03,55.03,2.47,246.35,0,吝备,48,38,0.0964,0.0171
108,2025-05-31 20:00,21,60.66,1.58,221.03,0,吝备,41,37,0.0822,0.0146
108,2025-05-31 21:00,20.66,64.16,1.27,238.67,0,吝备,41,39,0.0791,0.014
108,2025-05-31 22:00,20.49,65.92,1.66,250.53,0,吝备,39,36,0.0732,0.014
108,2025-05-31 23:00,20.01,68.48,1.72,279.71,0,吝备,43,43,0.0618,0.0162
108,2025-06-01 0:00,19.44,70.15,1.13,263.47,0,吝备,47,44,0.0591,0.0174
108,2025-06-01 1:00,18.98,72.69,1.5,289.06,0,吝备,46,46,0.0551,0.0162
108,2025-06-01 2:00,18.48,74.66,1.78,262.32,0,吝备,49,44,0.0484,0.0158
108,2025-06-01 3:00,17.85,76.53,1.96,267.45,0,吝备,51,49,0.0331,0.0209
108,2025-06-01 4:00,17.54,76.45,0.67,270.18,0,吝备,52,52,0.0231,0.0294
108,2025-06-01 5:00,17.18,78.9,0.89,352.87,0,吝备,,52,0.0267,0.0221
108,2025-06-01 6:00,17.38,79.92,0.92,288.75,0,吝备,45,42,0.0256,0.0241
108,2025-06-01 7:00,18.98,76.53,1.23,48.57,0,吝备,,51,0.0313,0.0225
108,2025-06-01 8:00,21.29,68.37,2.06,52.34,0,吝备,,57,0.041,0.023
108,2025-06-01 9:00,22.88,61.34,1.14,343.1,0,吝备,,50,0.0552,0.0215
108,2025-06-01 10:00,24.35,56.24,1.9,258.93,0,吝备,,45,0.0729,0.0173
108,2025-06-01 11:00,25.87,49.68,2.43,223.22,0,吝备,40,37,0.0841,0.0135
108,2025-06-01 12:00,27.39,43.9,2.45,216.65,0,吝备,,31,0.0938,0.0104
108,2025-06-01 13:00,28.13,41.88,2.48,239.74,0,吝备,36,30,0.1132,0.0109
108,2025-06-01 14:00,28.92,41.73,2.76,242.08,0,吝备,40,39,0.1201,0.0128
108,2025-06-01 15:00,28.74,42.34,3.72,261.29,0,吝备,39,33,0.1063,0.013
108,2025-06-01 16:00,27.45,43.98,3.66,267.03,0,吝备,42,35,0.0979,0.0115
108,2025-06-01 17:00,25.98,41.86,3.38,273.06,0,吝备,33,32,0.1045,0.0113
108,2025-06-01 18:00,24.72,43.38,3.06,256.13,0,吝备,36,34,0.1089,0.0132
108,2025-06-01 19:00,23.39,47.17,2.52,265.76,0,吝备,,43,0.1013,0.0131
108,2025-06-01 20:00,22.5,48.78,1.82,250.73,0,吝备,37,37,0.099,0.0106
108,2025-06-01 21:00,21.8,53.5,1.48,256.8,0,吝备,41,37,0.0798,0.0144
108,2025-06-01 22:00,21.2,56.26,1.61,261.78,0,吝备,36,30,0.0657,0.0154
108,2025-06-01 23:00,20.61,58.24,2.18,260.01,0,吝备,35,33,0.0699,0.0103
108,2025-06-02 0:00,20.19,61.02,0.96,298.77,0,吝备,40,31,0.0569,0.0141
108,2025-06-02 1:00,19.77,61.49,0.84,20.71,0,吝备,41,37,0.0562,0.0196
108,2025-06-02 2:00,19.7,63.35,0.61,283.08,0,吝备,38,36,0.0584,0.019
108,2025-06-02 3:00,19.6,64.16,1.28,275.86,0,吝备,39,38,0.0463,0.0199
108,2025-06-02 4:00,19.42,64.64,1.2,271.68,0,吝备,37,37,0.0354,0.027
108,2025-06-02 5:00,19.23,64.53,1.29,248.96,0,吝备,39,37,0.0329,0.0246
108,2025-06-02 6:00,19.36,65.74,1.09,285.24,0,吝备,39,37,0.0283,0.0306
108,2025-06-02 7:00,19.68,66.12,1,355.46,0,吝备,43,39,0.0297,0.0313
108,2025-06-02 8:00,20.17,65.18,1.05,6.89,0,吝备,39,36,0.0327,0.0323
108,2025-06-02 9:00,20.85,64.67,1.48,303.54,0,吝备,41,38,0.0297,0.0383
108,2025-06-02 10:00,21.25,63.2,2.01,266.9,0,吝备,46,42,0.0319,0.0386
108,2025-06-02 11:00,21.12,64.73,1.51,303.66,0,吝备,50,43,0.0443,0.0305
108,2025-06-02 12:00,21.78,66.62,2.71,46.23,0,吝备,49,39,0.047,0.0337
108,2025-06-02 13:00,22.17,61.2,2.17,52.42,0,吝备,54,45,0.043,0.0372
108,2025-06-02 14:00,22.64,58.47,2.45,44.91,0,吝备,46,40,0.0494,0.0318
108,2025-06-02 15:00,23,56.4,1.58,50.3,0,吝备,38,35,0.052,0.0285
108,2025-06-02 16:00,23.01,57.06,1.36,358.43,0,吝备,34,34,0.0539,0.0253
108,2025-06-02 17:00,22.8,58.38,1.77,281.93,0,吝备,38,31,0.0527,0.0275
108,2025-06-02 18:00,22.39,61.59,1.64,249.46,0,吝备,50,46,0.0495,0.0303
108,2025-06-02 19:00,21.7,63.94,1.54,239.85,0,吝备,51,43,0.0468,0.0256
108,2025-06-02 20:00,21.26,64.86,1.44,241.55,0,吝备,44,39,0.0402,0.0244
108,2025-06-02 21:00,20.99,66.36,1.85,260.77,0,吝备,42,39,0.0381,0.0218
108,2025-06-02 22:00,20.69,69.23,1.35,255,0,吝备,45,39,0.0356,0.0199
108,2025-06-02 23:00,20.37,71.38,1.11,275.35,0,吝备,47,37,0.0271,0.0246
108,2025-06-03 0:00,20.17,72.19,1,283.64,0,吝备,50,39,0.0293,0.0215
108,2025-06-03 1:00,19.97,73.96,0.76,284.28,0,吝备,54,40,0.0296,0.0192
108,2025-06-03 2:00,19.8,73.81,2.07,287.93,0,吝备,46,42,0.0327,0.0154
108,2025-06-03 3:00,19.52,72.42,1.69,254,0,吝备,45,41,0.0463,0.0093
108,2025-06-03 4:00,19,74.86,1.45,256.73,0,吝备,48,39,0.0434,0.0093
108,2025-06-03 5:00,18.28,77.98,1.15,244.74,0,吝备,46,41,0.0396,0.0102
108,2025-06-03 6:00,18.22,80.53,1.82,259.86,0,吝备,44,41,0.0324,0.0138
108,2025-06-03 7:00,19.27,71.71,2.31,281.93,0,吝备,45,41,0.0427,0.0114
108,2025-06-03 8:00,20.62,57.23,2.91,298.06,0,吝备,37,29,0.0626,0.0062
108,2025-06-03 9:00,22.24,53.77,2.46,273.1,0,吝备,31,22,0.0608,0.0099
108,2025-06-03 10:00,23.63,47.08,2.96,252.25,0,吝备,33,25,0.0706,0.0089
108,2025-06-03 11:00,24.64,43.35,3.91,267.25,0,吝备,33,29,0.0782,0.0075
108,2025-06-03 12:00,24.81,43.67,4.11,258.06,0,吝备,27,19,0.0717,0.0085
108,2025-06-03 13:00,23.95,46.4,4.55,228.22,0,吝备,19,16,0.0671,0.0068
108,2025-06-03 14:00,23.72,54.43,4.43,229.53,0,吝备,18,15,0.0679,0.0082
108,2025-06-03 15:00,23.65,56.22,5.08,229.43,0,吝备,27,17,0.0716,0.0085
108,2025-06-03 16:00,23.38,56.55,4.25,231.13,0,吝备,27,23,0.0705,0.0092
108,2025-06-03 17:00,23.5,50.57,4.15,233.85,0,吝备,24,22,0.0651,0.0096
108,2025-06-03 18:00,22.82,42.79,3.63,249.3,0,吝备,22,13,0.0549,0.0101
108,2025-06-03 19:00,21.2,40.47,3.27,254.82,0,吝备,,17,0.0522,0.008
108,2025-06-03 20:00,19.72,42,3.18,258.47,0,吝备,15,7,0.0509,0.0081
108,2025-06-03 21:00,18.74,46.29,2.59,254.67,0,吝备,10,10,0.0505,0.0134
108,2025-06-03 22:00,17.95,57.17,2.39,265.99,0,吝备,16,12,0.0455,0.0181
108,2025-06-03 23:00,17.25,61.75,2.24,251.67,0,吝备,17,12,0.0403,0.0202
108,2025-06-04 0:00,16.96,65.59,2.76,222.39,0,吝备,15,9,0.0435,0.0153
108,2025-06-04 1:00,16.53,70.08,2.33,240.41,0,吝备,17,8,0.0481,0.0114
108,2025-06-04 2:00,16.18,73.81,2.44,212.25,0,吝备,17,13,0.0453,0.0126
108,2025-06-04 3:00,15.91,73.61,2.47,210.09,0,吝备,17,8,0.0486,0.0111
108,2025-06-04 4:00,15.51,72.43,1.68,220.33,0,吝备,15,9,0.0502,0.0114
108,2025-06-04 5:00,15.31,73.73,2.06,213.21,0,吝备,14,10,0.0473,0.0152
108,2025-06-04 6:00,15.76,74.66,1.79,215.18,0,吝备,15,9,0.047,0.0159
108,2025-06-04 7:00,17.42,69.9,2.57,206.12,0,吝备,15,7,0.0456,0.0189
108,2025-06-04 8:00,19.3,62.16,3.44,207.33,0,吝备,16,8,0.0441,0.0209
108,2025-06-04 9:00,21.31,54.22,3.78,225.06,0,吝备,16,8,0.047,0.0179
108,2025-06-04 10:00,23.07,47.45,3.61,241.35,0,吝备,16,12,0.0487,0.0177
108,2025-06-04 11:00,24.13,40.11,5.25,255.69,0,吝备,21,15,0.0536,0.0086
108,2025-06-04 12:00,24.9,36.58,5.6,253.49,0,吝备,23,9,0.0542,0.0078
108,2025-06-04 13:00,24.7,36.24,6.39,257.26,0,吝备,25,5,0.0552,0.0066
108,2025-06-04 14:00,24.83,37.47,5.2,253.15,0,吝备,28,5,0.0533,0.0077
108,2025-06-04 15:00,24.89,39.08,4.7,254.93,0,吝备,22,3,0.0539,0.0079
108,2025-06-04 16:00,23.57,42.38,4.75,251.55,0,吝备,12,12,0.0539,0.0086
108,2025-06-04 17:00,23.15,45.37,3.84,247.77,0,吝备,12,4,0.0537,0.009
108,2025-06-04 18:00,22.93,39.42,4.41,273.88,0,吝备,10,6,0.0532,0.0074
108,2025-06-04 19:00,21.7,40.26,3.81,272.39,0,吝备,12,5,0.0562,0.0077
108,2025-06-04 20:00,20.8,44.36,2.77,266.73,0,吝备,9,7,0.0571,0.0094
108,2025-06-04 21:00,20.11,47.13,2.42,265.27,0,吝备,10,4,0.0574,0.0095
108,2025-06-04 22:00,19.47,54.49,2.41,253.56,0,吝备,13,8,0.0497,0.0135
108,2025-06-04 23:00,18.91,61.17,3.01,265.44,0,吝备,15,8,0.0489,0.0137
108,2025-06-05 0:00,18.28,66.53,2.39,277.87,0,吝备,18,10,0.0519,0.011
108,2025-06-05 1:00,17.67,68.72,1.99,272.35,0,吝备,15,10,0.0537,0.0085
108,2025-06-05 2:00,17.21,70.57,1.84,270.88,0,吝备,14,11,0.0537,0.0096
108,2025-06-05 3:00,16.56,73.35,1.5,270.57,0,吝备,10,11,0.0539,0.0111
108,2025-06-05 4:00,16.16,74.08,1.29,271.7,0,吝备,15,10,0.0503,0.0108
108,2025-06-05 5:00,15.77,76.26,0.52,251.75,0,吝备,14,13,0.0373,0.0197
108,2025-06-05 6:00,15.99,75.42,0.81,217.32,0,吝备,14,10,0.0416,0.0201
108,2025-06-05 7:00,17.83,71.14,1.38,206.21,0,吝备,17,10,0.0373,0.0274
108,2025-06-05 8:00,20.11,61.21,1.89,189.22,0,吝备,20,10,0.0417,0.0277
108,2025-06-05 9:00,22.38,53,2.31,194.45,0,吝备,14,6,0.0471,0.0261
108,2025-06-05 10:00,24.12,46.11,2.93,223,0,吝备,19,10,0.0546,0.0237
108,2025-06-05 11:00,25.14,40.94,3.54,231.11,0,吝备,17,11,0.0767,0.0159
108,2025-06-05 12:00,25.99,37.67,3.49,249.1,0,吝备,23,15,0.087,0.0144
108,2025-06-05 13:00,26.73,33.81,3.97,256.07,0,吝备,18,14,0.0808,0.0112
108,2025-06-05 14:00,26.8,33.58,3.98,259.21,0,吝备,20,14,0.0782,0.0121
108,2025-06-05 15:00,26.6,32.46,4.08,266.95,0,吝备,16,,,
108,2025-06-05 16:00,26.54,31.46,3.18,253,0,吝备,19,,,
108,2025-06-05 17:00,26.31,30.45,2.62,262.6,0,吝备,11,12,0.059,0.0146
108,2025-06-05 18:00,25.54,31.51,2.34,244.82,0,吝备,,18,0.0647,0.0164
108,2025-06-05 19:00,24.01,35.41,2.65,267.2,0,吝备,,20,0.0614,0.0211
108,2025-06-05 20:00,22.22,40.66,2.09,277.63,0,吝备,,21,0.0507,0.0295
108,2025-06-05 21:00,21.19,44.73,1.89,255.24,0,吝备,18,13,0.0509,0.0258
108,2025-06-05 22:00,20.64,47.45,1.56,227.86,0,吝备,,16,0.0558,0.0182
108,2025-06-05 23:00,20.49,45.19,1.52,197.41,0,吝备,15,13,0.0595,0.0146
108,2025-06-06 0:00,19.79,49.22,0.85,320.04,0,吝备,15,15,0.0438,0.0232
108,2025-06-06 1:00,19.32,50.11,0.99,350.27,0,吝备,16,16,0.0388,0.0234
108,2025-06-06 2:00,18.98,52.31,1.49,24.33,0,吝备,17,16,0.0355,0.0251
108,2025-06-06 3:00,18.6,53.67,1.22,39.2,0,吝备,17,17,0.0351,0.0239
108,2025-06-06 4:00,18.1,55.74,1.3,50.31,0,吝备,18,17,0.0258,0.03
108,2025-06-06 5:00,17.8,57.1,1.45,49.5,0,吝备,18,16,0.0279,0.0283
108,2025-06-06 6:00,18.32,56.97,1.5,46.98,0,吝备,,20,0.0325,0.0276
108,2025-06-06 7:00,19.97,53.53,1.74,44.56,0,吝备,17,16,0.0403,0.0262
108,2025-06-06 8:00,22.49,46.94,1.45,72.41,0,吝备,16,11,0.0511,0.0231
108,2025-06-06 9:00,24.72,40.3,2.63,175.58,0,吝备,20,11,0.0633,0.0198
108,2025-06-06 10:00,26.45,37.35,3.71,188,0,吝备,22,18,0.0775,0.0141
108,2025-06-06 11:00,27.71,35.91,3.62,208.4,0,吝备,24,15,0.0863,0.0128
108,2025-06-06 12:00,28.97,32.84,3.73,220.01,0,吝备,26,19,0.0912,0.0114
108,2025-06-06 13:00,29.6,31.31,4.73,223.79,0,吝备,23,15,0.0886,0.011
108,2025-06-06 14:00,29.65,28.17,5.47,210.51,0,吝备,26,16,0.0859,0.0092
108,2025-06-06 15:00,29.31,28.55,5.54,227.19,0,吝备,26,12,0.0865,0.0095
108,2025-06-06 16:00,28.32,30.79,6.55,231.19,0,吝备,25,17,0.0897,0.0089
108,2025-06-06 17:00,27.7,34.38,4.78,216.23,0,吝备,23,15,0.0885,0.0084
108,2025-06-06 18:00,26.48,37.33,5.08,231.06,0,吝备,26,21,0.0861,0.0088
108,2025-06-06 19:00,25.34,38.83,3.5,234.2,0,吝备,26,17,0.0778,0.0108
108,2025-06-06 20:00,24.52,41.16,2.64,223.33,0,吝备,19,13,0.0754,0.0107
108,2025-06-06 21:00,23.82,44.37,3.4,197.23,0,吝备,21,15,0.0753,0.01
108,2025-06-06 22:00,23.26,44.11,2.85,204.01,0,吝备,19,16,0.0718,0.01
108,2025-06-06 23:00,22.79,44.96,2.47,210.68,0,吝备,20,14,0.0686,0.0115
108,2025-06-07 0:00,22.71,44.38,3,199.76,0,吝备,18,12,0.0692,0.0106
108,2025-06-07 1:00,22.41,42.96,2.88,196.99,0,吝备,18,13,0.0743,0.0087
108,2025-06-07 2:00,21.93,43.59,1.27,212.98,0,吝备,19,13,0.0721,0.01
108,2025-06-07 3:00,20.97,47.39,0.96,13.19,0,吝备,21,15,0.0654,0.0125
108,2025-06-07 4:00,20.2,50.11,1.25,17.06,0,吝备,21,20,0.0597,0.0134
108,2025-06-07 5:00,19.85,51.81,1.46,20.2,0,吝备,20,17,0.0546,0.0169
108,2025-06-07 6:00,20.12,54.18,1.27,23.99,0,吝备,19,16,0.0503,0.0223
108,2025-06-07 7:00,21.66,56.48,0.98,56.9,0,吝备,20,19,0.0564,0.0187
108,2025-06-07 8:00,23.4,58.22,1.52,249.24,0,吝备,33,20,0.0668,0.0115
108,2025-06-07 9:00,24.39,59.95,1.65,194.45,0,吝备,57,22,0.0688,0.0126
108,2025-06-07 10:00,25.2,58.38,3.41,207.61,0,吝备,39,29,0.0727,0.0126
108,2025-06-07 11:00,24.94,61.08,3.61,220.42,0,吝备,40,31,0.0779,0.0111
108,2025-06-07 12:00,25.47,61.27,3.44,244.42,0,吝备,40,33,0.0815,0.008
108,2025-06-07 13:00,26.34,57.81,4.51,222.4,0,吝备,43,32,0.077,0.0083
108,2025-06-07 14:00,27.32,51.57,4.95,233.43,0,吝备,36,30,0.0809,0.0089
108,2025-06-07 15:00,27.9,51.64,3.98,235.03,0,吝备,38,30,0.0766,0.0082
108,2025-06-07 16:00,27.48,53.39,3.93,224.46,0,吝备,47,38,0.0726,0.007
108,2025-06-07 17:00,26.51,54.67,3.84,229.45,0,吝备,36,31,0.0728,0.0086
108,2025-06-07 18:00,25.03,65.85,3.63,254.57,0,吝备,36,31,0.0569,0.0095
108,2025-06-07 19:00,24.38,69.49,2.55,245.33,0,吝备,37,30,0.0473,0.0101
108,2025-06-07 20:00,23.66,74.33,2.86,233.49,0,吝备,33,30,0.0423,0.0086
108,2025-06-07 21:00,23.31,77.74,2.26,252.48,0,吝备,31,29,0.039,0.0085
108,2025-06-07 22:00,22.5,84.19,2.09,262.58,0.08,吝备,43,39,0.0329,0.0104
108,2025-06-07 23:00,22.24,84.23,2.17,235.83,0.1,吝备,45,37,0.0344,0.009
108,2025-06-08 0:00,21.83,87.26,1.82,198.34,0.46,吝备,42,32,0.0355,0.0072
108,2025-06-08 1:00,21.56,87.29,1.19,190.39,0.6,吝备,33,27,0.037,0.0065
108,2025-06-08 2:00,21.62,86.34,0.59,188.92,0.6,吝备,,28,0.0364,0.0066
108,2025-06-08 3:00,21.59,86.44,0.93,248.71,0.6,吝备,21,21,0.0352,0.0067
108,2025-06-08 4:00,21.5,86.76,0.87,283.25,0.6,吝备,24,21,0.0336,0.0075
108,2025-06-08 5:00,21.49,85.95,0.55,50.23,0.6,吝备,23,21,0.03,0.0095
108,2025-06-08 6:00,21.68,85.94,0.72,11.01,0.6,吝备,17,14,0.0309,0.0086
108,2025-06-08 7:00,22.28,84.77,0.55,20.18,0.6,吝备,18,18,0.0306,0.0098
108,2025-06-08 8:00,23.05,80.97,0.72,272.31,0.6,吝备,15,15,0.0365,0.0079
108,2025-06-08 9:00,24.33,74.84,1.04,177.44,0.6,吝备,15,11,0.0432,0.0085
108,2025-06-08 10:00,25.8,65.18,1.83,269.12,0.6,吝备,14,13,0.0579,0.0075
108,2025-06-08 11:00,27.48,56.12,1.77,171.38,0.6,吝备,18,15,0.0665,0.0074
108,2025-06-08 12:00,28.62,48.79,2.49,220.23,0.6,吝备,21,18,0.0731,0.0074
108,2025-06-08 13:00,29.72,44.57,2.22,216.72,0.6,吝备,27,19,0.082,0.0068
108,2025-06-08 14:00,29.62,47.11,2.4,244.38,0.6,吝备,25,18,0.087,0.0088
108,2025-06-08 15:00,29.64,51.4,3.33,276.49,0.6,吝备,,32,0.0904,0.0083
108,2025-06-08 16:00,28.98,52.7,3.25,262.03,0.6,吝备,28,24,0.0819,0.0079
108,2025-06-08 17:00,28.2,56.28,3.35,272.54,0.6,吝备,20,20,0.0782,0.0089
108,2025-06-08 18:00,27.35,59.06,3.07,280.47,0.6,吝备,28,18,0.0667,0.0109
108,2025-06-08 19:00,26.02,64.02,2.44,280,0.6,吝备,39,16,0.0576,0.0102
108,2025-06-08 20:00,24.95,67.34,1.49,292.88,0.6,吝备,,19,0.0525,0.0092
108,2025-06-08 21:00,24.23,69.52,1.09,285.33,0.6,吝备,,16,0.048,0.0104
108,2025-06-08 22:00,23.73,71.78,1.35,280.09,0.6,吝备,15,12,0.0406,0.014
108,2025-06-08 23:00,23.34,75.48,2.57,253.45,0.6,吝备,,9,0.0318,0.0167
108,2025-06-09 0:00,23.46,77.26,2.65,221.29,0.01,吝备,,20,0.0467,0.0101
108,2025-06-09 1:00,23.03,79.16,2.66,219.03,0,吝备,30,30,0.0628,0.0061
108,2025-06-09 2:00,22.43,80.28,2.88,231.44,0,吝备,,32,0.0623,0.0053
108,2025-06-09 3:00,21.73,80.24,2.83,216.24,0,吝备,,26,0.068,0.0057
108,2025-06-09 4:00,21.23,75.27,3.47,193.38,0,吝备,,29,0.0781,0.0065
108,2025-06-09 5:00,20.73,72.21,2.01,231.98,0,吝备,31,23,0.0757,0.0065
108,2025-06-09 6:00,20.88,72.78,1.96,222.02,0,吝备,17,17,0.0725,0.0086
108,2025-06-09 7:00,21.52,72.23,1.69,207.79,0,吝备,20,16,0.0671,0.0131
108,2025-06-09 8:00,22.56,69.03,2.14,203.88,0,吝备,26,17,0.067,0.0157
108,2025-06-09 9:00,23.88,65.22,2.14,219.12,0,吝备,32,26,0.0715,0.0149
108,2025-06-09 10:00,25.62,58.16,2.13,212.67,0,吝备,30,21,0.0805,0.0127
108,2025-06-09 11:00,27,53.24,2.19,227.61,0,吝备,,26,0.0894,0.0106
108,2025-06-09 12:00,28.54,48.13,2.38,193.83,0,吝备,50,24,0.096,0.0109
108,2025-06-09 13:00,29.61,45.58,2.93,193.83,0,吝备,26,21,0.1006,0.0115
108,2025-06-09 14:00,29.51,47.69,3.11,200.88,0,吝备,30,22,0.1044,0.0125
108,2025-06-09 15:00,30.02,46.92,3.29,204.95,0,吝备,28,26,0.0977,0.0137
108,2025-06-09 16:00,29.82,37.22,3.46,240.18,0,吝备,33,28,0.0907,0.0117
108,2025-06-09 17:00,28.67,47.11,3.49,262.11,0,吝备,43,19,0.0785,0.0121
108,2025-06-09 18:00,26.5,60.75,3.43,272.33,0,吝备,47,19,0.0594,0.0151
108,2025-06-09 19:00,24.15,67.08,2.63,267.77,0,吝备,49,16,0.0494,0.017
108,2025-06-09 20:00,22.7,72.79,2.43,268.07,0,吝备,17,16,0.0422,0.0194
108,2025-06-09 21:00,21.91,76.61,1.96,260.18,0,吝备,13,11,0.0375,0.0196
108,2025-06-09 22:00,21.55,76.94,1.87,251.6,0,吝备,,16,0.0417,0.0159
108,2025-06-09 23:00,20.96,81.21,2.28,268.75,0,吝备,,16,0.041,0.0141
108,2025-06-10 0:00,20.4,82.7,1.16,273.14,0,吝备,,19,0.0362,0.0151
108,2025-06-10 1:00,20.59,80.97,1.56,267.93,0,吝备,,18,0.0357,0.0134
108,2025-06-10 2:00,20.52,80.97,2.96,269.78,0,吝备,13,13,0.0427,0.0093
108,2025-06-10 3:00,20.12,82.12,1.72,264.29,0,吝备,11,12,0.0525,0.0057
108,2025-06-10 4:00,19.93,82.97,1.56,136.01,0,吝备,10,8,0.0501,0.0067
108,2025-06-10 5:00,19.85,82.91,1.15,51.45,0,吝备,,11,0.0442,0.0119
108,2025-06-10 6:00,20.36,81.79,0.88,57.01,0,吝备,8,9,0.0361,0.0187
108,2025-06-10 7:00,21.55,77.55,1.67,306.79,0,吝备,9,10,0.0375,0.0172
108,2025-06-10 8:00,22.73,73.83,2.6,262.38,0,吝备,17,13,0.0342,0.0203
108,2025-06-10 9:00,23.22,72.48,2.67,266.03,0,吝备,16,13,0.0384,0.0193
108,2025-06-10 10:00,23.23,70.15,3.01,255.61,0,吝备,14,15,0.0445,0.0127
108,2025-06-10 11:00,22.66,72.06,3.79,258.39,0,吝备,,14,0.0506,0.0116
108,2025-06-10 12:00,22.81,71.31,3.1,237.9,0,吝备,9,6,0.0468,0.0139
108,2025-06-10 13:00,22.77,72.03,3.03,225.16,0,吝备,10,,0.0363,0.022
108,2025-06-10 14:00,23.43,69.58,3.45,211.54,0,吝备,9,7,0.0437,0.018
108,2025-06-10 15:00,23.72,68.28,3.26,197.21,0,吝备,9,6,0.0482,0.0171
108,2025-06-10 16:00,24.63,62.93,3.58,233.5,0,吝备,10,9,0.0588,0.014
108,2025-06-10 17:00,24.83,59.09,3.57,249.37,0,吝备,9,9,0.0599,0.0106
108,2025-06-10 18:00,23.2,64.3,4.01,249.41,0,吝备,8,,0.0573,0.0129
108,2025-06-10 19:00,22.08,65.29,3.3,236.23,0,吝备,9,7,0.0565,0.0167
108,2025-06-10 20:00,21.2,63.2,3.15,233.79,0,吝备,11,11,0.0496,0.0184
108,2025-06-10 21:00,20.33,68.12,2.35,231.04,0,吝备,,16,0.0472,0.0188
108,2025-06-10 22:00,19.75,69.77,1.85,222.18,0,吝备,19,19,0.0435,0.0209
108,2025-06-10 23:00,19.23,67.21,0.89,283.55,0,吝备,29,18,0.0477,0.0145
108,2025-06-11 0:00,18.54,68.58,1.39,273.28,0,吝备,15,11,0.0477,0.0131
108,2025-06-11 1:00,18.03,71.11,1.37,286.47,0,吝备,15,12,0.0434,0.016
108,2025-06-11 2:00,17.51,73.35,1.38,286.37,0,吝备,16,12,0.0405,0.0143
108,2025-06-11 3:00,16.95,74.37,1.14,280.06,0,吝备,18,17,0.043,0.0113
108,2025-06-11 4:00,16.32,74.94,1.24,259.4,0,吝备,17,14,0.0369,0.0191
108,2025-06-11 5:00,15.97,77.38,1.14,270.85,0,吝备,14,16,0.0287,0.0249
108,2025-06-11 6:00,16.42,76.73,1.85,279.76,0,吝备,17,16,0.0379,0.017
108,2025-06-11 7:00,18.55,68.03,1.86,289.96,0,吝备,13,9,0.0473,0.0147
108,2025-06-11 8:00,20.83,59.25,1.75,247.8,0,吝备,10,6,0.0559,0.0125
108,2025-06-11 9:00,23.11,51.18,2.35,241.18,0,吝备,14,4,0.0574,0.0145
108,2025-06-11 10:00,24.97,45.84,2.95,260.69,0,吝备,18,10,0.0598,0.021
108,2025-06-11 11:00,26.46,41.15,3.63,262.86,0,吝备,22,13,0.0712,0.0105
108,2025-06-11 12:00,27.37,41.43,3.81,249.88,0,吝备,18,16,0.0769,0.0098
108,2025-06-11 13:00,27.93,40.72,3.87,260.15,0,吝备,19,17,0.0744,0.0114
108,2025-06-11 14:00,28.23,37.93,4.15,252.54,0,吝备,16,13,0.0728,0.0084
108,2025-06-11 15:00,28.26,37.38,3.94,258.19,0,吝备,15,11,0.0719,0.0086
108,2025-06-11 16:00,27.93,37.35,3.71,258.39,0,吝备,16,11,0.0681,0.0135
108,2025-06-11 17:00,27.38,38.24,3.41,257.94,0,吝备,17,12,0.0676,0.0126
108,2025-06-11 18:00,26.23,38.61,3.19,266.56,0,吝备,15,13,0.071,0.0156
108,2025-06-11 19:00,24.63,43.63,2.61,262.17,0,吝备,18,16,0.0657,0.0223
108,2025-06-11 20:00,23.37,48.24,2.44,226.88,0,吝备,23,19,0.0644,0.0221
108,2025-06-11 21:00,22.24,51.87,1.63,224.27,0,吝备,,25,0.0651,0.0198
108,2025-06-11 22:00,21.35,55.09,1.74,211.65,0,吝备,20,18,0.0641,0.0185
108,2025-06-11 23:00,20.81,59.31,1.65,228.14,0,吝备,20,19,0.0628,0.0168
108,2025-06-12 0:00,20.15,63.81,1.33,223.43,0,吝备,23,23,0.0587,0.0166
108,2025-06-12 1:00,19.67,66.07,1.34,231.81,0,吝备,19,18,0.0604,0.0136
108,2025-06-12 2:00,19.2,67.9,0.95,254,0,吝备,19,17,0.0604,0.0135
108,2025-06-12 3:00,18.74,70.64,0.9,359.05,0,吝备,21,17,0.0509,0.0151
108,2025-06-12 4:00,18.37,72.64,0.86,356.75,0,吝备,21,20,0.0395,0.0177
108,2025-06-12 5:00,17.99,74.13,1.26,30.34,0,吝备,,24,0.0353,0.0217
108,2025-06-12 6:00,18.45,72.79,1.82,42.64,0,吝备,,21,0.0282,0.0303
108,2025-06-12 7:00,20.81,64.33,1.98,54.57,0,吝备,18,18,0.0379,0.0267
108,2025-06-12 8:00,23.16,54.86,2.01,59.27,0,吝备,21,13,0.0453,0.0266
108,2025-06-12 9:00,25.4,48.57,2.38,60.37,0,吝备,21,20,0.0646,0.0203
108,2025-06-12 10:00,27.2,43.15,2.35,45.12,0,吝备,23,18,0.0761,0.019
108,2025-06-12 11:00,28.91,39.07,2.34,61.46,0,吝备,22,21,0.0857,0.0156
108,2025-06-12 12:00,30.57,34.25,2.39,86.73,0,吝备,18,17,0.0792,0.0112
108,2025-06-12 13:00,31.54,32.01,2,109.5,0,吝备,15,13,0.0779,0.0118
108,2025-06-12 14:00,32.24,30.23,2.67,141.69,0,吝备,19,12,0.0763,0.0171
108,2025-06-12 15:00,32.62,27.4,2.08,132.55,0,吝备,11,,0.0829,
108,2025-06-12 16:00,32.88,27.93,2.41,112.14,0,吝备,9,,0.0866,
108,2025-06-12 17:00,31.08,40.65,3.87,269.04,0,吝备,39,30,0.1465,0.0231
108,2025-06-12 18:00,29.29,42.71,3.09,266.89,0,吝备,42,42,0.1326,0.0218
108,2025-06-12 19:00,27.91,43.61,2.43,264.23,0,吝备,34,33,0.1189,0.0239
108,2025-06-12 20:00,26.62,46.39,1.77,276.23,0,吝备,31,28,0.0951,0.0254
108,2025-06-12 21:00,25.89,48.41,1.43,288.23,0,吝备,26,25,0.0891,0.022
108,2025-06-12 22:00,25.2,50.44,1.12,278.14,0,吝备,27,25,0.0794,0.0207
108,2025-06-12 23:00,24.48,52.58,1.48,271.62,0,吝备,28,26,0.0707,0.0229
108,2025-06-13 0:00,24.02,55.12,2.23,257.31,0,吝备,30,29,0.0615,0.028
108,2025-06-13 1:00,23.43,57.33,1.77,277.06,0,吝备,32,30,0.0604,0.0244
108,2025-06-13 2:00,22.66,58.25,1.17,257.98,0,吝备,30,30,0.0544,0.0228
108,2025-06-13 3:00,21.89,60.49,1.51,265.68,0,吝备,28,27,0.0537,0.0197
108,2025-06-13 4:00,21.32,62.24,1.29,258.56,0,吝备,32,28,0.0505,0.0206
108,2025-06-13 5:00,21.16,63.5,0.57,271.51,0,吝备,29,25,0.0403,0.0276
108,2025-06-13 6:00,21.38,64.65,0.7,32.88,0,吝备,,30,0.0413,0.031
108,2025-06-13 7:00,22.46,61.65,1,132.49,0,吝备,28,26,0.0611,0.0236
108,2025-06-13 8:00,24.62,52.3,1.28,234.52,0,吝备,24,23,0.0638,0.0259
108,2025-06-13 9:00,26.41,45.93,1.37,258.8,0,吝备,23,19,0.0672,0.023
108,2025-06-13 10:00,27.79,41.7,2.16,224.97,0,吝备,23,19,0.0753,0.0273
108,2025-06-13 11:00,28.8,42.1,2.56,215.98,0,吝备,29,25,0.1084,0.0242
108,2025-06-13 12:00,29.12,44.14,2.75,250.95,0,吝备,38,36,0.1248,0.0228
108,2025-06-13 13:00,28.9,45.82,2.74,259.59,0,吝备,47,44,0.118,0.0206
108,2025-06-13 14:00,28.35,46.56,2.19,266.06,0,吝备,47,42,0.1213,0.0231
108,2025-06-13 15:00,27.7,48.52,2.11,253.18,0,吝备,41,38,0.1114,0.0268
108,2025-06-13 16:00,26.97,51.04,2.67,256.62,0,吝备,42,37,0.0997,0.0293
108,2025-06-13 17:00,25.88,56.37,2.6,213.37,0,吝备,39,35,0.0802,0.0358
108,2025-06-13 18:00,23.59,66.31,2.47,192.12,0,吝备,43,39,0.0632,0.0301
108,2025-06-13 19:00,22.54,74,2.22,117.52,0,吝备,,33,0.0526,0.0276
108,2025-06-13 20:00,21.82,73.44,1.6,61.8,0,吝备,25,24,0.0562,0.0186
108,2025-06-13 21:00,21.07,81.25,1.87,18.07,0.98,吝备,,22,0.0514,0.0192
108,2025-06-13 22:00,20.22,83.69,2.5,61,1.5,吝备,,19,0.0539,0.0154
108,2025-06-13 23:00,20.36,83.46,2.18,64.37,1.5,吝备,15,15,0.0469,0.0172
108,2025-06-14 0:00,20.35,83.42,2.44,63.14,0.03,吝备,15,13,0.0449,0.0142
108,2025-06-14 1:00,20.33,82.98,1.97,48.29,0,吝备,12,13,0.0437,0.0129
108,2025-06-14 2:00,20.47,81.91,1.46,52.02,0,吝备,,16,0.0441,0.0105
108,2025-06-14 3:00,20.5,82.2,2.15,46.76,0,吝备,11,12,0.0434,0.0106
108,2025-06-14 4:00,20.6,81.99,1.97,58.8,0,吝备,11,11,0.0415,0.01
108,2025-06-14 5:00,20.73,81.36,2.11,52.66,0,吝备,8,10,0.0383,0.0111
108,2025-06-14 6:00,21,80.07,1.76,57.18,0,吝备,21,10,0.0313,0.0175
108,2025-06-14 7:00,21.33,78.7,1.41,59.45,0,吝备,,12,0.0311,0.0182
108,2025-06-14 8:00,22.32,76.37,1.31,38.77,0,吝备,10,11,0.0318,0.0185
108,2025-06-14 9:00,23.63,73.79,1.3,211.57,0,吝备,9,8,0.0362,0.0146
108,2025-06-14 10:00,25.77,67.57,1.3,286.46,0,吝备,15,6,0.0411,0.0144
108,2025-06-14 11:00,27.45,61.99,1.69,293.45,0,吝备,10,10,0.048,0.0152
108,2025-06-14 12:00,29.01,57.58,2.01,263.02,0,吝备,11,12,0.0623,0.0115
108,2025-06-14 13:00,30.47,52.81,1.9,319.67,0,吝备,10,12,0.0688,0.0158
108,2025-06-14 14:00,31.08,50.56,1.92,304.78,0,吝备,14,13,0.074,0.0163
108,2025-06-14 15:00,31.41,49.83,1.73,168.69,0,吝备,12,14,0.079,0.0152
108,2025-06-14 16:00,31.56,48.95,1.86,247.66,0,吝备,17,17,0.0868,0.0124
108,2025-06-14 17:00,31.75,47.88,1.74,259.26,0,吝备,,21,0.0875,0.0117
108,2025-06-14 18:00,30.59,52.18,3.27,212.84,0,吝备,,31,0.0854,0.0241
108,2025-06-14 19:00,28.63,57.2,3.3,260.48,0,吝备,36,36,0.0734,0.0227
108,2025-06-14 20:00,26.73,62.59,3.19,266.22,0,吝备,38,37,0.0704,0.0195
108,2025-06-14 21:00,25.06,66.88,2.66,276.71,0,吝备,,32,0.0617,0.0172
108,2025-06-14 22:00,24.22,68.67,2.71,253.19,0,吝备,26,26,0.0607,0.0148
108,2025-06-14 23:00,23.93,68.57,0.8,260.19,0,吝备,20,20,0.0578,0.0129
108,2025-06-15 0:00,23.46,70.36,0.48,229.23,0,吝备,,21,0.0499,0.0157
108,2025-06-15 1:00,23.01,71.83,0.8,178.32,0,吝备,19,19,0.0419,0.0195
108,2025-06-15 2:00,22.77,73.84,1.35,243.25,0,吝备,,21,0.0407,0.018
108,2025-06-15 3:00,22.57,74.71,1.11,284.73,0,吝备,19,19,0.0374,0.0166
108,2025-06-15 4:00,22.08,76.17,1.37,253.34,0,吝备,18,18,0.0327,0.0173
108,2025-06-15 5:00,21.89,77.01,1.06,274.77,0,吝备,14,15,0.0338,0.0142
108,2025-06-15 6:00,22.08,76.81,1.4,155.27,0,吝备,13,13,0.0351,0.0152
108,2025-06-15 7:00,23.6,72.01,1.5,138.93,0,吝备,16,15,0.0393,0.016
108,2025-06-15 8:00,25.2,66.81,1.64,201,0,吝备,,17,0.0501,0.014
108,2025-06-15 9:00,26.66,62.92,1.69,219.1,0,吝备,19,18,0.0616,0.014
108,2025-06-15 10:00,28.45,56.49,2.42,142.12,0,吝备,18,17,0.0686,0.011
108,2025-06-15 11:00,29.68,53.02,2.34,128.54,0,吝备,,19,0.0745,0.0118
108,2025-06-15 12:00,31.05,49.01,2.45,140.86,0,吝备,,18,0.0741,0.0116
108,2025-06-15 13:00,32.07,45.8,3.69,142.52,0,吝备,13,15,0.0681,0.0117
108,2025-06-15 14:00,32.62,44.15,3.61,173.25,0,吝备,,19,0.0578,0.0133
108,2025-06-15 15:00,31.86,47.42,3.73,189.25,0,吝备,12,12,0.0528,0.0153
108,2025-06-15 16:00,30.63,52.49,3.7,194.51,0,吝备,13,11,0.0443,0.015
108,2025-06-15 17:00,29.76,58.54,3.12,200.84,0.02,吝备,11,12,0.0483,0.0146
108,2025-06-15 18:00,26.73,75.09,3.6,237.07,0.4,吝备,20,16,0.0405,0.0158
108,2025-06-15 19:00,26.47,77.57,3.25,220.14,0.4,吝备,13,13,0.0408,0.0136
108,2025-06-15 20:00,26.14,79.7,4.52,215.18,0.4,吝备,14,12,0.0473,0.0112
108,2025-06-15 21:00,25.07,87.32,3.98,208.61,0.72,吝备,12,13,0.0479,0.0091
108,2025-06-15 22:00,24.13,92.27,3.71,230.71,6.53,吝备,,10,0.0431,0.0101
108,2025-06-15 23:00,23.14,92.44,2.95,252.32,10.11,吝备,5,6,0.0499,0.009
108,2025-06-16 0:00,22.47,93.44,2.8,261.61,1.08,吝备,3,4,0.0516,0.0084
108,2025-06-16 1:00,22.26,92.7,1.01,262.72,4.48,吝备,3,1,0.055,0.0074
108,2025-06-16 2:00,22.35,92.36,1.32,224.28,5.1,吝备,3,1,0.0491,0.0098
108,2025-06-16 3:00,22.51,93.71,1.82,215.33,5.68,吝备,3,1,0.0451,0.009
108,2025-06-16 4:00,22.6,93.81,2.48,224.8,6.1,吝备,4,5,0.0415,0.0081
108,2025-06-16 5:00,22.44,94.57,2.61,200.52,6.34,吝备,7,9,0.0333,0.011
108,2025-06-16 6:00,22.18,94.73,2.44,240.66,6.58,吝备,,11,0.0302,0.0135
108,2025-06-16 7:00,22.22,95.06,1.68,227.89,6.73,吝备,10,11,0.0252,0.0192
108,2025-06-16 8:00,22.47,94.61,1.66,211.53,6.9,吝备,14,13,0.0224,0.0225
108,2025-06-16 9:00,22.89,93.76,1.77,197.86,6.9,吝备,15,14,0.0249,0.0222
108,2025-06-16 10:00,23.58,91.7,2.01,192.58,6.9,吝备,20,19,0.0304,0.0206
108,2025-06-16 11:00,24.33,87.77,2.37,140.58,6.9,吝备,26,25,0.0337,0.0211
108,2025-06-16 12:00,24.87,84.92,1.82,167.68,6.9,吝备,25,22,0.0353,0.0194
108,2025-06-16 13:00,24.22,87.86,3.38,198.76,12.8,吝备,23,22,0.0378,0.0201
108,2025-06-16 14:00,23.88,90.77,2.85,210.3,20,吝备,19,17,0.0366,0.0187
108,2025-06-16 15:00,23.73,87.16,4.36,209.12,,吝备,31,25,0.0441,0.0168
108,2025-06-16 16:00,23.64,85.27,3.06,204.31,,吝备,42,30,0.0531,0.0153
108,2025-06-16 17:00,23.64,81.5,4.15,187.97,,吝备,35,28,0.0589,0.0146
108,2025-06-16 18:00,23.52,80.07,4.43,194.48,,吝备,40,35,0.0608,0.0175
108,2025-06-16 19:00,23.25,81.36,4.08,191.87,,吝备,40,35,0.0618,0.0156
108,2025-06-16 20:00,22.85,80.94,3.46,203.85,,吝备,36,33,0.0669,0.0132
108,2025-06-16 21:00,22.42,80.88,3.5,214.07,,吝备,32,28,0.0689,0.0102
108,2025-06-16 22:00,22.14,81.19,3.31,194.99,,吝备,30,27,0.0662,0.0115
108,2025-06-16 23:00,21.93,81.81,2.9,188.34,,吝备,28,23,0.0652,0.01
108,2025-06-17 0:00,21.8,83.26,2.53,195.84,0,吝备,36,21,0.0677,0.008
108,2025-06-17 1:00,21.86,84.62,3.08,201.7,0,吝备,31,23,0.0682,0.0079
108,2025-06-17 2:00,21.43,83.58,3.22,190.09,0,吝备,27,24,0.0727,0.0077
108,2025-06-17 3:00,21.28,85.47,2.53,190.99,0,吝备,20,18,0.0695,0.0082
108,2025-06-17 4:00,21.27,86.83,1.92,185.63,0,吝备,23,17,0.0663,0.0078
108,2025-06-17 5:00,21.27,88,2.06,185.35,0,吝备,20,16,0.0625,0.0107
108,2025-06-17 6:00,21.65,87.67,2.52,192.82,0,吝备,23,17,0.0578,0.0175
108,2025-06-17 7:00,22.13,85.78,2.37,199.07,0,吝备,20,16,0.0591,0.0176
108,2025-06-17 8:00,22.94,81.8,2.49,203.44,0,吝备,22,16,0.0607,0.0189
108,2025-06-17 9:00,24.13,75.24,3.1,203.12,0,吝备,26,18,0.0652,0.0174
108,2025-06-17 10:00,25.52,68.34,2.65,210.18,0,吝备,29,25,0.0764,0.0123
108,2025-06-17 11:00,26.67,63.57,2.61,230,0,吝备,,29,0.0854,0.0114
108,2025-06-17 12:00,27.57,60.37,2.66,251.17,0,吝备,46,31,0.0941,0.0125
108,2025-06-17 13:00,28.1,57.62,2.8,271.2,0,吝备,33,29,0.098,0.0146
108,2025-06-17 14:00,28.5,55.33,2.67,204.68,0,吝备,,36,0.1028,0.0127
108,2025-06-17 15:00,29.28,53.45,2.76,254.07,0,吝备,33,29,0.0962,0.0139
108,2025-06-17 16:00,29.1,55.44,3.18,271.93,0,吝备,30,30,0.0953,0.0148
108,2025-06-17 17:00,28.56,58.56,3.08,267.64,0,吝备,31,28,0.0944,0.0163
108,2025-06-17 18:00,27.81,59.97,2.65,257.68,0,吝备,29,26,0.0893,0.0171
108,2025-06-17 19:00,26.59,62.93,2.07,258.16,0,吝备,29,26,0.0815,0.0181
108,2025-06-17 20:00,25.47,70.62,2.49,275.86,0,吝备,34,25,0.0713,0.0185
108,2025-06-17 21:00,24.5,76.23,1.38,269.21,0,吝备,28,22,0.0643,0.0169
108,2025-06-17 22:00,23.98,77.68,1.16,263.01,0,吝备,28,21,0.0615,0.0164
108,2025-06-17 23:00,23.46,79.77,1.23,283.19,0,吝备,27,20,0.0564,0.0161
108,2025-06-18 0:00,22.97,80.88,0.76,284.47,0,吝备,28,23,0.0481,0.0151
108,2025-06-18 1:00,22.51,83.87,1.29,277.13,0,吝备,28,22,0.0406,0.0153
108,2025-06-18 2:00,22.1,85.7,1.53,265.54,0,吝备,27,24,0.0407,0.0132
108,2025-06-18 3:00,21.93,87.02,1.24,270.81,0,吝备,29,23,0.0487,0.0103
108,2025-06-18 4:00,21.68,89.13,1.82,272.95,0,吝备,37,26,0.0436,0.0121
108,2025-06-18 5:00,21.34,89.76,1.95,264.9,0,吝备,39,30,0.0375,0.0127
108,2025-06-18 6:00,21.44,88.89,2.04,271.85,0,吝备,40,34,0.0417,0.0155
108,2025-06-18 7:00,22.17,83.18,1.29,207.38,0,吝备,34,29,0.0515,0.0177
108,2025-06-18 8:00,23.23,77.21,1.18,197.39,0,吝备,32,31,0.0533,0.0216
108,2025-06-18 9:00,24.51,72.09,1.85,233.83,0,吝备,34,31,0.0617,0.0193
108,2025-06-18 10:00,26.07,65.72,2.26,228.03,0,吝备,31,27,0.0717,0.0212
108,2025-06-18 11:00,27.31,56.34,2.55,252.48,0,吝备,31,30,0.0876,0.0171
108,2025-06-18 12:00,28.49,51.99,2.29,245.15,0,吝备,,29,0.1028,0.0145
108,2025-06-18 13:00,29.55,49.35,2.61,248.97,0,吝备,33,31,0.1249,0.0147
108,2025-06-18 14:00,30.47,47.88,2.69,253.46,0,吝备,,39,0.1298,0.0165
108,2025-06-18 15:00,30.63,47.69,3.31,264.79,0,吝备,40,36,0.1206,0.019
108,2025-06-18 16:00,30.26,46.43,3.37,272.09,0,吝备,36,33,0.111,0.0196
108,2025-06-18 17:00,29.68,45.24,2.78,272.07,0,吝备,24,22,0.0987,0.0203
108,2025-06-18 18:00,28.51,47.6,2.53,285,0,吝备,23,17,0.0931,0.021
108,2025-06-18 19:00,27.3,53.78,2.29,275.63,0,吝备,21,21,0.08,0.0239
108,2025-06-18 20:00,26.26,59.78,1.99,254.9,0,吝备,27,24,0.0643,0.0241
108,2025-06-18 21:00,25.49,59.69,1.73,259.92,0,吝备,20,20,0.0576,0.021
108,2025-06-18 22:00,24.71,59.53,0.91,268.12,0,吝备,,21,0.0497,0.0246
108,2025-06-18 23:00,24.14,61.55,1.09,277.76,0,吝备,,17,0.046,0.0227
108,2025-06-19 0:00,23.62,63.64,0.55,254.82,0,吝备,,20,0.046,0.0211
108,2025-06-19 1:00,23.15,66.19,0.46,286.16,0,吝备,,17,0.0404,0.0219
108,2025-06-19 2:00,22.6,67.44,0.88,355.04,0,吝备,18,18,0.031,0.0222
108,2025-06-19 3:00,22.07,68.28,1.06,14.66,0,吝备,,17,0.0297,0.0238
108,2025-06-19 4:00,21.59,70.38,1.18,40.63,0,吝备,,19,0.0299,0.0252
108,2025-06-19 5:00,21.3,73.17,1.38,29.47,0,吝备,19,19,0.0283,0.027
108,2025-06-19 6:00,21.62,74.65,1.29,50.89,0,吝备,26,19,0.0287,0.03
108,2025-06-19 7:00,23.66,70.68,1.58,49.57,0,吝备,30,22,0.0334,0.0347
108,2025-06-19 8:00,25.67,64.37,2.14,51.35,0,吝备,28,25,0.0479,0.0347
108,2025-06-19 9:00,27.36,57.8,1.87,76.6,0,吝备,29,22,0.0635,0.0298
108,2025-06-19 10:00,28.95,52.49,2.28,133.96,0,吝备,25,23,0.0708,0.0278
108,2025-06-19 11:00,30.38,48.8,2.24,140.63,0,吝备,26,25,0.0877,0.0219
108,2025-06-19 12:00,31.68,47.14,1.96,138.87,0,吝备,27,27,0.1053,0.0183
108,2025-06-19 13:00,32.94,43.25,1.91,215.21,0,吝备,29,28,0.1118,0.0181
108,2025-06-19 14:00,33.65,37.73,3.5,201.09,0,吝备,32,26,0.1023,0.0195
108,2025-06-19 15:00,33.41,38.2,3.27,188.63,0,吝备,29,,0.088,
108,2025-06-19 16:00,32.71,43.34,2.68,195.37,0,吝备,29,,0.0494,
108,2025-06-19 17:00,31.9,48.01,2.56,161.32,0,吝备,26,17,0.0497,0.0195
108,2025-06-19 18:00,31.16,50.58,2.6,134.99,0,吝备,27,,0.0464,0.0261
108,2025-06-19 19:00,30.62,51.42,2.52,143.98,0,吝备,27,21,0.0581,0.0271
108,2025-06-19 20:00,30.21,54.26,2.76,163.78,0,吝备,16,9,0.044,0.0221
108,2025-06-19 21:00,29.21,66.39,2.71,195.36,0.34,吝备,31,16,0.0198,0.0158
108,2025-06-19 22:00,28.24,73.05,1.5,204.36,0.8,吝备,22,14,0.0126,0.016
108,2025-06-19 23:00,28.24,69.29,2.63,162.34,0.8,吝备,11,7,0.0127,0.0094
108,2025-06-20 0:00,28.13,69.67,3.62,165.88,0.01,吝备,12,8,0.012,0.0075
108,2025-06-20 1:00,26.25,82.91,2.84,188.55,2.21,吝备,16,11,0.0096,0.0069
108,2025-06-20 2:00,25.66,85.88,1.91,145.74,2.84,吝备,8,4,0.0087,0.0075
108,2025-06-20 3:00,25.29,88.6,2.65,131.55,3.43,吝备,9,5,0.009,0.0063
108,2025-06-20 4:00,24.95,90.16,2.44,122.54,4.93,吝备,12,4,0.009,0.0069
108,2025-06-20 5:00,24.67,92.53,3.14,175.82,10.32,吝备,9,5,0.0094,0.0074
108,2025-06-20 6:00,24.45,94.47,3.17,190.31,16.85,吝备,8,5,0.0078,0.0112
108,2025-06-20 7:00,24.53,93.65,3.66,179.29,21.37,吝备,8,4,0.007,0.0138
108,2025-06-20 8:00,24.65,92.3,3.11,180.92,22.61,吝备,8,6,0.0064,0.0142
108,2025-06-20 9:00,24.81,92.59,2.99,157.27,23.22,吝备,10,6,0.0067,0.0127
108,2025-06-20 10:00,24.87,91.39,3.69,175.36,24.24,吝备,10,4,0.0069,0.0118
108,2025-06-20 11:00,24.89,92.47,2.93,164.04,26.75,吝备,11,6,0.007,0.0118
108,2025-06-20 12:00,25.28,88.15,4.39,164.7,27.1,吝备,9,6,0.0083,0.0094
108,2025-06-20 13:00,25.4,88.13,3.75,157.71,27.46,吝备,9,5,0.0089,0.0092
108,2025-06-20 14:00,24.88,92.26,4.49,182.49,30.91,吝备,11,8,0.0082,0.0107
108,2025-06-20 15:00,24.61,92.92,5.26,187.45,34.03,吝备,8,4,0.0121,0.0118
108,2025-06-20 16:00,24,93.68,6.96,194.37,39.03,吝备,10,9,0.0141,0.0108
108,2025-06-20 17:00,23.51,95.33,5.69,193.77,43.41,吝备,6,3,0.0139,0.0112
108,2025-06-20 18:00,23.45,95.3,6.13,194.63,46.72,吝备,5,1,0.0137,0.012
108,2025-06-20 19:00,23.12,95.68,5.6,204.72,47.72,吝备,5,3,0.0123,0.0109
108,2025-06-20 20:00,22.8,96.4,4.01,212.29,48.32,吝备,6,4,0.0123,0.01
108,2025-06-20 21:00,22.63,97.64,4.82,216.05,49.59,吝备,5,2,0.0124,0.0093
108,2025-06-20 22:00,22.48,97.24,3.52,207.79,50.59,吝备,5,2,0.0117,0.0101
108,2025-06-20 23:00,22.23,97.42,3.75,209.36,50.84,吝备,6,3,0.0141,0.0082
108,2025-06-21 0:00,21.86,96.44,3.95,219.13,1.03,吝备,10,3,0.0193,0.0064
108,2025-06-21 1:00,21.36,95.61,2.74,220.03,0.2,吝备,7,4,0.0223,0.0056
108,2025-06-21 2:00,21.2,95.97,1.9,218.39,0.2,吝备,8,3,0.0212,0.0068
108,2025-06-21 3:00,21.03,95.86,1.73,222.75,0.2,吝备,8,5,0.0241,0.0047
108,2025-06-21 4:00,20.96,95.98,1.68,228.37,0.2,吝备,9,4,0.023,0.0054
108,2025-06-21 5:00,20.84,96.27,1.85,265.01,0.2,吝备,8,5,0.0208,0.0065
108,2025-06-21 6:00,20.86,96.61,1.33,241.62,0.2,吝备,14,7,0.0173,0.0095
108,2025-06-21 7:00,21.13,95.98,1.23,252.68,0.2,吝备,14,8,0.0162,0.0127
108,2025-06-21 8:00,21.39,95.52,1.69,235.35,0.2,吝备,11,6,0.0176,0.0119
108,2025-06-21 9:00,21.52,94.88,2.26,254.84,0.2,吝备,13,9,0.0147,0.0172
108,2025-06-21 10:00,21.77,93.36,2,281.42,0.2,吝备,18,13,0.0185,0.0124
108,2025-06-21 11:00,22.35,90.59,1.8,255.26,0.2,吝备,12,8,0.022,0.0095
108,2025-06-21 12:00,22.8,87.67,1.92,256.86,0.2,吝备,17,14,0.0248,0.0107
108,2025-06-21 13:00,22.98,85.61,2.43,253.95,0.2,吝备,18,14,0.0282,0.011
108,2025-06-21 14:00,23.28,82.33,2.47,272.71,0.2,吝备,19,15,0.0319,0.01
108,2025-06-21 15:00,23.75,80.02,2.06,267.91,0.2,吝备,19,13,0.0347,0.0101
108,2025-06-21 16:00,24.06,76.7,1.9,235.78,0.2,吝备,24,14,0.0367,0.0093
108,2025-06-21 17:00,23.91,73.73,2.38,243.16,0.2,吝备,22,15,0.0336,0.0149
108,2025-06-21 18:00,23.43,80.03,2.79,207.88,0.2,吝备,31,23,0.0259,0.0203
108,2025-06-21 19:00,22.61,82.21,1.94,204.17,0.2,吝备,30,26,0.0268,0.0175
108,2025-06-21 20:00,22.09,84.57,2.23,224.8,0.2,吝备,32,27,0.0317,0.0147
108,2025-06-21 21:00,21.7,85.31,2.18,239.77,0.2,吝备,33,27,0.0366,0.0128
108,2025-06-21 22:00,21.12,84.88,2.6,245.27,0.2,吝备,29,23,0.0342,0.0112
108,2025-06-21 23:00,20.72,84.99,2.39,253.78,0.2,吝备,25,20,0.0334,0.0101
108,2025-06-22 0:00,20.3,83.8,1.88,258.27,0,吝备,24,19,0.034,0.0108
108,2025-06-22 1:00,19.86,84.23,1.87,251.79,0,吝备,22,15,0.0332,0.0112
108,2025-06-22 2:00,19.39,86.25,1.83,254.63,0,吝备,26,16,0.0304,0.0111
108,2025-06-22 3:00,18.88,88.23,1.46,260.25,0,吝备,23,15,0.0297,0.0093
108,2025-06-22 4:00,18.47,90.45,1.43,229.68,0,吝备,24,15,0.0288,0.0088
108,2025-06-22 5:00,18.19,91.53,1.36,247.13,0,吝备,20,13,0.0288,0.0089
108,2025-06-22 6:00,18.25,91.19,0.93,190.88,0,吝备,17,12,0.028,0.011
108,2025-06-22 7:00,19.55,87.22,1.25,158.09,0,吝备,18,11,0.0309,0.0123
108,2025-06-22 8:00,21.37,76.37,1.27,179.5,0,吝备,17,7,0.0354,0.0125
108,2025-06-22 9:00,22.95,64.64,2.24,189.92,0,吝备,17,5,0.0454,0.0101
108,2025-06-22 10:00,24.5,63.15,2.5,249.63,0,吝备,18,10,0.0581,0.0086
108,2025-06-22 11:00,25.8,62.38,2.72,231.08,0,吝备,23,17,0.0697,0.0087
108,2025-06-22 12:00,26.97,57.44,2.93,232.18,0,吝备,25,19,0.0796,0.0078
108,2025-06-22 13:00,27.79,53.07,3.15,258.3,0,吝备,24,19,0.0909,0.0083
108,2025-06-22 14:00,28.16,50.69,3.57,252.14,0,吝备,24,17,0.0897,0.0076
108,2025-06-22 15:00,28.41,50.17,3.53,241.74,0,吝备,24,18,0.0926,0.0083
108,2025-06-22 16:00,28.2,49.87,3.62,249.9,0,吝备,33,22,0.0867,0.0088
108,2025-06-22 17:00,28.01,50.21,3.14,267.96,0,吝备,27,20,0.0833,0.009
108,2025-06-22 18:00,26.92,53.85,3.43,264.34,0,吝备,27,24,0.0736,0.0114
108,2025-06-22 19:00,25.1,60.7,3.33,256.77,0,吝备,32,26,0.0688,0.013
108,2025-06-22 20:00,23.9,65.11,2.83,253.72,0,吝备,29,26,0.0592,0.0149
108,2025-06-22 21:00,23.13,73.26,2.19,271.6,0,吝备,27,21,0.045,0.0161
108,2025-06-22 22:00,22.32,74.86,2.01,267.54,0,吝备,31,20,0.0367,0.0181
108,2025-06-22 23:00,21.61,74.83,1.28,271.64,0,吝备,24,17,0.0452,0.0141
108,2025-06-23 0:00,21.17,77.49,1.46,282.74,0,吝备,25,19,0.0388,0.0164
108,2025-06-23 1:00,20.81,79.72,1.22,255.59,0,吝备,24,19,0.038,0.0126
108,2025-06-23 2:00,20.45,79.39,1.41,259.87,0,吝备,24,19,0.0426,0.0104
108,2025-06-23 3:00,20.05,82.08,1.33,266.74,0,吝备,21,17,0.0439,0.009
108,2025-06-23 4:00,19.75,85.66,1.19,278.01,0,吝备,25,17,0.0378,0.0096
108,2025-06-23 5:00,19.47,86.84,0.94,282.77,0,吝备,25,20,0.0302,0.0124
108,2025-06-23 6:00,19.77,87.4,0.94,23.92,0,吝备,27,20,0.0262,0.0144
108,2025-06-23 7:00,21.28,83.16,1.8,44.05,0,吝备,23,17,0.0292,0.0214
108,2025-06-23 8:00,23.4,73.7,2.16,42.68,0,吝备,28,18,0.0298,0.0248
108,2025-06-23 9:00,25.21,66.34,2.43,29.2,0,吝备,26,18,0.0419,0.0232
108,2025-06-23 10:00,26.65,60.1,1.42,68.08,0,吝备,28,21,0.0628,0.018
108,2025-06-23 11:00,28.09,55.77,1.67,294.75,0,吝备,30,22,0.0859,0.0195
108,2025-06-23 12:00,29.35,53.83,1.75,201.39,0,吝备,36,30,0.1094,0.0184
108,2025-06-23 13:00,30.38,49.97,1.85,218.76,0,吝备,34,27,0.1133,0.0168
108,2025-06-23 14:00,31.16,47.63,2.09,279.72,0,吝备,37,27,0.1238,0.0132
108,2025-06-23 15:00,31.32,47.66,2.23,260.46,0,吝备,,30,0.1407,0.0136
108,2025-06-23 16:00,31.46,47.97,3.02,297.01,0,吝备,48,28,0.1297,0.0128
108,2025-06-23 17:00,31.2,50.34,3.1,297.42,0,吝备,39,32,0.1074,0.011
108,2025-06-23 18:00,30.41,51.45,3.41,311.13,0,吝备,37,28,0.0822,0.0083
108,2025-06-23 19:00,29.37,53.3,2.92,318.4,0,吝备,31,24,0.0715,0.0089
108,2025-06-23 20:00,28.36,57.23,1.78,284.78,0,吝备,26,25,0.0612,0.0079
108,2025-06-23 21:00,27.42,61.55,1.64,273.15,0,吝备,26,21,0.05,0.0124
108,2025-06-23 22:00,26.75,64.6,0.82,305.53,0,吝备,,23,0.0393,0.0159
108,2025-06-23 23:00,26.2,66.81,0.82,335.11,0,吝备,,21,0.0318,0.0184
108,2025-06-24 0:00,25.45,66.63,1.52,47.11,0,吝备,25,18,0.03,0.019
108,2025-06-24 1:00,24.97,69.76,1.26,57.06,0,吝备,24,18,0.0269,0.0198
108,2025-06-24 2:00,24.48,71.23,1.97,42.42,0,吝备,28,22,0.0233,0.0188
108,2025-06-24 3:00,24.35,70.72,2.36,55.39,0,吝备,24,20,0.0281,0.015
108,2025-06-24 4:00,24.12,68.64,1.9,47.17,0,吝备,22,18,0.0284,0.0149
108,2025-06-24 5:00,23.85,67.3,1.96,53.38,0,吝备,20,15,0.0267,0.0172
108,2025-06-24 6:00,24.02,68.76,1.51,56.21,0,吝备,19,14,0.0245,0.0214
108,2025-06-24 7:00,24.51,67.41,2.23,53.63,0,吝备,21,14,0.028,0.0201
108,2025-06-24 8:00,24.77,64.35,2.38,55.21,0,吝备,22,13,0.0276,0.0233
108,2025-06-24 9:00,25.13,64.16,2.47,53.85,0,吝备,20,13,0.0284,0.0251
108,2025-06-24 10:00,25.87,61.44,2.27,48.65,0,吝备,19,13,0.031,0.0265
108,2025-06-24 11:00,27.27,57.81,2.75,55.3,0,吝备,29,11,0.0388,0.0229
108,2025-06-24 12:00,27.63,50.27,2.81,55.94,0,吝备,31,14,0.0488,0.0153
108,2025-06-24 13:00,27.74,45.77,2.77,69.02,0,吝备,16,10,0.0496,0.0128
108,2025-06-24 14:00,27.53,46.49,2.98,51.22,0,吝备,14,11,0.0453,0.0175
108,2025-06-24 15:00,27.2,49.13,2.85,48.75,0,吝备,13,8,0.0392,0.0222
108,2025-06-24 16:00,26.89,50.39,3.98,59.12,0,吝备,14,8,0.0349,0.0227
108,2025-06-24 17:00,26.91,51.89,3.08,59.19,0,吝备,14,8,0.0379,0.0181
108,2025-06-24 18:00,26.73,51.8,2.96,56.56,0,吝备,17,13,0.04,0.0174
108,2025-06-24 19:00,26.32,52.82,3,55.73,0,吝备,21,17,0.0418,0.0165
108,2025-06-24 20:00,25.48,59.21,3.09,61.49,0,吝备,21,16,0.0413,0.0155
108,2025-06-24 21:00,23.24,76.13,3.08,74.74,0.63,吝备,26,18,0.0395,0.0133
108,2025-06-24 22:00,21.3,87.02,3.59,58.33,2.11,吝备,21,11,0.0389,0.0101
108,2025-06-24 23:00,20.59,85.36,4.05,54.03,2.3,吝备,11,8,0.042,0.0084
108,2025-06-25 0:00,20.72,81.19,3.82,53.42,0.04,吝备,11,9,0.0432,0.0072
108,2025-06-25 1:00,21.05,77.29,2.8,56.1,0,吝备,9,6,0.044,0.0071
108,2025-06-25 2:00,21.03,76.99,3.04,56.72,0.38,吝备,12,7,0.0467,0.0056
108,2025-06-25 3:00,19.65,85.83,3.36,50.05,1.51,吝备,12,9,0.0464,0.0054
108,2025-06-25 4:00,19.71,83.63,3.87,54.14,1.6,吝备,7,2,0.0448,0.0065
108,2025-06-25 5:00,20.06,80.3,3.43,53.2,1.6,吝备,6,4,0.0445,0.0071
108,2025-06-25 6:00,20.33,80.39,3.18,55.16,1.6,吝备,8,7,0.0387,0.0112
108,2025-06-25 7:00,20.29,86.11,2.76,49.7,1.89,吝备,10,7,0.0345,0.0141
108,2025-06-25 8:00,20.09,90.56,2.97,47.07,2.3,吝备,19,7,0.0305,0.0169
108,2025-06-25 9:00,20.12,91.22,2.73,46.22,2.46,吝备,18,5,0.0283,0.0178
108,2025-06-25 10:00,20.47,92.77,2.72,48.81,2.84,吝备,23,8,0.0269,0.0181
108,2025-06-25 11:00,20.7,91.29,2.77,50.43,2.9,吝备,12,5,0.0293,0.0162
108,2025-06-25 12:00,21.22,88.95,2.85,52.62,2.9,吝备,8,7,0.0298,0.0152
108,2025-06-25 13:00,21.75,86.15,2.88,47.04,2.9,吝备,10,6,0.0327,0.0133
108,2025-06-25 14:00,21.96,86.45,2.69,45.83,2.9,吝备,12,9,0.0322,0.0139
108,2025-06-25 15:00,21.82,90.61,2.09,47.77,3.15,吝备,12,8,0.0273,0.0181
108,2025-06-25 16:00,21.97,90.69,1.95,49.13,3.53,吝备,12,8,0.0263,0.0163
108,2025-06-25 17:00,21.86,90.96,2,50.3,3.77,吝备,10,6,0.026,0.0155
108,2025-06-25 18:00,21.58,93.31,1.82,47.27,5.11,吝备,15,9,0.0173,0.0225
108,2025-06-25 19:00,21.39,94.23,1.33,115.31,7.29,吝备,14,11,0.0232,0.0205
108,2025-06-25 20:00,21.22,92.88,1.08,154.54,7.92,吝备,11,7,0.0249,0.0178
108,2025-06-25 21:00,21.1,90.58,2.02,201.82,8,吝备,6,3,0.0293,0.0157
108,2025-06-25 22:00,20.92,90.73,1.75,200.93,8,吝备,9,3,0.0292,0.0138
108,2025-06-25 23:00,20.87,90.86,1.35,200.37,8,吝备,4,2,0.0265,0.0147
108,2025-06-26 0:00,20.78,91.54,1.09,154.97,0.13,吝备,7,5,0.0274,0.0126
108,2025-06-26 1:00,20.67,92.26,1.33,136.94,0,吝备,8,5,0.0265,0.0109
108,2025-06-26 2:00,20.65,91.95,1.33,204.2,0,吝备,12,5,0.024,0.0107
108,2025-06-26 3:00,20.43,95.06,2.5,195.94,0.25,吝备,11,7,0.0169,0.0121
108,2025-06-26 4:00,20.11,95.14,3.06,247.03,1,吝备,11,4,0.0222,0.0096
108,2025-06-26 5:00,19.96,94.74,2.07,262.16,1.1,吝备,9,4,0.0259,0.0085
108,2025-06-26 6:00,20.04,93.88,1.63,268.01,1.1,吝备,12,6,0.0257,0.0087
108,2025-06-26 7:00,20.23,93.16,1.56,332.69,1.1,吝备,11,4,0.026,0.0089
108,2025-06-26 8:00,21.07,91.72,1.46,292.01,1.1,吝备,10,2,0.0278,0.0086
108,2025-06-26 9:00,21.95,86.88,1.6,277.06,1.1,吝备,8,3,0.0298,0.0097
108,2025-06-26 10:00,22.63,84.81,1.46,264.8,1.1,吝备,9,4,0.0305,0.0123
108,2025-06-26 11:00,23.14,82.13,1.86,226.56,1.1,吝备,13,9,0.0245,0.0213
108,2025-06-26 12:00,23.11,82.54,1.98,239.95,1.1,吝备,30,21,0.028,0.0241
108,2025-06-26 13:00,23.37,81.69,1.77,245.22,1.1,吝备,23,18,0.0351,0.0224
108,2025-06-26 14:00,23.63,80.48,2.03,254.38,1.1,吝备,21,13,0.0392,0.0215
108,2025-06-26 15:00,23.12,80.75,2.36,240.4,1.1,吝备,19,14,0.0339,0.0243
108,2025-06-26 16:00,23.34,80.14,1.42,262.32,1.1,吝备,17,12,0.0425,0.0187
108,2025-06-26 17:00,24.06,77.03,1.64,280.4,1.1,吝备,16,13,0.0502,0.0163
108,2025-06-26 18:00,24.11,77.24,1.7,307.46,1.1,吝备,17,16,0.0487,0.0177
108,2025-06-26 19:00,23.78,78.71,1.52,290.81,1.1,吝备,16,13,0.0436,0.016
108,2025-06-26 20:00,23.02,80.56,1.6,274.06,1.1,吝备,18,11,0.0388,0.0162
108,2025-06-26 21:00,22.36,81.69,1.36,261.12,1.1,吝备,10,6,0.0371,0.0172
108,2025-06-26 22:00,21.95,84.01,1.24,289.79,1.1,吝备,11,7,0.0262,0.0218
108,2025-06-26 23:00,21.73,85.94,1.17,284.31,1.1,吝备,14,8,0.0187,0.0253
108,2025-06-27 0:00,21.55,86.7,1.29,273.78,0.02,吝备,16,10,0.0187,0.0234
108,2025-06-27 1:00,21.4,87,1.48,246.22,0,吝备,14,9,0.023,0.0162
108,2025-06-27 2:00,21.27,87.97,1.17,255.51,0,吝备,13,9,0.0244,0.0129
108,2025-06-27 3:00,21.2,88.81,0.76,288.42,0,吝备,13,8,0.0243,0.0123
108,2025-06-27 4:00,21.19,89.41,1,24.02,0,吝备,16,8,0.018,0.0161
108,2025-06-27 5:00,21.24,90.43,0.63,5.6,0,吝备,15,9,0.0106,0.0219
108,2025-06-27 6:00,21.57,90.31,0.9,273.85,0,吝备,14,10,0.0112,0.021
108,2025-06-27 7:00,21.96,88.17,0.95,283.48,0,吝备,15,10,0.0145,0.0239
108,2025-06-27 8:00,22.48,86.26,1.08,236.34,0,吝备,18,10,0.0132,0.0282
108,2025-06-27 9:00,22.96,84.83,0.94,276.13,0,吝备,18,12,0.0132,0.0325
108,2025-06-27 10:00,23.24,82.92,1.07,256.57,0,吝备,26,15,0.0184,0.0338
108,2025-06-27 11:00,23.91,82.1,1.14,341.26,0,吝备,26,17,0.0229,0.0343
108,2025-06-27 12:00,24.82,78.3,1.53,5.4,0,吝备,30,21,0.036,0.0332
108,2025-06-27 13:00,25.95,74.07,2.83,47.58,0,吝备,27,21,0.0559,0.0242
108,2025-06-27 14:00,27.27,70.01,2.23,56.67,0,吝备,25,22,0.0759,0.0174
108,2025-06-27 15:00,28.58,66.34,2.01,109.78,0,吝备,28,20,0.0841,0.0199
108,2025-06-27 16:00,29.17,64.22,1.8,117.09,0,吝备,28,23,0.0918,0.0168
108,2025-06-27 17:00,29.11,63.82,2.09,133.37,0,吝备,26,21,0.0873,0.0182
108,2025-06-27 18:00,28.95,64,1.83,145.85,0,吝备,29,26,0.0795,0.0212
108,2025-06-27 19:00,28.15,66.34,2,152.22,0,吝备,33,29,0.0778,0.0222
108,2025-06-27 20:00,27.56,69.64,1.34,101.63,0,吝备,38,28,0.0655,0.0279
108,2025-06-27 21:00,26.89,73.19,1.24,38.58,0,吝备,34,27,0.0346,0.026
108,2025-06-27 22:00,26.24,76.19,1.75,45.79,0,吝备,27,19,0.0236,0.0253
108,2025-06-27 23:00,25.86,77.33,1.47,44.77,0,吝备,26,21,0.0235,0.0235
108,2025-06-28 0:00,25.62,78.27,0.73,32.34,0,吝备,26,19,0.0205,0.023
108,2025-06-28 1:00,25.39,79.66,1.06,20.83,0,吝备,24,19,0.0172,0.0244
108,2025-06-28 2:00,25.17,81.79,0.79,22.54,0,吝备,60,21,0.0155,0.0227
108,2025-06-28 3:00,24.93,84.17,1.11,24.23,0,吝备,39,23,0.0135,0.0223
108,2025-06-28 4:00,24.75,85.53,1.28,41.66,0,吝备,29,22,0.0137,0.0231
108,2025-06-28 5:00,24.6,86.96,1.23,44.79,0.08,吝备,29,22,0.0117,0.0242
108,2025-06-28 6:00,24.54,88.52,1.26,37,0.21,吝备,31,20,0.0095,0.0249
108,2025-06-28 7:00,24.64,89.78,1.1,31.21,0.56,吝备,28,21,0.0102,0.0265
108,2025-06-28 8:00,24.8,90.28,1.17,40.31,0.6,吝备,30,21,0.0116,0.0295
108,2025-06-28 9:00,25.24,89.44,1.14,104.13,0.6,吝备,33,24,0.0169,0.0279
108,2025-06-28 10:00,26.19,85.44,1.46,162.8,0.6,吝备,34,23,0.0266,0.0213
108,2025-06-28 11:00,26.52,82.88,1.8,230.84,0.6,吝备,25,21,0.0326,0.0182
108,2025-06-28 12:00,26.86,81.9,1.97,253.27,0.6,吝备,29,24,0.0391,0.0158
108,2025-06-28 13:00,27,84.35,1.68,287.35,0.6,吝备,31,25,0.0362,0.0172
108,2025-06-28 14:00,27.38,82.97,1.68,273.19,0.6,吝备,32,22,0.0375,0.0169
108,2025-06-28 15:00,27.92,81.75,2.34,278.99,0.6,吝备,29,22,0.0404,0.0153
108,2025-06-28 16:00,27.84,80.88,2.37,272.2,0.6,吝备,33,24,0.0503,0.015
108,2025-06-28 17:00,27.75,80.46,2.54,285.61,0.6,吝备,30,24,0.0504,0.0156
108,2025-06-28 18:00,27.26,82.11,1.88,271.58,0.6,吝备,29,25,0.0453,0.0154
108,2025-06-28 19:00,26.87,83.06,1.45,272.03,0.6,吝备,24,20,0.0403,0.0171
108,2025-06-28 20:00,26.52,83.95,0.73,305.23,0.6,吝备,25,22,0.0353,0.0162
108,2025-06-28 21:00,26.28,84.93,0.86,278.59,0.6,吝备,23,19,0.0288,0.0195
108,2025-06-28 22:00,26.2,85.16,0.78,254.46,0.6,吝备,21,18,0.0307,0.0143
108,2025-06-28 23:00,26.29,85.31,1.35,206.84,0.6,吝备,23,19,0.0284,0.0144
108,2025-06-29 0:00,26.22,85.69,1.54,220.99,0.01,吝备,25,20,0.0265,0.0124
108,2025-06-29 1:00,26.05,86.55,1.89,232.97,0,吝备,25,21,0.0273,0.0114
108,2025-06-29 2:00,25.74,86.5,2.32,218.1,0,吝备,31,26,0.0282,0.0086
108,2025-06-29 3:00,25.35,87.74,2.7,222.5,0,吝备,32,27,0.0342,0.0065
108,2025-06-29 4:00,25,89.15,2.39,198.49,0,吝备,20,17,0.0356,0.0054
108,2025-06-29 5:00,25,87.08,2.23,220.77,0,吝备,12,9,0.0311,0.0055
108,2025-06-29 6:00,25,86.02,2.41,223.42,0,吝备,11,5,0.0259,0.0074
108,2025-06-29 7:00,25.15,84.12,2.26,217.45,0,吝备,9,5,0.0222,0.01
108,2025-06-29 8:00,25.77,81.73,1.85,205.1,0,吝备,10,5,0.0241,0.0089
108,2025-06-29 9:00,26.02,80.59,2.74,203.36,0,吝备,13,9,0.0236,0.0082
108,2025-06-29 10:00,26.89,77.94,2.27,199.07,0,吝备,12,5,0.0263,0.0071
108,2025-06-29 11:00,27.3,75.23,2.25,199.43,0,吝备,11,8,0.0285,0.0071
108,2025-06-29 12:00,28,73.53,1.7,200,0,吝备,13,6,0.0346,0.007
108,2025-06-29 13:00,28.41,72.46,2.24,199.15,0,吝备,15,12,0.0366,0.0088
108,2025-06-29 14:00,29.24,70.62,2.64,206.44,0,吝备,14,10,0.0414,0.0067
108,2025-06-29 15:00,29.72,69.63,2.66,223.67,0,吝备,17,14,0.0441,0.0071
108,2025-06-29 16:00,30.04,68.78,2.71,233.06,0,吝备,16,14,0.0463,0.007
108,2025-06-29 17:00,29.97,66.85,2.92,217.68,0,吝备,14,12,0.0404,0.0072
108,2025-06-29 18:00,29.65,63.12,3.19,192.14,0,吝备,11,6,0.0262,0.0092
108,2025-06-29 19:00,28.93,63.61,2.97,213.62,0,吝备,9,5,0.0209,0.009
108,2025-06-29 20:00,27.95,70.12,2.16,251.35,0,吝备,11,6,0.0214,0.0092
108,2025-06-29 21:00,27.06,76.18,2.37,263.41,0,吝备,6,4,0.0239,0.0121
108,2025-06-29 22:00,26.46,79.19,2.21,254.6,0,吝备,8,7,0.0216,0.0143
108,2025-06-29 23:00,26.21,80.33,1.47,205.76,0,吝备,7,4,0.0173,0.0109
108,2025-06-30 0:00,26.02,81.95,1.83,204.03,0,吝备,6,3,0.0163,0.0101
108,2025-06-30 1:00,26.1,83.37,1.82,212.3,0,吝备,5,3,0.0172,0.0073
108,2025-06-30 2:00,26.04,83.91,2.18,191.12,0,吝备,7,4,0.0162,0.0078
108,2025-06-30 3:00,25.83,84.7,1.83,178.08,0,吝备,6,4,0.0166,0.0065
108,2025-06-30 4:00,25.71,84.39,1.92,191.12,0,吝备,6,4,0.0143,0.007
108,2025-06-30 5:00,25.63,85.11,1.54,189.04,0,吝备,4,2,0.0125,0.0083
108,2025-06-30 6:00,25.74,85.18,1.12,166.36,0,吝备,6,4,0.0113,0.0106
108,2025-06-30 7:00,26.23,83.91,1.76,167.89,0,吝备,9,6,0.0108,0.012
108,2025-06-30 8:00,26.83,81.32,2.09,206.92,0,吝备,9,8,0.0114,0.0126
108,2025-06-30 9:00,27.56,75.91,2.84,198.35,0,吝备,9,6,0.0121,0.0112
108,2025-06-30 10:00,28.45,72.94,2.76,193.58,0,吝备,11,6,0.0152,0.0103
108,2025-06-30 11:00,29.48,67.93,3.14,189.91,0,吝备,11,4,0.0217,0.0091
108,2025-06-30 12:00,29.88,66.33,2.99,217.19,0,吝备,16,10,0.0306,0.0097
108,2025-06-30 13:00,30.8,65.15,3.31,212.02,0,吝备,15,11,0.0342,0.0098
108,2025-06-30 14:00,30.84,64.13,3.03,218.64,0,吝备,15,9,0.0337,0.0109
108,2025-06-30 15:00,30.89,64.43,3.36,223.96,0,吝备,12,8,0.0377,0.0105
108,2025-06-30 16:00,30.61,63.33,3.87,237.24,0,吝备,12,7,0.0369,0.0106
108,2025-06-30 17:00,30.11,66.17,2.91,230.86,0,吝备,11,8,0.0302,0.0116
108,2025-06-30 18:00,30.02,67.92,2.88,223.14,0,吝备,9,8,0.0265,0.013
108,2025-06-30 19:00,29.41,68.93,2.46,232.95,0,吝备,11,9,0.0206,0.012
108,2025-06-30 20:00,28.7,72.09,2.15,233.47,0,吝备,11,8,0.0162,0.0114
108,2025-06-30 21:00,28.44,74.42,2.25,243.64,0,吝备,7,4,0.0121,0.0108
108,2025-06-30 22:00,28.21,76.03,2.21,234.08,0,吝备,7,7,0.0097,0.0115
108,2025-06-30 23:00,27.89,76.79,2.12,203.2,0,吝备,7,4,0.008,0.0121
108,2025-07-01 0:00,27.57,78.03,2.22,215.15,0,吝备,6,4,0.0088,0.0089
108,2025-07-01 1:00,27.21,80.2,2.5,201.97,0,吝备,6,4,0.0092,0.0076
108,2025-07-01 2:00,27,82.15,2.83,209.76,0,吝备,10,9,0.0101,0.006
108,2025-07-01 3:00,26.8,83.08,2.82,211.69,0,吝备,9,5,0.0097,0.0059
108,2025-07-01 4:00,26.7,83.65,2.64,205.15,0,吝备,8,6,0.0097,0.0067
108,2025-07-01 5:00,26.55,85.5,2.14,219.98,0,吝备,,4,0.0086,0.008
108,2025-07-01 6:00,26.43,87.99,2.38,207.29,0,吝备,,5,0.0067,0.0113
108,2025-07-01 7:00,26.31,91,2.63,198.91,0.84,吝备,11,6,0.0058,0.0132
108,2025-07-01 8:00,26.68,89.18,3.06,206.51,0.9,吝备,10,8,0.0067,0.0133
108,2025-07-01 9:00,27.59,85.51,2.77,204.46,0.9,吝备,12,7,0.0081,0.0131
108,2025-07-01 10:00,28.58,80.75,3.28,200.2,0.9,吝备,10,4,0.0121,0.0126
108,2025-07-01 11:00,29.47,76.52,3.15,219.24,0.9,吝备,11,5,0.018,0.0121
108,2025-07-01 12:00,30.61,72.06,3.62,202.05,0.9,吝备,13,8,0.0227,0.0084
108,2025-07-01 13:00,31.51,68.43,4.03,220.25,0.9,吝备,9,6,0.0228,0.0092
108,2025-07-01 14:00,31.5,68.68,4.04,232.5,0.9,吝备,10,9,0.0237,0.0091
108,2025-07-01 15:00,31.29,68.81,4.07,245.17,0.9,吝备,11,8,0.0323,0.0098
108,2025-07-01 16:00,31.42,67.86,4.11,250.83,0.9,吝备,12,8,0.035,0.0097
108,2025-07-01 17:00,30.97,68.99,4.21,249.4,0.9,吝备,10,7,0.025,0.0095
108,2025-07-01 18:00,30.52,69.75,3.13,229.27,0.9,吝备,12,6,0.0205,0.0087
108,2025-07-01 19:00,29.7,73.52,2.68,246.52,0.9,吝备,9,6,0.0174,0.0106
108,2025-07-01 20:00,29.01,75.92,2.98,232.11,0.9,吝备,10,5,0.0158,0.0097
108,2025-07-01 21:00,28.4,78.46,2.57,221.5,0.9,吝备,9,5,0.0146,0.01
108,2025-07-01 22:00,28.08,80.37,2.93,191.65,0.9,吝备,12,6,0.0118,0.0115
108,2025-07-01 23:00,27.88,81.22,2.35,199.02,0.9,吝备,10,6,0.0116,0.0103
108,2025-07-02 0:00,27.6,81.6,2.54,204.18,0.02,吝备,9,7,0.0119,0.0094
108,2025-07-02 1:00,27.32,82.39,2.86,205.16,0,吝备,10,5,0.0122,0.0077
108,2025-07-02 2:00,27.1,82.78,2.17,207.36,0,吝备,11,5,0.0116,0.0079
108,2025-07-02 3:00,27,83.72,2.31,192.95,0,吝备,10,6,0.0113,0.0069
108,2025-07-02 4:00,26.91,83.85,2.64,189.59,0,吝备,9,4,0.011,0.0062
108,2025-07-02 5:00,26.83,83.74,2.65,185.57,0,吝备,7,3,0.0098,0.0078
108,2025-07-02 6:00,26.84,82.75,2.9,189.36,0,吝备,8,3,0.0089,0.0092
108,2025-07-02 7:00,27.17,81.59,2.73,199.46,0,吝备,9,3,0.009,0.0099
108,2025-07-02 8:00,27.77,80.7,3.01,203.55,0,吝备,11,8,0.0085,0.0127
108,2025-07-02 9:00,28.66,77.5,3.83,201.95,0,吝备,12,7,0.0095,0.0122
108,2025-07-02 10:00,28.96,75.86,3.2,208,0,吝备,14,8,0.0124,0.011
108,2025-07-02 11:00,29.74,72.57,3.33,212.12,0,吝备,11,6,0.0178,0.0107
108,2025-07-02 12:00,30.53,67.39,4.2,213.04,0,吝备,11,7,0.0202,0.0101
108,2025-07-02 13:00,30.38,68.72,3.81,231.45,0,吝备,13,9,0.02,0.0099
108,2025-07-02 14:00,30.09,69.23,3.71,256.3,0,吝备,14,11,0.0258,0.0118
108,2025-07-02 15:00,30.31,67.77,3.04,238.11,0,吝备,10,7,0.0272,0.0123
108,2025-07-02 16:00,30.48,64.26,3.18,205.83,0,吝备,11,6,0.0262,0.0123
108,2025-07-02 17:00,30.37,64.51,3.31,220.86,0,吝备,11,6,0.0266,0.0089
108,2025-07-02 18:00,29.97,66.67,2.93,210.88,0,吝备,14,8,0.0291,0.0108
108,2025-07-02 19:00,29.16,68.13,2.6,239.02,0,吝备,12,10,0.0272,0.0119
108,2025-07-02 20:00,28.48,73.98,2.65,260.09,0,吝备,14,9,0.0254,0.0118
108,2025-07-02 21:00,28.18,78.16,2.48,249.97,0,吝备,14,10,0.018,0.0141
108,2025-07-02 22:00,27.83,80.45,2.1,255.52,0,吝备,18,13,0.0133,0.0122
108,2025-07-02 23:00,27.71,81.62,2.48,240.44,0,吝备,16,11,0.0114,0.011
108,2025-07-03 0:00,27.48,83.05,2.47,213.94,0,吝备,19,16,0.0119,0.0086
108,2025-07-03 1:00,27.3,84.17,2.53,205.58,0,吝备,18,16,0.0131,0.0072
108,2025-07-03 2:00,27.1,85.02,2.11,206.75,0,吝备,21,17,0.012,0.0088
108,2025-07-03 3:00,27.06,85.16,2.1,202.61,0,吝备,24,20,0.0101,0.0103
108,2025-07-03 4:00,26.97,85.2,2.08,193.03,0,吝备,28,22,0.0113,0.0085
108,2025-07-03 5:00,26.88,85.14,2.31,184.34,0,吝备,21,19,0.0111,0.01
108,2025-07-03 6:00,26.8,84.8,2.82,186.62,0,吝备,17,16,0.0098,0.0112
108,2025-07-03 7:00,26.84,83.81,2.77,195.87,0,吝备,16,13,0.0085,0.013
108,2025-07-03 8:00,27.05,82.59,2.79,196.69,0,吝备,13,11,0.0091,0.0141
108,2025-07-03 9:00,27.33,80.31,3.3,212.98,0,吝备,18,14,0.0103,0.0152
108,2025-07-03 10:00,27.93,77.73,2.67,208.73,0,吝备,21,17,0.0126,0.015
108,2025-07-03 11:00,28.28,76.33,2.95,217.24,0,吝备,20,17,0.0162,0.0131
108,2025-07-03 12:00,28.48,75.23,3.25,205.59,0,吝备,22,16,0.0178,0.0136
108,2025-07-03 13:00,29.31,72.99,3.13,218.12,0,吝备,22,19,0.0305,0.012
108,2025-07-03 14:00,30.59,65.19,3.11,198.44,0,吝备,27,20,0.0379,0.0114
108,2025-07-03 15:00,31.44,59.91,3.74,221.62,0,吝备,33,23,0.0429,0.012
108,2025-07-03 16:00,31.38,59.03,3.51,216.31,0,吝备,37,21,0.0471,0.0103
108,2025-07-03 17:00,31.03,59.44,3.41,233.08,0,吝备,25,21,0.0433,0.009
108,2025-07-03 18:00,30.06,65.8,3.13,253.36,0,吝备,26,22,0.0411,0.014
108,2025-07-03 19:00,29.08,70.66,3.11,245.34,0,吝备,23,18,0.0341,0.0136
108,2025-07-03 20:00,28.26,73.71,2.83,240.77,0,吝备,20,16,0.0272,0.0116
108,2025-07-03 21:00,27.75,75.48,2.57,234.22,0,吝备,18,13,0.0246,0.0115
108,2025-07-03 22:00,27.18,77.03,2.62,217.63,0,吝备,16,10,0.0243,0.01
108,2025-07-03 23:00,26.75,78.99,2.88,216.79,0,吝备,17,11,0.0241,0.0095
108,2025-07-04 0:00,26.43,80.38,2.86,205.62,0,吝备,17,12,0.0238,0.01
108,2025-07-04 1:00,26.18,80.19,3.34,187.67,0,吝备,16,11,0.0298,0.006
108,2025-07-04 2:00,26.05,81.22,3.38,198.5,0,吝备,17,13,0.0321,0.0056
108,2025-07-04 3:00,25.93,80.66,2.8,204.23,0,吝备,17,12,0.0312,0.0065
108,2025-07-04 4:00,25.8,81.97,2.33,193.43,0,吝备,18,13,0.0312,0.0066
108,2025-07-04 5:00,25.7,83.01,2.68,188.06,0,吝备,17,12,0.0293,0.0096
108,2025-07-04 6:00,25.84,82.09,3.02,190.59,0,吝备,18,13,0.0277,0.0116
108,2025-07-04 7:00,26.27,79.3,3.44,190.28,0,吝备,18,11,0.0263,0.0142
108,2025-07-04 8:00,26.78,75.64,3.1,191,0,吝备,30,13,0.0241,0.0176
108,2025-07-04 9:00,27.02,73.63,2.79,200.3,0,吝备,29,17,0.0259,0.0156
108,2025-07-04 10:00,27.19,72.85,3.61,190.99,0,吝备,,,,
108,2025-07-04 11:00,27.11,74.61,2.91,184.6,0,吝备,,,,
108,2025-07-04 12:00,27.09,75.42,3.03,184.61,0,吝备,30,,0.0272,0.0169
108,2025-07-04 13:00,28.04,72.67,3.53,174.99,0,吝备,23,19,0.0354,0.0164
108,2025-07-04 14:00,29.62,67.44,4.55,194.65,0,吝备,24,13,0.045,0.0155
108,2025-07-04 15:00,29.18,69.06,3.96,203.59,0,吝备,29,22,0.046,0.0144
108,2025-07-04 16:00,28.79,72.21,3.62,221.17,0,吝备,27,21,0.037,0.0173
108,2025-07-04 17:00,28.54,74.65,3.27,213.35,0,吝备,22,14,0.0354,0.0139
108,2025-07-04 18:00,28.25,75.81,3.36,214.6,0,吝备,23,14,0.0323,0.0141
108,2025-07-04 19:00,27.88,76.53,3.24,222.88,0,吝备,19,13,0.0349,0.011
108,2025-07-04 20:00,27.5,77.87,3.43,227.31,0,吝备,21,13,0.035,0.0093
108,2025-07-04 21:00,27.23,78.73,3.17,221.58,0,吝备,19,12,0.0318,0.0116
108,2025-07-04 22:00,26.95,80.22,3.24,209.81,0,吝备,22,17,0.0327,0.0093
108,2025-07-04 23:00,26.79,81.03,3.13,217.59,0,吝备,20,12,0.0331,0.0072
108,2025-07-05 0:00,26.64,81.5,3.02,227.38,0,吝备,22,16,0.0315,0.008
108,2025-07-05 1:00,26.54,81.67,2.46,225.4,0,吝备,18,12,0.0296,0.0078
108,2025-07-05 2:00,26.38,81.58,2.91,203.7,0,吝备,20,11,0.03,0.0077
108,2025-07-05 3:00,26.23,81.8,2.49,203.54,0,吝备,15,9,0.031,0.006
108,2025-07-05 4:00,26.14,82.08,2.7,207.12,0,吝备,17,8,0.0301,0.0064
108,2025-07-05 5:00,26,81.62,2.48,199.13,0,吝备,15,8,0.0274,0.0082
108,2025-07-05 6:00,26.07,81.55,2.68,195.97,0,吝备,19,9,0.026,0.01
108,2025-07-05 7:00,26.31,81.36,2.25,204.49,0,吝备,14,8,0.0235,0.0127
108,2025-07-05 8:00,26.9,79.04,2.57,191.11,0,吝备,18,10,0.0258,0.0126
108,2025-07-05 9:00,27.46,75.14,2.7,212.48,0,吝备,16,10,0.0326,0.0112
108,2025-07-05 10:00,27.99,72.55,2.27,228.3,0,吝备,19,13,0.0374,0.0112
108,2025-07-05 11:00,28.58,70.42,2.37,211.52,0,吝备,18,12,0.0419,0.0098
108,2025-07-05 12:00,29.67,67.09,2.74,221.69,0,吝备,17,13,0.0469,0.0102
108,2025-07-05 13:00,30.57,64.7,2.66,218.34,0,吝备,20,14,0.0513,0.0082
108,2025-07-05 14:00,31.53,61.45,3.19,206.48,0,吝备,22,16,0.0545,0.0083
108,2025-07-05 15:00,32.21,59.11,3.08,223.15,0,吝备,20,14,0.0542,0.0087
108,2025-07-05 16:00,31.49,60.4,3.4,202.75,0,吝备,20,14,0.0566,0.0099
108,2025-07-05 17:00,31.05,63.23,3.24,209.34,0,吝备,19,14,0.0517,0.0108
108,2025-07-05 18:00,30.48,66.58,2.69,235.44,0,吝备,22,15,0.0458,0.011
108,2025-07-05 19:00,29.61,69.44,2.65,244.72,0,吝备,19,14,0.0395,0.0113
108,2025-07-05 20:00,28.92,72.82,2.53,243.4,0,吝备,17,13,0.0361,0.0103
108,2025-07-05 21:00,28.29,74.7,2.96,214.55,0,吝备,16,10,0.0349,0.0078
108,2025-07-05 22:00,27.72,76.56,3.14,199.47,0,吝备,18,11,0.0349,0.0084
108,2025-07-05 23:00,27.29,77.5,2.91,211.99,0,吝备,16,10,0.0375,0.0076
108,2025-07-06 0:00,26.95,77.77,3.03,214.25,0,吝备,17,13,0.0433,0.007
108,2025-07-06 1:00,26.69,79.72,2.78,214.92,0,吝备,17,11,0.0448,0.0064
108,2025-07-06 2:00,26.6,80.64,2.25,203.57,0,吝备,19,15,0.0457,0.0053
108,2025-07-06 3:00,26.59,81.15,2.45,204.52,0,吝备,18,13,0.0452,0.0053
108,2025-07-06 4:00,26.5,81.66,2.71,211.37,0,吝备,19,11,0.0454,0.005
108,2025-07-06 5:00,26.41,82.44,3.09,196.33,0,吝备,20,14,0.047,0.0058
108,2025-07-06 6:00,26.4,82.56,2.69,202.18,0,吝备,25,16,0.0463,0.0073
108,2025-07-06 7:00,26.36,82.99,2.63,221.66,0,吝备,24,17,0.0446,0.009
108,2025-07-06 8:00,26.52,82.41,2.61,204.56,0,吝备,25,18,0.0477,0.0093
108,2025-07-06 9:00,26.9,81.16,2.2,195.95,0,吝备,25,18,0.0487,0.0097
108,2025-07-06 10:00,27.77,77.23,2.39,207.28,0,吝备,24,15,0.0539,0.0085
108,2025-07-06 11:00,29.51,72.13,2.25,205.17,0,吝备,21,16,0.0596,0.0083
108,2025-07-06 12:00,31.15,65.32,2.26,192.96,0,吝备,25,21,0.066,0.0074
108,2025-07-06 13:00,32.18,61.31,2.56,198,0,吝备,26,21,0.071,0.009
108,2025-07-06 14:00,32.57,59.66,3.06,203.76,0,吝备,31,23,0.0732,0.0079
108,2025-07-06 15:00,32.53,61.09,2.89,207.42,0,吝备,25,21,0.0694,0.0079
108,2025-07-06 16:00,32.22,62.55,2.94,219.85,0,吝备,27,23,0.0641,0.0083
108,2025-07-06 17:00,31.91,64.05,2.24,230.19,0,吝备,22,17,0.063,0.009
108,2025-07-06 18:00,31.65,66.33,2.31,234.18,0,吝备,25,16,0.0539,0.0092
108,2025-07-06 19:00,30.82,69.52,2.08,254.75,0,吝备,20,15,0.0493,0.012
108,2025-07-06 20:00,29.86,73.55,2.04,269.8,0,吝备,20,17,0.0445,0.0125
108,2025-07-06 21:00,29.15,76.3,2.03,264.6,0,吝备,18,12,0.037,0.0138
108,2025-07-06 22:00,28.54,78.64,1.94,264.02,0,吝备,22,14,0.0304,0.0162
108,2025-07-06 23:00,28.33,78.07,2.05,234.5,0,吝备,16,10,0.0292,0.0131
108,2025-07-07 0:00,27.94,79.38,2.2,250.17,0,吝备,15,11,0.0292,0.0096
108,2025-07-07 1:00,27.4,80.7,2.41,233.39,0,吝备,16,11,0.0345,0.0084
108,2025-07-07 2:00,27.2,81.73,2.01,192.61,0,吝备,24,18,0.0437,0.0063
108,2025-07-07 3:00,27.14,82.15,2.14,212.3,0,吝备,18,14,0.0452,0.007
108,2025-07-07 4:00,27,81.38,2.16,203.44,0,吝备,18,17,0.0497,0.0073
108,2025-07-07 5:00,26.85,83.28,2.73,189.61,0,吝备,24,19,0.0522,0.009
108,2025-07-07 6:00,26.73,84.62,1.02,191.46,0,吝备,29,25,0.0512,0.0106
108,2025-07-07 7:00,26.99,84.48,1.17,149.25,0,吝备,28,25,0.0378,0.0186
108,2025-07-07 8:00,27.32,83.62,1.14,135.41,0,吝备,39,34,0.0393,0.0197
108,2025-07-07 9:00,27.76,82.75,0.88,105.8,0,吝备,40,31,0.0459,0.0221
108,2025-07-07 10:00,28.17,81.35,1.59,118.58,0,吝备,42,32,0.0515,0.0227
108,2025-07-07 11:00,28.53,80.09,1.32,134.66,0,吝备,38,31,0.0531,0.0227
108,2025-07-07 12:00,29.55,77.67,1.48,172.54,0,吝备,38,34,0.0585,0.0201
108,2025-07-07 13:00,31.57,71.34,1.55,331.42,0,吝备,38,31,0.0806,0.0177
108,2025-07-07 14:00,32.79,66.78,1.58,235.45,0,吝备,45,41,0.0997,0.0163
108,2025-07-07 15:00,32.79,66.75,2.15,283.88,0,吝备,44,39,0.1086,0.0141
108,2025-07-07 16:00,33.04,66.97,2.97,265.11,0,吝备,50,39,0.1168,0.0155
108,2025-07-07 17:00,32.49,69.85,2.94,276.05,0,吝备,56,47,0.1113,0.0146
108,2025-07-07 18:00,31.55,73.29,2.83,269.45,0,吝备,58,46,0.089,0.0148
108,2025-07-07 19:00,30.25,77.34,2.87,260.84,0,吝备,54,45,0.0774,0.0136
108,2025-07-07 20:00,29.33,80.74,2.37,287.28,0,吝备,57,47,0.0687,0.0136
108,2025-07-07 21:00,28.97,81.79,1.67,284.33,0,吝备,55,41,0.074,0.0118
108,2025-07-07 22:00,28.71,83.04,1.52,298.05,0,吝备,63,46,0.0705,0.0136
108,2025-07-07 23:00,28.46,84.08,1.41,273.61,0,吝备,58,46,0.0502,0.0185
108,2025-07-08 0:00,28.34,84.51,0.76,299.04,0,吝备,61,47,0.0456,0.02
108,2025-07-08 1:00,28.02,85.73,1.01,308.75,0,吝备,58,47,0.0406,0.0176
108,2025-07-08 2:00,27.76,87.28,1.19,42.85,0,吝备,57,44,0.037,0.014
108,2025-07-08 3:00,27.54,87.69,1.28,26.97,0,吝备,47,39,0.0284,0.015
108,2025-07-08 4:00,27.22,88.31,1.46,34.3,0,吝备,45,37,0.0217,0.0176
108,2025-07-08 5:00,27.03,87.66,0.82,26.19,0,吝备,38,33,0.0203,0.0163
108,2025-07-08 6:00,27.19,87.42,1.83,41.9,0,吝备,34,29,0.0207,0.0177
108,2025-07-08 7:00,28.48,81.19,2.28,53.61,0,吝备,31,26,0.0262,0.0168
108,2025-07-08 8:00,30.26,74.4,2.25,48.82,0,吝备,33,26,0.0356,0.0166
108,2025-07-08 9:00,31.93,68.55,2.21,57.48,0,吝备,31,25,0.047,0.0182
108,2025-07-08 10:00,33.51,63.19,1.93,75.01,0,吝备,36,32,0.0676,0.0126
108,2025-07-08 11:00,34.83,58.44,1.94,58.1,0,吝备,35,29,0.0817,0.0109
108,2025-07-08 12:00,35.34,55.8,2.49,351.92,0,吝备,37,29,0.0882,0.0111
108,2025-07-08 13:00,35.95,53.96,2.06,49.94,0,吝备,34,30,0.0829,0.0128
108,2025-07-08 14:00,36.99,50.1,1.51,101.57,0,吝备,32,27,0.0798,0.0137
108,2025-07-08 15:00,37.16,48.95,2.35,327.76,0,吝备,40,31,0.0844,0.0126
108,2025-07-08 16:00,36.92,50.37,2.65,302.78,0,吝备,47,32,0.0835,0.0097
108,2025-07-08 17:00,36.66,51.41,3.08,316.48,0,吝备,33,28,0.0804,0.0107
108,2025-07-08 18:00,32.48,67.91,4.66,235.5,3.14,吝备,38,30,0.0677,0.0168
108,2025-07-08 19:00,27.44,80.76,2.55,211.64,8.48,吝备,22,18,0.0536,0.0186
108,2025-07-08 20:00,27.3,83.86,1.23,13.75,11.73,吝备,15,12,0.0407,0.0254
108,2025-07-08 21:00,27.59,84.21,1.42,6.42,11.8,吝备,19,12,0.0274,0.0303
108,2025-07-08 22:00,27.95,84.08,1.17,23.93,11.8,吝备,24,15,0.0231,0.0305
108,2025-07-08 23:00,28.24,83.56,1.04,44.28,11.8,吝备,23,19,0.0194,0.0348
108,2025-07-09 0:00,28.22,82.88,1.38,43.93,0.2,吝备,26,19,0.0235,0.0283
108,2025-07-09 1:00,28.31,79.99,1.02,46.57,0,吝备,24,18,0.0187,0.0302
108,2025-07-09 2:00,28.2,81.03,0.97,72.47,0,吝备,25,22,0.0204,0.0262
108,2025-07-09 3:00,27.88,81.33,1.74,49.82,0,吝备,22,18,0.0255,0.0199
108,2025-07-09 4:00,27.71,81.45,1.77,50.06,0,吝备,23,21,0.0323,0.0142
108,2025-07-09 5:00,27.48,80.72,2,46.8,0,吝备,21,18,0.0294,0.0161
108,2025-07-09 6:00,27.65,77.2,2.46,51.72,0,吝备,24,23,0.0321,0.016
108,2025-07-09 7:00,28.73,73.64,2.52,52.2,0,吝备,22,17,0.0345,0.0182
108,2025-07-09 8:00,30.47,67.97,2.53,71.77,0,吝备,22,20,0.0433,0.0156
108,2025-07-09 9:00,31.72,62.7,2.58,62.73,0,吝备,33,17,0.0507,0.0141
108,2025-07-09 10:00,32.78,58.34,2.88,60.61,0,吝备,32,22,0.0585,0.0131
108,2025-07-09 11:00,33.87,55.72,2.58,61.82,0,吝备,30,20,0.0579,0.0129
108,2025-07-09 12:00,33.87,55.44,2.73,46.77,0,吝备,35,25,0.0558,0.0128
108,2025-07-09 13:00,34.88,51.09,2.47,57.28,0,吝备,31,19,0.0558,0.0124
108,2025-07-09 14:00,35.58,47.1,2.34,77.63,0,吝备,,20,0.0511,0.0151
108,2025-07-09 15:00,35.64,46.93,2.01,81.73,0,吝备,28,12,0.0582,0.0128
108,2025-07-09 16:00,35.67,45.77,1.83,71.99,0,吝备,17,9,0.0526,0.0159
108,2025-07-09 17:00,35.5,46.99,1.68,100.94,0,吝备,15,9,0.0502,0.0171
108,2025-07-09 18:00,34.77,49.98,2.19,142.8,0,吝备,,15,0.0477,0.018
108,2025-07-09 19:00,34.02,51.8,1.8,89.96,0,吝备,22,15,0.0439,0.0191
108,2025-07-09 20:00,33.22,53.54,1.69,65.13,0,吝备,22,16,0.0402,0.0157
108,2025-07-09 21:00,32.49,53.6,3,49.01,0,吝备,22,14,0.0355,0.0153
108,2025-07-09 22:00,31.69,55.16,3.22,59.15,0,吝备,17,12,0.0365,0.0121
108,2025-07-09 23:00,31.11,57.93,2.92,53.74,0,吝备,15,11,0.0349,0.0122
108,2025-07-10 0:00,30.5,60.11,2.15,61.87,0,吝备,16,10,0.0353,0.0104
108,2025-07-10 1:00,29.71,62.61,2.28,55.57,0,吝备,15,12,0.0345,0.0105
108,2025-07-10 2:00,29.01,64.11,2.33,55.42,0,吝备,14,13,0.0338,0.0102
108,2025-07-10 3:00,28.42,64.51,2.12,67.47,0,吝备,14,11,0.0337,0.009
108,2025-07-10 4:00,28.1,63.03,2.17,69.22,0,吝备,15,11,0.0358,0.0097
108,2025-07-10 5:00,27.53,63.58,2.88,50.68,0,吝备,12,9,0.0312,0.0134
108,2025-07-10 6:00,27.39,62.96,2.96,61.18,0,吝备,14,11,0.0314,0.0146
108,2025-07-10 7:00,28.52,59.71,2.7,62.95,0,吝备,13,9,0.034,0.016
108,2025-07-10 8:00,30.21,52.43,2.67,64.87,0,吝备,22,9,0.036,0.017
108,2025-07-10 9:00,31.62,46.5,2.61,62.97,0,吝备,17,6,0.0401,0.0173
108,2025-07-10 10:00,32.7,42.73,3.05,61.06,0,吝备,20,10,0.0493,0.0149
108,2025-07-10 11:00,33.71,40.84,3.09,70.34,0,吝备,19,11,0.0565,0.0133
108,2025-07-10 12:00,34.39,40.87,3.09,60.38,0,吝备,30,15,0.0616,0.0123
108,2025-07-10 13:00,35.04,40.04,2.68,66.95,0,吝备,17,11,0.0629,0.0127
108,2025-07-10 14:00,35.61,38.39,2.58,73.55,0,吝备,16,10,0.0647,0.0119
108,2025-07-10 15:00,36,36.65,3.08,56.26,0,吝备,14,9,0.0602,0.0136
108,2025-07-10 16:00,36.09,35.02,2.7,78.9,0,吝备,16,12,0.0563,0.0133
108,2025-07-10 17:00,35.8,34.17,2.79,68.63,0,吝备,12,8,0.0557,0.0136
108,2025-07-10 18:00,34.88,33.57,3.63,54.11,0,吝备,19,8,0.0487,0.0177
108,2025-07-10 19:00,33.12,34.18,3.78,54.74,0,吝备,24,,0.0455,0.0169
108,2025-07-10 20:00,31.56,36.61,4.04,56.38,0,吝备,18,15,0.0471,0.0126
108,2025-07-10 21:00,30.48,39.66,3.43,57.19,0,吝备,14,9,0.048,0.0115
108,2025-07-10 22:00,29.43,40.33,3.96,57.64,0,吝备,14,9,0.048,0.0112
108,2025-07-10 23:00,28.42,42.94,3.84,58.74,0,吝备,13,7,0.0462,0.0097
108,2025-07-11 0:00,27.53,44.63,4.17,57.39,0,吝备,13,7,0.0484,0.0078
108,2025-07-11 1:00,26.71,47.34,3.89,56.73,0,吝备,12,7,0.0493,0.0082
108,2025-07-11 2:00,26.08,49.02,3.41,65.32,0,吝备,13,12,0.054,0.0056
108,2025-07-11 3:00,25.56,51.14,3.35,61.37,0,吝备,11,9,0.0542,0.0068
108,2025-07-11 4:00,25.04,54.34,3.67,53.22,0,吝备,12,8,0.0536,0.0077
108,2025-07-11 5:00,24.72,56.24,3.46,58.89,0,吝备,12,8,0.0502,0.0103
108,2025-07-11 6:00,24.9,57.19,3.08,60.06,0,吝备,11,9,0.0456,0.0132
108,2025-07-11 7:00,26.18,55.26,4.16,52.31,0,吝备,13,7,0.0417,0.0173
108,2025-07-11 8:00,27.86,50.68,4.32,50.62,0,吝备,15,9,0.0455,0.0154
108,2025-07-11 9:00,29.44,48.15,3.29,60.02,0,吝备,13,4,0.047,0.014
108,2025-07-11 10:00,30.83,45.56,3.06,79.39,0,吝备,13,6,0.0491,0.0126
108,2025-07-11 11:00,31.97,43.93,3.46,77.69,0,吝备,14,8,0.0527,0.012
108,2025-07-11 12:00,33.04,42.49,2.85,69.26,0,吝备,14,13,0.0555,0.0121
108,2025-07-11 13:00,33.88,40.3,2.66,77.96,0,吝备,15,10,0.0603,0.0116
108,2025-07-11 14:00,34.73,38.77,2.66,69.33,0,吝备,14,7,0.0638,0.0125
108,2025-07-11 15:00,35.35,37.2,2.74,72.12,0,吝备,13,8,0.0647,0.012
108,2025-07-11 16:00,35.78,36.26,2.4,69.34,0,吝备,13,8,0.058,0.0162
108,2025-07-11 17:00,35.77,36.38,2.87,57.33,0,吝备,11,8,0.0551,0.0168
108,2025-07-11 18:00,35.01,37.85,2.87,62.39,0,吝备,15,11,0.0466,0.0181
108,2025-07-11 19:00,33.37,40.35,3.09,60.11,0,吝备,18,14,0.0373,0.0199
108,2025-07-11 20:00,31.68,45.26,4,52.14,0,吝备,20,13,0.038,0.0142
108,2025-07-11 21:00,30.39,48.46,3.49,60.46,0,吝备,13,9,0.0363,0.0124
108,2025-07-11 22:00,29.33,50.55,3.25,68.11,0,吝备,14,9,0.0373,0.0091
108,2025-07-11 23:00,28.35,52.05,3.04,56.13,0,吝备,11,5,0.0338,0.01
108,2025-07-12 0:00,27.61,53.28,3.01,52.58,0,吝备,10,6,0.0328,0.0095
108,2025-07-12 1:00,26.86,54.2,3,55.74,0,吝备,12,7,0.0332,0.0093
108,2025-07-12 2:00,26.25,54.6,3.28,50.32,0,吝备,12,6,0.0357,0.0069
108,2025-07-12 3:00,25.68,54.73,2.71,59.86,0,吝备,10,6,0.0377,0.0057
108,2025-07-12 4:00,25.09,55.81,2.35,66.67,0,吝备,9,6,0.0373,0.0067
108,2025-07-12 5:00,24.63,56.37,2.04,68.14,0,吝备,11,6,0.0337,0.0105
108,2025-07-12 6:00,24.71,56.57,2.46,70.34,0,吝备,12,6,0.0305,0.0145
108,2025-07-12 7:00,26.1,53.19,2.58,69.51,0,吝备,15,6,0.0321,0.0139
108,2025-07-12 8:00,28.24,47.7,2.69,58.62,0,吝备,22,7,0.0368,0.0117
108,2025-07-12 9:00,29.81,43.54,2.84,67.21,0,吝备,12,2,0.0394,0.0116
108,2025-07-12 10:00,31.4,38.89,2.48,72,0,吝备,14,6,0.0473,0.0097
108,2025-07-12 11:00,32.75,35.48,2.58,69.56,0,吝备,12,4,0.0554,0.01
108,2025-07-12 12:00,33.89,33.27,2.13,109.43,0,吝备,16,5,0.0638,0.0098
108,2025-07-12 13:00,34.86,31.37,1.92,110.03,0,吝备,14,7,0.0684,0.0117
108,2025-07-12 14:00,35.64,30.47,2.04,91.96,0,吝备,15,7,0.0719,0.0147
108,2025-07-12 15:00,36.08,29.15,2.15,152.29,0,吝备,11,7,0.0718,0.022
108,2025-07-12 16:00,36.24,29.18,2.54,151.58,0,吝备,16,7,0.0759,0.0236
108,2025-07-12 17:00,35.64,30.7,2.54,208.74,0,吝备,13,9,0.0817,0.0181
108,2025-07-12 18:00,33.84,42.66,2.9,262.05,0,吝备,22,11,0.0935,0.0119
108,2025-07-12 19:00,32.04,49.23,2.16,255.72,0,吝备,23,15,0.0686,0.0116
108,2025-07-12 20:00,30.95,52.71,1.4,229.37,0,吝备,,11,0.0567,0.0127
108,2025-07-12 21:00,30.19,55.1,1.33,260.55,0,吝备,17,10,0.0496,0.0139
108,2025-07-12 22:00,29.25,58.51,1.87,245.31,0,吝备,18,11,0.0448,0.0164
108,2025-07-12 23:00,28.5,61.73,1.25,190.58,0,吝备,19,14,0.0429,0.0167
108,2025-07-13 0:00,27.97,64.41,1.28,207.46,0,吝备,19,16,0.042,0.0146
108,2025-07-13 1:00,27.52,66.84,1.11,273.43,0,吝备,22,14,0.0415,0.0124
108,2025-07-13 2:00,27.17,68.34,0.68,9.31,0,吝备,21,15,0.0338,0.0175
108,2025-07-13 3:00,26.92,67.97,0.72,13.98,0,吝备,19,13,0.0322,0.0137
108,2025-07-13 4:00,26.36,67.72,1.28,37.5,0,吝备,19,16,0.0229,0.0192
108,2025-07-13 5:00,25.83,68.71,1.57,32.99,0,吝备,17,12,0.0182,0.0231
108,2025-07-13 6:00,25.92,67.66,1.02,40.04,0,吝备,15,13,0.0263,0.0174
108,2025-07-13 7:00,26.96,65.96,1.14,50.96,0,吝备,17,13,0.0329,0.0218
108,2025-07-13 8:00,28.57,62.26,1.26,281.28,0,吝备,25,21,0.047,0.022
108,2025-07-13 9:00,29.58,59.84,1.3,240.98,0,吝备,25,19,0.0624,0.0186
108,2025-07-13 10:00,30.6,57.39,2.03,255.47,0,吝备,30,24,0.0816,0.0159
108,2025-07-13 11:00,30.63,57.41,2.36,273.21,0,吝备,33,26,0.0917,0.0113
108,2025-07-13 12:00,30.85,56.99,2.19,259.8,0,吝备,30,26,0.1019,0.011
108,2025-07-13 13:00,29.6,64.45,2.9,278.88,0,吝备,39,30,0.0895,0.0137
108,2025-07-13 14:00,28.15,69.83,1.52,258.27,0,吝备,35,30,0.0725,0.0133
108,2025-07-13 15:00,28.18,68.72,1.67,274.8,0,吝备,23,19,0.0669,0.0132
108,2025-07-13 16:00,28.39,65.74,1.84,247.43,0,吝备,25,18,0.0651,0.0136
108,2025-07-13 17:00,28.25,67.17,1.24,287.32,0,吝备,27,20,0.0586,0.0235
108,2025-07-13 18:00,28.14,69.66,1.32,245.47,0,吝备,31,23,0.0555,0.0245
108,2025-07-13 19:00,27.96,68.29,1.36,219.82,0,吝备,28,24,0.0473,0.0272
108,2025-07-13 20:00,27.36,67.83,2.21,219.84,0,吝备,31,24,0.0534,0.0195
108,2025-07-13 21:00,26.69,68.36,1.77,247.2,0,吝备,29,25,0.0551,0.0134
108,2025-07-13 22:00,26.2,64.79,1.6,256.66,0,吝备,23,18,0.0602,0.0116
108,2025-07-13 23:00,25.76,67.88,1.8,269.45,0,吝备,23,18,0.0501,0.0163
108,2025-07-14 0:00,25.44,65.48,1.51,277.89,0,吝备,27,24,0.0484,0.0182
108,2025-07-14 1:00,25.2,65.22,1.47,280.18,0,吝备,26,19,0.0539,0.0159
108,2025-07-14 2:00,24.87,66.26,1.35,293.75,0,吝备,33,23,0.0514,0.016
108,2025-07-14 3:00,24.54,68.35,1.27,285.18,0,吝备,28,23,0.0453,0.0177
108,2025-07-14 4:00,24.12,71.69,1.59,268.87,0,吝备,30,25,0.0443,0.017
108,2025-07-14 5:00,23.77,73.5,1.12,276.14,0,吝备,33,27,0.0462,0.0162
108,2025-07-14 6:00,23.73,75.26,1.25,334.82,0,吝备,30,24,0.0366,0.0171
108,2025-07-14 7:00,24.51,76.15,1.16,334.44,0,吝备,25,20,0.0356,0.0166
108,2025-07-14 8:00,25.3,75.21,1.93,32.52,0,吝备,29,20,0.0332,0.0204
108,2025-07-14 9:00,26.08,72.57,2.28,51.15,0,吝备,27,21,0.0378,0.0189
108,2025-07-14 10:00,26.92,66.06,2.07,28.77,0,吝备,24,18,0.0527,0.0105
108,2025-07-14 11:00,27.97,61.24,2.21,31.52,0,吝备,17,13,0.0585,0.0083
108,2025-07-14 12:00,26.83,71.44,3.16,30.7,0.08,吝备,21,12,0.0513,0.0099
108,2025-07-14 13:00,25.67,71.83,2.65,15.82,0.3,吝备,11,7,0.0502,0.0074
108,2025-07-14 14:00,25.33,72.84,2.76,323.06,0.3,吝备,6,3,0.0466,0.0083
108,2025-07-14 15:00,23.84,83.68,2.95,322.36,1.48,吝备,14,7,0.0422,0.0073
108,2025-07-14 16:00,23.28,87.78,2.15,318.48,3.08,吝备,12,4,0.0395,0.0072
108,2025-07-14 17:00,23.08,86.01,1,286.07,4.1,吝备,3,1,0.0413,0.0093
108,2025-07-14 18:00,23.07,86.93,0.99,271.34,4.7,吝备,3,1,0.0405,0.0093
108,2025-07-14 19:00,22.89,90.07,1.8,287.8,6.02,吝备,8,4,0.0303,0.0124
108,2025-07-14 20:00,22.57,91.79,2.66,299.64,7.17,吝备,7,1,0.0303,0.0097
108,2025-07-14 21:00,22.32,92.76,2.3,306.85,9.18,吝备,6,3,0.0337,0.0072
108,2025-07-14 22:00,21.95,93.77,2.56,296.05,12.38,吝备,6,3,0.0333,0.0066
108,2025-07-14 23:00,21.78,93.18,2.95,303.56,13.53,吝备,4,2,0.0342,0.0064
108,2025-07-15 0:00,21.65,93.12,2.1,294.95,0.47,吝备,6,3,0.0361,0.0062
108,2025-07-15 1:00,21.6,94.23,2.66,300.66,1.4,吝备,8,4,0.0361,0.0053
108,2025-07-15 2:00,21.57,94.87,3.12,306.34,2.27,吝备,6,3,0.0342,0.0051
108,2025-07-15 3:00,21.62,93.66,2.9,295.18,2.4,吝备,5,3,0.0347,0.0052
108,2025-07-15 4:00,21.51,93.07,2.72,290.3,2.4,吝备,5,4,0.0372,0.005
108,2025-07-15 5:00,21.56,93,3.51,306.84,2.4,吝备,6,3,0.0345,0.0057
108,2025-07-15 6:00,21.57,93.22,3.32,307.6,2.53,吝备,7,2,0.0325,0.0077
108,2025-07-15 7:00,21.77,92.55,2.41,303.48,2.85,吝备,6,4,0.0302,0.0094
108,2025-07-15 8:00,22.21,90.75,2.16,273.63,3,吝备,5,2,0.0296,0.0115
108,2025-07-15 9:00,22.64,88.79,2.61,271.66,3,吝备,7,3,0.0262,0.0139
108,2025-07-15 10:00,22.92,87,1.82,352.66,3,吝备,,,,
108,2025-07-15 11:00,23.47,83.84,1.7,339.72,3,吝备,,,,
108,2025-07-15 12:00,24.07,83.49,2.01,301.68,3.17,吝备,,,,
108,2025-07-15 13:00,24.27,84.72,1.77,272.58,3.63,吝备,,,,
108,2025-07-15 14:00,25.03,80.67,2.18,252.98,3.8,吝备,,,,
108,2025-07-15 15:00,25.67,75.38,2.4,248.78,3.8,吝备,,,,
108,2025-07-15 16:00,25.45,76.77,1.87,275.19,3.8,吝备,,,0.0464,0.0105
108,2025-07-15 17:00,25.02,82.07,1.91,309.32,3.93,吝备,11,9,0.0407,0.011
108,2025-07-15 18:00,25.03,78.34,2.38,266.99,4,吝备,10,8,0.035,0.0154
108,2025-07-15 19:00,24.74,73.38,2.46,251.93,4,吝备,8,4,0.0365,0.0132
108,2025-07-15 20:00,24.25,73.64,1.77,252.73,4,吝备,10,4,0.0329,0.0148
108,2025-07-15 21:00,24.2,75.58,1.74,221.21,4,吝备,11,6,0.0276,0.0179
108,2025-07-15 22:00,24.17,77.8,2.23,174.45,4,吝备,14,10,0.0279,0.0163
108,2025-07-15 23:00,24.1,79.28,2.12,170.66,4,吝备,13,7,0.0257,0.0169
108,2025-07-16 0:00,24.1,81.23,1.6,144.14,0.07,吝备,18,12,0.0249,0.015
108,2025-07-16 1:00,24.08,83.27,2.16,174.5,0,吝备,19,11,0.0252,0.0132
108,2025-07-16 2:00,24.14,84.36,2.19,190.33,0,吝备,24,16,0.0365,0.0107
108,2025-07-16 3:00,24.21,86.24,2.83,192.26,0,吝备,24,15,0.0444,0.009
108,2025-07-16 4:00,24.22,86.83,1.56,180.37,0,吝备,28,18,0.044,0.0097
108,2025-07-16 5:00,24.14,86.33,1.19,120.15,0,吝备,26,17,0.039,0.0137
108,2025-07-16 6:00,24.15,86.84,1.34,110.85,0,吝备,28,21,0.0406,0.0169
108,2025-07-16 7:00,24.36,87.76,1.29,111.55,0.42,吝备,29,19,0.0331,0.0243
108,2025-07-16 8:00,24.68,87.55,2.07,127.92,1,吝备,31,18,0.0431,0.0229
108,2025-07-16 9:00,24.51,84.84,2.19,161.15,1,吝备,32,21,0.0441,0.0223
108,2025-07-16 10:00,24.2,80.34,2.69,157.62,1,吝备,33,20,0.0492,0.0176
108,2025-07-16 11:00,23.07,85.06,1.33,86.03,1.75,吝备,22,15,0.049,0.019
108,2025-07-16 12:00,23.39,81.35,2.15,112.17,1.8,吝备,23,15,0.0489,0.0211
108,2025-07-16 13:00,23.58,77.77,2.58,118.35,1.8,吝备,22,15,0.0551,0.0181
108,2025-07-16 14:00,23.31,85.32,2.83,106.22,2.22,吝备,27,19,0.0462,0.0213
108,2025-07-16 15:00,22.84,90.96,2.92,109.17,4,吝备,24,17,0.0401,0.023
108,2025-07-16 16:00,22.64,93.63,2.35,99.62,8.1,吝备,20,14,0.0406,0.021
108,2025-07-16 17:00,22.72,94.35,2.22,92.75,11.13,吝备,15,11,0.0355,0.0246
108,2025-07-16 18:00,22.56,95.58,2.12,85.06,15.28,吝备,17,9,0.0385,0.0222
108,2025-07-16 19:00,22.37,96.89,2.42,81.73,32.32,吝备,17,14,0.0396,0.0235
108,2025-07-16 20:00,22.33,97.56,2.22,56.68,49.3,吝备,12,12,0.0384,0.0192
108,2025-07-16 21:00,22.28,96.97,1.95,65.85,70.54,吝备,6,4,0.042,0.0161
108,2025-07-16 22:00,22.36,96.51,2.07,53.18,72.1,吝备,6,5,0.0355,0.0186
108,2025-07-16 23:00,22.43,96.16,1.93,59.05,72.24,吝备,9,6,0.0346,0.0184
108,2025-07-17 0:00,22.54,96.86,1.88,55.45,2.14,吝备,15,11,0.0368,0.0154
108,2025-07-17 1:00,22.7,96.63,1.66,65.77,1.8,吝备,15,11,0.0415,0.011
108,2025-07-17 2:00,22.87,95.78,1.85,83.89,1.95,吝备,17,11,0.0433,0.0089
108,2025-07-17 3:00,22.82,94.55,1.86,82.7,2.39,吝备,16,12,0.0508,0.0071
108,2025-07-17 4:00,22.68,96,1.72,53.99,7.04,吝备,12,10,0.0468,0.0107
108,2025-07-17 5:00,22.68,96.69,2.27,57.42,10.52,吝备,10,7,0.045,0.0134
108,2025-07-17 6:00,22.71,97.72,2.44,74.52,24.91,吝备,8,6,0.0375,0.0183
108,2025-07-17 7:00,22.64,97.55,2.52,91.55,46.29,吝备,5,4,0.0443,0.0202
108,2025-07-17 8:00,22.43,97.42,2.92,68.6,51.46,吝备,8,3,0.0496,0.0241
108,2025-07-17 9:00,22.14,97.26,3.04,82.56,62.96,吝备,7,3,0.0616,0.0192
108,2025-07-17 10:00,22.31,96.02,2.29,65.46,66.57,吝备,5,4,0.0543,0.0231
108,2025-07-17 11:00,23.52,92.84,2.96,91.41,66.6,吝备,5,1,0.0575,0.0176
108,2025-07-17 12:00,24.15,87.98,2.91,110.55,66.6,吝备,13,6,0.0616,0.0174
108,2025-07-17 13:00,23.86,87.06,2.72,110.14,66.6,吝备,9,6,0.0615,0.0173
108,2025-07-17 14:00,23.83,89.55,2.21,81.67,66.69,吝备,9,3,0.0579,0.0194
108,2025-07-17 15:00,24.21,88.17,2.2,76.69,66.7,吝备,6,3,0.0546,0.0217
108,2025-07-17 16:00,24.18,88.98,1.77,67.93,66.89,吝备,10,6,0.0523,0.0224
108,2025-07-17 17:00,23.89,93.05,2.13,59.57,69.09,吝备,11,6,0.0438,0.0252
108,2025-07-17 18:00,23.7,93.7,1.7,51.84,70.21,吝备,13,11,0.0426,0.0234
108,2025-07-17 19:00,23.55,93.82,1.87,60.71,70.9,吝备,18,14,0.0388,0.0246
108,2025-07-17 20:00,23.44,94.32,1.61,62.76,71.58,吝备,17,9,0.0471,0.0161
108,2025-07-17 21:00,23.26,95.47,1.5,56.93,72.84,吝备,10,6,0.0413,0.0199
108,2025-07-17 22:00,23.2,95.94,1.13,50.36,74.93,吝备,12,8,0.0367,0.022
108,2025-07-17 23:00,23.36,94.48,1.97,141.13,75.5,吝备,8,4,0.0464,0.0136
108,2025-07-18 0:00,23.46,93.2,1.82,148.66,1.26,吝备,6,3,0.0528,0.0087
108,2025-07-18 1:00,23.5,91.78,1.48,153.17,0,吝备,4,1,0.0559,0.0085
108,2025-07-18 2:00,23.4,91.06,1.5,147.69,0,吝备,4,2,0.0584,0.0088
108,2025-07-18 3:00,23.39,90.62,0.95,100.76,0,吝备,4,1,0.0562,0.0085
108,2025-07-18 4:00,23.3,92.74,1.03,41.8,0.17,吝备,7,6,0.0457,0.013
108,2025-07-18 5:00,23.14,94.63,0.91,67.51,2.58,吝备,9,4,0.0448,0.0168
108,2025-07-18 6:00,23.1,94.59,1.54,35.07,2.8,吝备,9,5,0.0387,0.0249
108,2025-07-18 7:00,23.22,94.21,1.13,48.1,2.8,吝备,9,3,0.0311,0.0313
108,2025-07-18 8:00,23.24,94.89,1.93,121.65,5.65,吝备,14,6,0.0376,0.0291
108,2025-07-18 9:00,23.01,95.75,1.54,106.58,12.98,吝备,11,7,0.0412,0.0279
108,2025-07-18 10:00,23.45,95.57,1.21,86.44,15.33,吝备,9,6,0.0368,0.0288
108,2025-07-18 11:00,24.11,94.28,1.51,48.43,15.7,吝备,11,6,0.0487,0.0242
108,2025-07-18 12:00,24.47,93.64,2.3,47.48,15.92,吝备,16,10,0.045,0.0269
108,2025-07-18 13:00,25.02,91.7,2.6,43.51,16.1,吝备,14,9,0.0493,0.024
108,2025-07-18 14:00,25.82,88.31,2.4,47.68,16.1,吝备,15,6,0.0527,0.0241
108,2025-07-18 15:00,26.54,85.45,2.22,55.12,16.1,吝备,15,8,0.0535,0.0236
108,2025-07-18 16:00,26.92,81.76,1.66,59.72,16.1,吝备,20,13,0.0585,0.0219
108,2025-07-18 17:00,26.96,81.75,1.94,45.69,16.1,吝备,19,11,0.0524,0.0217
108,2025-07-18 18:00,27.04,80.86,1.7,37.69,16.1,吝备,19,11,0.0465,0.022
108,2025-07-18 19:00,26.54,83.58,1.78,39.41,16.1,吝备,22,16,0.036,0.0267
108,2025-07-18 20:00,25.98,85.79,2.15,47.68,16.1,吝备,23,16,0.0317,0.0211
108,2025-07-18 21:00,25.64,86.52,2.39,51.2,16.1,吝备,18,11,0.0303,0.0194
108,2025-07-18 22:00,25.47,86.6,2.15,50.22,16.1,吝备,18,9,0.0277,0.0188
108,2025-07-18 23:00,25.32,87.11,2.1,58.84,16.1,吝备,17,10,0.0251,0.0192
108,2025-07-19 0:00,25.17,89.95,1.58,43.69,0.76,吝备,18,12,0.0236,0.0176
108,2025-07-19 1:00,24.93,94.06,1.58,314.04,5.44,吝备,18,11,0.0239,0.0154
108,2025-07-19 2:00,23.58,91.46,2.35,174.37,21.74,吝备,14,9,0.0475,0.0095
108,2025-07-19 3:00,22.18,93.89,1.51,115.43,45.42,吝备,6,4,0.066,0.0076
108,2025-07-19 4:00,21.92,95.81,1.95,57.81,58.87,吝备,3,1,0.063,0.0077
108,2025-07-19 5:00,21.91,97.29,1.82,63.41,64,吝备,3,1,0.0555,0.0133
108,2025-07-19 6:00,22.05,97.15,2.95,52.21,65.7,吝备,4,1,0.0457,0.0188
108,2025-07-19 7:00,22.02,96.85,3.29,52.85,65.88,吝备,6,2,0.0526,0.0143
108,2025-07-19 8:00,22.06,97.47,2.97,56.6,66.43,吝备,5,1,0.049,0.0183
108,2025-07-19 9:00,22.35,97.3,2.89,55.45,66.67,吝备,5,1,0.046,0.0171
108,2025-07-19 10:00,22.65,97.07,2.48,55.4,66.87,吝备,4,2,0.0392,0.0202
108,2025-07-19 11:00,23.03,97.91,1.7,65.91,67.7,吝备,7,3,0.033,0.0222
108,2025-07-19 12:00,23.38,97.37,1.89,54.94,68.1,吝备,7,1,0.029,0.0229
108,2025-07-19 13:00,23.96,96.52,1.72,50.71,68.1,吝备,6,4,0.0217,0.0265
108,2025-07-19 14:00,24.43,95.77,1.59,48.62,68.1,吝备,12,7,0.0152,0.0325
108,2025-07-19 15:00,25.09,95.2,1.58,46.08,68.1,吝备,11,6,0.0156,0.0288
108,2025-07-19 16:00,25.47,94.51,1.32,35.51,68.36,吝备,12,6,0.0138,0.0296
108,2025-07-19 17:00,25.66,92.01,2.74,208.69,68.71,吝备,12,7,0.0216,0.0197
108,2025-07-19 18:00,25.57,92.51,1.47,209.63,69.1,吝备,15,10,0.0226,0.0162
108,2025-07-19 19:00,25.49,92.79,1.8,231.15,69.1,吝备,15,7,0.0209,0.0153
108,2025-07-19 20:00,25.28,94.55,1.69,214.19,69.42,吝备,19,8,0.0191,0.015
108,2025-07-19 21:00,25.14,94.76,1.09,206.51,69.62,吝备,12,6,0.0164,0.016
108,2025-07-19 22:00,25.18,95.62,1.34,202.29,70.12,吝备,14,3,0.0136,0.0183
108,2025-07-19 23:00,25.22,97.86,1.82,214.02,80.48,吝备,12,7,0.0122,0.0166
108,2025-07-20 0:00,25.45,98.19,2.96,203.74,3.24,吝备,12,8,0.0165,0.0067
108,2025-07-20 1:00,25.5,97.88,4.26,195.29,8.05,吝备,10,3,0.0165,0.0049
108,2025-07-20 2:00,25.56,97.28,4.32,191.15,8.79,吝备,17,4,0.0166,0.0052
108,2025-07-20 3:00,25.4,97.26,4.24,194.4,10.2,吝备,20,5,0.0158,0.0048
108,2025-07-20 4:00,25.27,96.92,3.38,196.1,11.03,吝备,14,7,0.0157,0.0051
108,2025-07-20 5:00,25.09,97.35,2.76,200.01,13.93,吝备,14,5,0.0131,0.0076
108,2025-07-20 6:00,25.04,95.4,2.84,197.84,14.8,吝备,12,7,0.011,0.0101
108,2025-07-20 7:00,25.13,94.33,1.8,197.17,14.8,吝备,18,6,0.0113,0.01
108,2025-07-20 8:00,25.61,93.45,1.93,174.14,14.8,吝备,18,6,0.011,0.009
108,2025-07-20 9:00,26.18,90.32,2.35,189.38,14.8,吝备,23,8,0.014,0.0089
108,2025-07-20 10:00,27.12,87.06,2.73,193.31,14.8,吝备,25,9,0.0174,0.008
108,2025-07-20 11:00,28.29,80.38,3.6,190.8,14.8,吝备,19,11,0.0228,0.0073
108,2025-07-20 12:00,28.75,78.05,2.91,190.56,14.8,吝备,23,12,0.0251,0.0075
108,2025-07-20 13:00,29.02,75.96,2.98,182.32,14.8,吝备,22,12,0.0256,0.0081
108,2025-07-20 14:00,29.62,72.27,2.87,189.11,14.8,吝备,17,9,0.0264,0.0078
108,2025-07-20 15:00,30.43,68.23,3.14,188.38,14.8,吝备,15,8,0.025,0.0072
108,2025-07-20 16:00,30.93,66.23,3.48,201.47,14.8,吝备,11,5,0.0255,0.0082
108,2025-07-20 17:00,31.12,64.04,3.53,234.09,14.8,吝备,14,9,0.0285,0.0072
108,2025-07-20 18:00,30.77,64.51,2.01,254,14.8,吝备,16,7,0.0305,0.0069
108,2025-07-20 19:00,29.79,68.11,2.54,274.64,14.8,吝备,16,9,0.0255,0.0103
108,2025-07-20 20:00,28.57,74.2,2.42,271.16,14.8,吝备,25,13,0.0197,0.0121
108,2025-07-20 21:00,27.89,78.28,1.89,269.99,14.8,吝备,24,15,0.0199,0.0119
108,2025-07-20 22:00,27.58,78.95,1.78,257.44,14.8,吝备,23,13,0.0185,0.0105
108,2025-07-20 23:00,27.41,79.8,0.79,237.2,14.8,吝备,22,12,0.0115,0.0179
108,2025-07-21 0:00,27.05,81.77,0.52,197.33,0.25,吝备,20,13,0.0157,0.0117
108,2025-07-21 1:00,26.69,84.15,0.44,355.63,0,吝备,22,12,0.0104,0.0162
108,2025-07-21 2:00,26.28,85.36,0.84,28.32,0,吝备,25,14,0.0101,0.0144
108,2025-07-21 3:00,25.94,86.66,0.83,27.7,0,吝备,24,15,0.0089,0.0155
108,2025-07-21 4:00,25.67,88.15,1.03,354.7,0,吝备,25,12,0.0082,0.0153
108,2025-07-21 5:00,25.81,88.68,0.55,26.14,0,吝备,24,13,0.0078,0.0165
108,2025-07-21 6:00,25.97,88.96,0.96,0.34,0,吝备,25,15,0.0079,0.0154
108,2025-07-21 7:00,26.28,86.24,1.2,178.69,0,吝备,24,15,0.0097,0.0161
108,2025-07-21 8:00,26.81,83.9,2.02,208.02,0,吝备,25,14,0.0091,0.0164
108,2025-07-21 9:00,27.48,81.64,2.68,210.47,0,吝备,20,11,0.0119,0.0147
108,2025-07-21 10:00,28.63,78.59,3.28,208.15,0,吝备,19,14,0.0159,0.0152
108,2025-07-21 11:00,30.07,72.14,3.92,194.21,0,吝备,18,11,0.0217,0.0146
108,2025-07-21 12:00,30.53,70.06,3.08,239.94,0,吝备,11,9,0.0217,0.0171
108,2025-07-21 13:00,30.82,68.17,3.41,245.57,0,吝备,17,9,0.0256,0.014
108,2025-07-21 14:00,31.23,66.74,3.84,246.37,0,吝备,21,11,0.0283,0.0099
108,2025-07-21 15:00,31.4,65.42,3.43,236.26,0,吝备,14,7,0.0259,0.0104
108,2025-07-21 16:00,31.34,65.73,3.34,235.06,0,吝备,10,5,0.0219,0.0129
108,2025-07-21 17:00,31.09,65.55,3.51,247.86,0,吝备,13,7,0.0182,0.0141
108,2025-07-21 18:00,30.25,67.51,3.26,243.64,0,吝备,12,8,0.0195,0.0095
108,2025-07-21 19:00,29.27,72.54,3.12,256.79,0,吝备,13,7,0.0175,0.012
108,2025-07-21 20:00,28.43,77.59,2.63,266.22,0,吝备,16,7,0.0137,0.0127
108,2025-07-21 21:00,28.05,79.58,2.65,239.43,0,吝备,13,4,0.0139,0.0111
108,2025-07-21 22:00,27.73,81.21,2.79,235.02,0,吝备,13,5,0.0137,0.01
108,2025-07-21 23:00,27.53,82.65,2.34,220.03,0,吝备,16,5,0.0147,0.009
108,2025-07-22 0:00,27.32,84.12,2.36,209.74,0,吝备,20,7,0.0139,0.0092
108,2025-07-22 1:00,27.12,85.27,2.37,207.5,0,吝备,18,8,0.0117,0.0096
108,2025-07-22 2:00,26.98,85.96,2.14,217.49,0,吝备,23,10,0.0133,0.0083
108,2025-07-22 3:00,26.9,86.26,2.23,211.59,0,吝备,18,8,0.0127,0.0085
108,2025-07-22 4:00,26.78,86.77,2.69,202.65,0,吝备,20,8,0.012,0.0086
108,2025-07-22 5:00,26.68,86.83,2.33,214.58,0,吝备,18,9,0.0121,0.0093
108,2025-07-22 6:00,26.73,86.46,2.86,220.18,0,吝备,19,9,0.0109,0.0104
108,2025-07-22 7:00,27.02,84.67,2.42,218.75,0,吝备,18,8,0.0123,0.0115
108,2025-07-22 8:00,27.8,80.17,3.02,213.21,0,吝备,18,9,0.0131,0.0117
108,2025-07-22 9:00,28.81,76.74,2.51,226.82,0,吝备,14,5,0.0168,0.0098
108,2025-07-22 10:00,29.45,73.35,2.93,266.44,0,吝备,16,5,0.0237,0.01
108,2025-07-22 11:00,30.11,69.09,3.03,258.39,0,吝备,20,11,0.0372,0.009
108,2025-07-22 12:00,30.68,67.25,3.35,273.67,0,吝备,17,10,0.0534,0.0095
108,2025-07-22 13:00,31.65,63.74,3.85,272.25,0,吝备,17,10,0.0567,0.0084
108,2025-07-22 14:00,31.98,60.92,4.28,263.25,0,吝备,19,13,0.0389,0.0086
108,2025-07-22 15:00,31.85,62.34,3.52,258.02,0,吝备,18,9,0.0324,0.0081
108,2025-07-22 16:00,30.98,67.07,3.08,275.12,0,吝备,21,11,0.0351,0.0088
108,2025-07-22 17:00,30.6,68.71,3.31,272.07,0.09,吝备,21,12,0.0299,0.0077
108,2025-07-22 18:00,30.46,66.67,2.98,272.16,0.1,吝备,7,4,0.0231,0.0071
108,2025-07-22 19:00,29.41,71.36,2.76,266.52,0.1,吝备,15,8,0.0214,0.0076
108,2025-07-22 20:00,28.5,75.91,2.14,274.56,0.1,吝备,18,10,0.0202,0.008
108,2025-07-22 21:00,27.88,80.22,1.54,306.62,0.1,吝备,18,8,0.0189,0.0079
108,2025-07-22 22:00,27.44,81.6,1.17,122.12,0.1,吝备,17,7,0.0161,0.0111
108,2025-07-22 23:00,27.33,81.09,1.63,189.43,0.1,吝备,17,7,0.0129,0.0138
108,2025-07-23 0:00,27.12,81.96,0.88,263.41,0,吝备,19,9,0.0088,0.0162
108,2025-07-23 1:00,26.82,83.38,1.62,276.37,0,吝备,17,8,0.0073,0.0164
108,2025-07-23 2:00,26.35,84.28,1.18,301.34,0,吝备,17,9,0.0087,0.0117
108,2025-07-23 3:00,26.13,85.71,1.92,312.75,0,吝备,16,7,0.0126,0.0093
108,2025-07-23 4:00,25.78,86.52,0.45,58.01,0,吝备,15,9,0.011,0.011
108,2025-07-23 5:00,25.6,87.4,1.05,349.46,0,吝备,17,9,0.0111,0.0125
108,2025-07-23 6:00,25.71,86.79,1.06,319.1,0,吝备,13,7,0.0146,0.0077
108,2025-07-23 7:00,26.3,85.82,1.56,23.68,0,吝备,13,6,0.0127,0.0118
108,2025-07-23 8:00,27.54,82.24,1.89,51.42,0,吝备,18,11,0.0112,0.0168
108,2025-07-23 9:00,28.61,75.76,0.95,314.77,0,吝备,19,10,0.0185,0.0156
108,2025-07-23 10:00,29.94,69.94,1.48,227.59,0,吝备,19,11,0.0238,0.0143
108,2025-07-23 11:00,31.37,64.22,2.13,248.37,0,吝备,14,8,0.0359,0.0085
108,2025-07-23 12:00,32.06,58.81,2.19,266.96,0,吝备,14,7,0.0415,0.0053
108,2025-07-23 13:00,32.74,57.02,2.46,269.22,0,吝备,16,9,0.058,0.0081
108,2025-07-23 14:00,32.91,56.73,2.6,277.99,0,吝备,22,14,0.0699,0.0077
108,2025-07-23 15:00,32.24,58.27,2.72,289.18,0,吝备,22,13,0.066,0.007
108,2025-07-23 16:00,31.64,61.71,3.31,296.62,0,吝备,19,13,0.0468,0.007
108,2025-07-23 17:00,31.44,62.57,2.74,290.18,0,吝备,15,8,0.036,0.0065
108,2025-07-23 18:00,31.25,63.69,2.03,291.83,0,吝备,13,6,0.0328,0.0075
108,2025-07-23 19:00,30.38,65.29,2.16,314.23,0,吝备,16,8,0.0292,0.0082
108,2025-07-23 20:00,29.43,65.58,2.81,313.57,0,吝备,14,5,0.0213,0.008
108,2025-07-23 21:00,28.57,68.44,2.03,273.59,0,吝备,9,4,0.0123,0.0088
108,2025-07-23 22:00,27.87,69.12,1.48,282.18,0,吝备,10,8,0.0093,0.0097
108,2025-07-23 23:00,27.36,69.15,1.36,278.16,0,吝备,9,4,0.0089,0.0095
108,2025-07-24 0:00,26.99,70.8,1.09,271.84,0,吝备,8,5,0.0064,0.012
108,2025-07-24 1:00,26.57,73.56,1.36,269.21,0,吝备,10,4,0.0079,0.0109
108,2025-07-24 2:00,26.32,76.73,0.96,290.39,0,吝备,12,7,0.0085,0.0108
108,2025-07-24 3:00,26.21,78.53,0.84,299.13,0,吝备,12,5,0.0076,0.0117
108,2025-07-24 4:00,26.08,80.91,0.8,279.85,0,吝备,12,5,0.0057,0.0129
108,2025-07-24 5:00,25.9,80.76,0.62,317.99,0,吝备,14,7,0.0059,0.013
108,2025-07-24 6:00,25.85,81.4,0.83,345.85,0,吝备,15,6,0.006,0.0125
108,2025-07-24 7:00,26.41,81.43,1.91,32.11,0,吝备,15,6,0.0076,0.014
108,2025-07-24 8:00,28.51,75.32,1.79,38.62,0,吝备,19,9,0.013,0.018
108,2025-07-24 9:00,29.86,65.88,1.86,352.09,0,吝备,17,9,0.0229,0.0159
108,2025-07-24 10:00,30.57,64.41,1.69,288.34,0,吝备,21,13,0.0322,0.0192
108,2025-07-24 11:00,31.88,60.23,2.41,250.29,0,吝备,25,16,0.0569,0.0177
108,2025-07-24 12:00,32.95,57.16,2.41,259.83,0,吝备,29,23,0.0626,0.0185
108,2025-07-24 13:00,33.76,51.68,2.38,254.3,0,吝备,25,17,0.0805,0.0102
108,2025-07-24 14:00,33.23,52.41,2.51,290.62,0,吝备,31,24,0.096,0.0096
108,2025-07-24 15:00,33.34,55.5,2.55,292.91,0,吝备,34,25,0.1066,0.01
108,2025-07-24 16:00,33.85,56.95,2.76,268.73,0,吝备,38,27,0.0962,0.0088
108,2025-07-24 17:00,33.6,57.36,2.73,268.16,0,吝备,34,26,0.083,0.0094
108,2025-07-24 18:00,32.68,60.7,2.8,283.01,0,吝备,34,24,0.0661,0.0094
108,2025-07-24 19:00,31.31,64.46,2.98,315.35,0,吝备,31,22,0.0553,0.0078
108,2025-07-24 20:00,30.33,66.88,2.52,301.2,0,吝备,28,20,0.0496,0.006
108,2025-07-24 21:00,29.76,68.41,2.43,288.42,0,吝备,25,20,0.0442,0.008
108,2025-07-24 22:00,29.24,69.69,1.48,285.39,0,吝备,26,18,0.0391,0.0105
108,2025-07-24 23:00,28.63,73.05,1.36,288.6,0,吝备,26,20,0.0327,0.0144
108,2025-07-25 0:00,28.08,75.33,0.74,309.34,0,吝备,27,21,0.0282,0.0177
108,2025-07-25 1:00,27.58,76.55,0.94,14.79,0,吝备,30,24,0.033,0.0121
108,2025-07-25 2:00,27.11,77.59,1.12,38.48,0,吝备,28,25,0.0308,0.0112
108,2025-07-25 3:00,26.63,78.89,1.27,32,0,吝备,28,21,0.0288,0.0114
108,2025-07-25 4:00,26.21,80.68,1.64,29.49,0,吝备,28,21,0.0201,0.0162
108,2025-07-25 5:00,25.77,82.63,1.81,31.36,0,吝备,25,20,0.0143,0.0199
108,2025-07-25 6:00,25.85,84.09,1.75,41.47,0,吝备,28,20,0.0134,0.0222
108,2025-07-25 7:00,27.27,80.58,1.65,54.23,0,吝备,29,20,0.0251,0.0227
108,2025-07-25 8:00,29.35,73.15,2.1,59.82,0,吝备,29,22,0.0475,0.0187
108,2025-07-25 9:00,30.93,68.12,2.14,51.83,0,吝备,28,21,0.0649,0.0202
108,2025-07-25 10:00,32.39,61.32,1.54,48.92,0,吝备,36,27,0.0873,0.0203
108,2025-07-25 11:00,33.37,57.95,1.72,226.93,0,吝备,38,29,0.1082,0.0154
108,2025-07-25 12:00,34.35,53.76,1.88,295.4,0,吝备,41,33,0.1183,0.0103
108,2025-07-25 13:00,34.71,53.32,2.53,270.54,0,吝备,35,28,0.1139,0.0099
108,2025-07-25 14:00,35.61,52.46,2.35,274.73,0,吝备,36,26,0.1126,0.0083
108,2025-07-25 15:00,36.06,51.1,2.76,260.43,0,吝备,33,28,0.1158,0.0108
108,2025-07-25 16:00,35.73,51.27,2.86,298.9,0,吝备,39,36,0.1085,0.0092
108,2025-07-25 17:00,35.23,51.74,3.15,309.57,0,吝备,33,28,0.0909,0.008
108,2025-07-25 18:00,34.26,51.7,2.93,307.41,0,吝备,30,23,0.0733,0.0077
108,2025-07-25 19:00,32.95,54.95,3.08,299.13,0,吝备,26,21,0.0582,0.0089
108,2025-07-25 20:00,32.02,59.92,1.95,292.67,0,吝备,26,22,0.0522,0.0081
108,2025-07-25 21:00,31.29,63.2,1.33,288.86,0,吝备,25,20,0.0437,0.0125
108,2025-07-25 22:00,30.61,67.26,1.34,298.28,0,吝备,29,23,0.0335,0.0175
108,2025-07-25 23:00,30.04,68.21,1.11,350.88,0,吝备,31,21,0.0258,0.0238
108,2025-07-26 0:00,29.45,68.01,1.4,28.51,0,吝备,30,21,0.0252,0.0229
108,2025-07-26 1:00,28.9,70.16,1.4,41.97,0,吝备,27,21,0.0169,0.0287
108,2025-07-26 2:00,28.52,72.16,1.55,37.52,0,吝备,31,26,0.0157,0.026
108,2025-07-26 3:00,28.18,73.36,1.9,44.28,0,吝备,29,22,0.0213,0.0196
108,2025-07-26 4:00,27.97,74.68,2.05,46.37,0,吝备,28,24,0.025,0.017
108,2025-07-26 5:00,27.76,75.08,2.03,46.9,0,吝备,27,21,0.0233,0.0173
108,2025-07-26 6:00,27.83,75.87,1.67,49.65,0,吝备,24,16,0.0296,0.0146
108,2025-07-26 7:00,28.98,73.79,1.91,57.58,0,吝备,21,16,0.0343,0.0147
108,2025-07-26 8:00,30.13,68.49,2,102.96,0,吝备,20,17,0.0357,0.0161
108,2025-07-26 9:00,32.02,62.08,2.42,133.13,0,吝备,15,10,0.0438,0.0157
108,2025-07-26 10:00,33.34,58.32,1.84,125.59,0,吝备,20,16,0.0603,0.0141
108,2025-07-26 11:00,34.24,55.21,1.93,118.44,0,吝备,22,16,0.0678,0.0118
108,2025-07-26 12:00,35.12,52.6,1.86,54.13,0,吝备,22,16,0.0743,0.0087
108,2025-07-26 13:00,34.98,51.97,1.97,64.58,0,吝备,21,15,0.0736,0.0095
108,2025-07-26 14:00,35.58,49.29,1.72,74.88,0,吝备,20,17,0.0757,0.0089
108,2025-07-26 15:00,35.91,48.09,1.23,88.53,0,吝备,17,14,0.074,0.0104
108,2025-07-26 16:00,36.58,46.26,1.52,307.68,0,吝备,18,14,0.0806,0.0111
108,2025-07-26 17:00,36.96,45.79,2.13,306.64,0,吝备,15,13,0.0854,0.0104
108,2025-07-26 18:00,35.96,48.88,2.37,122.08,0,吝备,26,,0.0615,0.0182
108,2025-07-26 19:00,34.52,52.93,1.93,155.72,0,吝备,18,14,0.055,0.0178
108,2025-07-26 20:00,33.51,57.02,1.41,189.28,0,吝备,21,18,0.049,0.0219
108,2025-07-26 21:00,32.54,61.57,1.09,282.47,0,吝备,26,19,0.0396,0.0238
108,2025-07-26 22:00,31.85,63.87,0.8,288.55,0,吝备,30,19,0.0325,0.0238
108,2025-07-26 23:00,31.28,65.68,0.78,354.83,0,吝备,23,18,0.027,0.0245
108,2025-07-27 0:00,30.79,67.47,1.19,36.4,0,吝备,21,21,0.0251,0.0216
108,2025-07-27 1:00,30.12,69.45,1.32,51.71,0,吝备,22,18,0.0254,0.0173
108,2025-07-27 2:00,29.5,71.91,1.64,43.76,0,吝备,23,20,0.0251,0.0146
108,2025-07-27 3:00,29.11,73.33,1.52,46.75,0,吝备,21,17,0.0285,0.011
108,2025-07-27 4:00,28.77,74.45,1.67,48.19,0,吝备,19,15,0.0264,0.0117
108,2025-07-27 5:00,28.43,75.89,1.6,53.25,0,吝备,20,16,0.0255,0.0118
108,2025-07-27 6:00,28.4,75.94,1.8,53.6,0,吝备,19,14,0.0291,0.0102
108,2025-07-27 7:00,29.37,72.53,1.95,83.13,0,吝备,17,13,0.0331,0.0098
108,2025-07-27 8:00,31.13,64.18,2.36,109.27,0,吝备,11,13,0.0384,0.0095
108,2025-07-27 9:00,32.3,60.07,1.95,105.08,0,吝备,9,6,0.0432,0.0097
108,2025-07-27 10:00,33.35,56.19,2.25,148.97,0,吝备,11,12,0.0495,0.0078
108,2025-07-27 11:00,34.51,52.59,1.86,117.94,0,吝备,13,11,0.0579,0.008
108,2025-07-27 12:00,35.45,48.34,1.83,50.18,0,吝备,16,12,0.0623,0.0084
108,2025-07-27 13:00,36.28,46.01,2.5,157.48,0,吝备,14,10,0.0704,0.0096
108,2025-07-27 14:00,36.91,42.5,2.28,248.75,0,吝备,18,12,0.0619,0.0105
108,2025-07-27 15:00,37.68,41.63,2.02,260.59,0,吝备,11,7,0.0643,0.0115
108,2025-07-27 16:00,36.92,44.62,2.04,288.38,0,吝备,18,12,0.0866,0.0079
108,2025-07-27 17:00,36.74,49.26,2.41,271.8,0,吝备,18,15,0.0926,0.0084
108,2025-07-27 18:00,35.89,53.62,2.87,264.52,0,吝备,24,16,0.0674,0.0083
108,2025-07-27 19:00,34.45,58.74,2.33,279.33,0,吝备,22,17,0.0564,0.0098
108,2025-07-27 20:00,33.23,66.14,2.16,277.63,0,吝备,31,18,0.0502,0.0112
108,2025-07-27 21:00,32.43,69.98,1.2,261.14,0,吝备,29,23,0.0487,0.0112
108,2025-07-27 22:00,31.93,72.79,1.84,298.62,0,吝备,33,25,0.0486,0.0085
108,2025-07-27 23:00,31.44,74.48,2.13,296.65,0,吝备,30,23,0.0552,0.0056
108,2025-07-28 0:00,30.96,75.81,1.89,275.52,0,吝备,31,23,0.0524,0.0066
108,2025-07-28 1:00,30.45,76.9,1.02,273.6,0,吝备,29,23,0.0495,0.0064
108,2025-07-28 2:00,30.04,78.24,1.38,287.34,0,吝备,31,30,0.0463,0.0072
108,2025-07-28 3:00,29.65,79.03,1.1,278.19,0,吝备,34,27,0.0452,0.0069
108,2025-07-28 4:00,29.27,80.1,1.05,281.96,0,吝备,35,27,0.04,0.0091
108,2025-07-28 5:00,29,80.54,0.6,280.98,0,吝备,35,29,0.0333,0.0114
108,2025-07-28 6:00,28.98,81.76,0.72,332.33,0,吝备,34,27,0.0231,0.0177
108,2025-07-28 7:00,29.75,80.38,0.92,10.43,0,吝备,32,27,0.032,0.0166
108,2025-07-28 8:00,30.99,75.06,1.26,280.88,0,吝备,34,29,0.0432,0.017
108,2025-07-28 9:00,32.35,66.27,2,213.79,0,吝备,25,22,0.0546,0.0177
108,2025-07-28 10:00,33.44,59.26,2.05,246.48,0,吝备,31,27,0.0617,0.0165
108,2025-07-28 11:00,34.47,58.07,2.55,256.64,0,吝备,37,30,0.0923,0.0142
108,2025-07-28 12:00,35.05,55.82,2.38,270.34,0,吝备,52,41,0.114,0.0131
108,2025-07-28 13:00,35.72,52.52,2.72,276.89,0,吝备,43,36,0.1091,0.0092
108,2025-07-28 14:00,35.94,52.03,3.13,286.29,0,吝备,43,30,0.0966,0.0087
108,2025-07-28 15:00,36.21,49.97,2.84,281.39,0,吝备,36,29,0.077,0.0075
108,2025-07-28 16:00,36.32,50.41,2.84,273.9,0,吝备,32,27,0.0691,0.0099
108,2025-07-28 17:00,35.85,53.48,2.96,275.05,0,吝备,34,25,0.062,0.0085
108,2025-07-28 18:00,34.75,57.45,3.13,269.02,0,吝备,42,28,0.0496,0.0107
108,2025-07-28 19:00,33.06,63.93,3.06,256.74,0,吝备,46,30,0.0384,0.0137
108,2025-07-28 20:00,31.75,67.42,2.29,268.81,0,吝备,48,32,0.0334,0.0132
108,2025-07-28 21:00,31.04,69.53,1.8,268.7,0,吝备,40,28,0.0319,0.0125
108,2025-07-28 22:00,30.52,70.14,2.67,287.33,0,吝备,43,26,0.04,0.0069
108,2025-07-28 23:00,30.16,72.47,1.85,286.78,0,吝备,39,27,0.0376,0.0089
108,2025-07-29 0:00,29.68,74.2,1.57,281.17,0,吝备,42,31,0.033,0.0097
108,2025-07-29 1:00,29.23,75.29,1.03,273.44,0,吝备,39,29,0.0324,0.0082
108,2025-07-29 2:00,28.9,76.1,0.8,345.9,0,吝备,41,30,0.0293,0.0096
108,2025-07-29 3:00,28.47,75.59,1.36,35.9,0,吝备,34,25,0.0244,0.01
108,2025-07-29 4:00,28.07,76.25,1.5,38.17,0,吝备,31,23,0.0197,0.0126
108,2025-07-29 5:00,27.77,77.63,1.8,32.91,0,吝备,30,22,0.0139,0.0186
108,2025-07-29 6:00,27.67,77.69,1.95,37.59,0,吝备,32,21,0.0128,0.0199
108,2025-07-29 7:00,28.73,72.99,2.16,40.51,0,吝备,28,17,0.0205,0.0213
108,2025-07-29 8:00,30.65,65.93,2.22,41.74,0,吝备,28,16,0.0324,0.024
108,2025-07-29 9:00,32.45,62.08,1.84,37.55,0,吝备,30,21,0.0572,0.0215
108,2025-07-29 10:00,33.09,60.28,1.67,254.46,0,吝备,42,32,0.0805,0.0215
108,2025-07-29 11:00,34.02,54.8,1.84,219.62,0,吝备,42,31,0.0973,0.0169
108,2025-07-29 12:00,34.89,54.66,2.12,264.78,0,吝备,44,36,0.1237,0.0146
108,2025-07-29 13:00,35.89,51.14,2.09,267.87,0,吝备,40,31,0.1268,0.0117
108,2025-07-29 14:00,36.32,50.31,2.28,260.64,0,吝备,44,33,0.1342,0.0124
108,2025-07-29 15:00,35.64,51.61,2.17,257.77,0,吝备,50,38,0.1399,0.0125
108,2025-07-29 16:00,35.68,52.99,2.36,272.64,0,吝备,52,37,0.133,0.0121
108,2025-07-29 17:00,35.4,53.66,3.1,265.55,0,吝备,50,37,0.1208,0.0118
108,2025-07-29 18:00,34.58,58.6,2.58,270.83,0,吝备,47,33,0.0906,0.0117
108,2025-07-29 19:00,33.43,62.1,2.16,281.14,0,吝备,45,34,0.0766,0.0121
108,2025-07-29 20:00,32.6,64.54,2.15,314.2,0,吝备,42,31,0.0659,0.0103
108,2025-07-29 21:00,31.95,61.37,2.62,307.87,0,吝备,34,25,0.0565,0.0083
108,2025-07-29 22:00,31.4,60.32,2.57,289.28,0,吝备,22,17,0.0442,0.0089
108,2025-07-29 23:00,30.78,64.92,1.37,260.63,0,吝备,23,16,0.0411,0.0094
108,2025-07-30 0:00,30.2,67.61,0.97,267.81,0,吝备,27,17,0.0395,0.0096
108,2025-07-30 1:00,29.82,68.81,0.7,279.79,0,吝备,24,19,0.0341,0.0123
108,2025-07-30 2:00,29.45,70.46,1.15,275.32,0,吝备,25,19,0.0316,0.014
108,2025-07-30 3:00,29.18,72.05,0.83,299.76,0,吝备,27,20,0.032,0.0148
108,2025-07-30 4:00,28.7,74.8,1.66,37.11,0,吝备,31,23,0.024,0.0173
108,2025-07-30 5:00,28.32,77.85,1.8,33.59,0,吝备,29,22,0.0169,0.0257
108,2025-07-30 6:00,28.54,77.48,1.23,39.66,0,吝备,36,28,0.0208,0.0281
108,2025-07-30 7:00,29.39,73.3,1.53,46.02,0,吝备,35,26,0.0263,0.0286
108,2025-07-30 8:00,31.17,68.75,1.73,47.9,0,吝备,48,30,0.0417,0.0215
108,2025-07-30 9:00,32.43,62.49,2.08,36.71,0,吝备,36,27,0.0613,0.0243
108,2025-07-30 10:00,33.25,60.02,2.62,47.09,0,吝备,40,31,0.0838,0.0204
108,2025-07-30 11:00,33.88,57.31,2.17,65.7,0,吝备,36,29,0.0831,0.0169
108,2025-07-30 12:00,34.49,54.9,2.44,65.39,0,吝备,,,0.0704,
108,2025-07-30 13:00,35.3,51.53,2.34,60.17,0,吝备,23,18,0.0728,0.0116
108,2025-07-30 14:00,35.78,49.7,2.22,107.63,0,吝备,30,28,0.0651,0.0145
108,2025-07-30 15:00,35.61,45.94,2.43,121.53,0,吝备,26,20,0.0588,0.0156
108,2025-07-30 16:00,35.37,43.09,1.95,139.69,0,吝备,25,17,0.0643,0.0161
108,2025-07-30 17:00,34.82,49.35,1.9,229.59,0,吝备,23,16,0.0687,0.0178
108,2025-07-30 18:00,33.75,59.93,1.42,256.65,0,吝备,36,,0.064,0.0196
108,2025-07-30 19:00,33.15,53.88,1.58,216.43,0,吝备,28,19,0.0535,0.022
108,2025-07-30 20:00,32.42,65.16,1.28,278.19,0,吝备,31,21,0.0461,0.0197
108,2025-07-30 21:00,31.94,67.05,1.23,286.93,0,吝备,30,21,0.0327,0.0302
108,2025-07-30 22:00,31.42,62.76,1.52,25.07,0,吝备,29,24,0.0354,0.0221
108,2025-07-30 23:00,30.9,59.85,1.98,38.63,0,吝备,23,17,0.0336,0.0224
108,2025-07-31 0:00,30.62,60.01,1.92,43.52,0,吝备,24,19,0.0372,0.0163
108,2025-07-31 1:00,30.3,60.93,1.64,40.02,0,吝备,21,15,0.0364,0.0146
108,2025-07-31 2:00,29.98,62.75,2.04,45.41,0,吝备,22,15,0.0354,0.0135
108,2025-07-31 3:00,29.9,63.33,1.47,82.28,0,吝备,20,15,0.0372,0.0103
108,2025-07-31 4:00,29.79,64.88,1.95,107.97,0,吝备,20,16,0.0349,0.0108
108,2025-07-31 5:00,29.51,66.52,2.09,102.64,0,吝备,22,17,0.0326,0.013
108,2025-07-31 6:00,29.32,67.33,2.16,103.22,0,吝备,23,19,0.0302,0.0176
108,2025-07-31 7:00,29.47,66.74,2.17,142.82,0,吝备,23,17,0.0313,0.02
108,2025-07-31 8:00,29.75,67.16,1.43,119.73,0,吝备,29,22,0.0391,0.0203
108,2025-07-31 9:00,30.68,65.28,1.19,147.19,0,吝备,29,21,0.0489,0.021
108,2025-07-31 10:00,31.92,61.51,1.81,10.46,0,吝备,33,21,0.0627,0.0217
108,2025-07-31 11:00,32.49,59.05,1.73,100.16,0,吝备,,,,
108,2025-07-31 12:00,33.23,55.68,1.49,124.15,0,吝备,,,,
108,2025-07-31 13:00,33.72,53.66,2.27,30.47,0,吝备,,,,
108,2025-07-31 14:00,34.18,50.83,1.73,68.1,0,吝备,,,,
108,2025-07-31 15:00,33.01,56.22,2.94,321.68,0,吝备,,,,
108,2025-07-31 16:00,32.62,53.8,2.67,341.93,0,吝备,,,,
108,2025-07-31 17:00,32.47,58.74,2.73,318.53,0,吝备,,,,
108,2025-07-31 18:00,31.38,64.88,3.14,317,0,吝备,,,,
108,2025-07-31 19:00,30.87,64.31,2.08,43.32,0,吝备,,,,
108,2025-07-31 20:00,30.37,65.24,2.29,42.97,0,吝备,,,,
108,2025-07-31 21:00,29.97,66.7,1.8,41.98,0,吝备,,,,
108,2025-07-31 22:00,29.8,66.88,1.36,6.23,0,吝备,,,,
108,2025-07-31 23:00,29.53,65.33,1.16,29.08,0,吝备,,,,
108,2025-08-01 0:00,29.15,66.99,1.54,30.9,0,吝备,,,,
108,2025-08-01 1:00,28.85,70.29,1.46,24.7,0,吝备,,,,
108,2025-08-01 2:00,28.66,71.03,1.45,20.35,0,吝备,,,,
108,2025-08-01 3:00,28.41,71.06,1.51,26.14,0,吝备,,,,
108,2025-08-01 4:00,28.1,73.14,1.8,33.57,0,吝备,,,,
108,2025-08-01 5:00,27.89,75.95,1.91,31.44,0,吝备,,,,
108,2025-08-01 6:00,27.85,77.46,1.67,36.92,0,吝备,,,,
108,2025-08-01 7:00,28.58,72.09,1.87,55.27,0,吝备,,,,
108,2025-08-01 8:00,30.1,66.22,1.99,49.48,0,吝备,,,,
108,2025-08-01 9:00,31.8,62.36,1.5,99.51,0,吝备,,,,
108,2025-08-01 10:00,33.37,57.17,1.57,82.51,0,吝备,,,,
108,2025-08-01 11:00,34.66,51.95,2.08,181.45,0,吝备,,,,
108,2025-08-01 12:00,34.75,51.79,1.71,19.19,0,吝备,,,,
108,2025-08-01 13:00,34.38,52.43,1.9,264.19,0,吝备,44,33,0.091,0.0149
108,2025-08-01 14:00,34.32,53.08,2.38,259.92,0,吝备,37,27,0.1039,0.0179
108,2025-08-01 15:00,33.65,57.63,2.49,251.22,0,吝备,47,37,0.1125,0.0339
108,2025-08-01 16:00,33.41,61.44,3.17,289.83,0,吝备,61,50,0.1173,0.018
108,2025-08-01 17:00,32.39,63.89,3.67,289.95,0,吝备,62,48,0.1096,0.015
108,2025-08-01 18:00,31.73,67.42,2.86,292.58,0,吝备,48,37,0.0621,0.0098
108,2025-08-01 19:00,31.05,70.43,1.88,277.62,0,吝备,39,30,0.0503,0.0094
108,2025-08-01 20:00,30.62,73.71,1.06,340.64,0,吝备,40,30,0.0403,0.0078
108,2025-08-01 21:00,30.19,75.35,1.32,308.7,0,吝备,37,30,0.0389,0.0084
108,2025-08-01 22:00,29.8,73.08,1.48,358.6,0,吝备,36,30,0.0411,0.011
108,2025-08-01 23:00,29.64,74.6,0.85,294.77,0,吝备,35,27,0.0348,0.0115
108,2025-08-02 0:00,29.39,74.26,1.4,279.45,0,吝备,36,28,0.0285,0.0142
108,2025-08-02 1:00,28.98,73.07,1.64,257.36,0,吝备,36,30,0.031,0.0094
108,2025-08-02 2:00,28.56,74.11,1.33,268.96,0,吝备,33,29,0.0291,0.0082
108,2025-08-02 3:00,28.18,75.27,1.41,299.35,0,吝备,33,27,0.0258,0.0087
108,2025-08-02 4:00,27.75,74.65,0.94,285.26,0,吝备,33,24,0.0261,0.0102
108,2025-08-02 5:00,27.47,75.74,0.61,334.87,0,吝备,29,24,0.0249,0.0135
108,2025-08-02 6:00,27.33,75.67,1.18,42.53,0,吝备,26,21,0.0211,0.0177
108,2025-08-02 7:00,27.96,75.94,1.68,44.18,0,吝备,30,24,0.0225,0.0186
108,2025-08-02 8:00,29.11,73.04,1.5,38.72,0,吝备,35,28,0.0309,0.0156
108,2025-08-02 9:00,30.62,68.22,1,201.18,0,吝备,34,26,0.0451,0.0179
108,2025-08-02 10:00,32.15,62.35,1.48,211.24,0,吝备,37,31,0.0647,0.0123
108,2025-08-02 11:00,33.17,59.05,1.79,266.03,0,吝备,40,33,0.0852,0.0097
108,2025-08-02 12:00,33.18,57.74,2.33,264.63,0,吝备,40,34,0.0878,0.0113
108,2025-08-02 13:00,33.94,56.5,2.31,218.76,0,吝备,38,31,0.09,0.0141
108,2025-08-02 14:00,35.12,51.42,2.35,265.55,0,吝备,35,27,0.0935,0.0082
108,2025-08-02 15:00,35.72,47.21,2.52,256.11,0,吝备,27,21,0.0813,0.008
108,2025-08-02 16:00,35.76,47.02,3.01,271.62,0,吝备,30,23,0.0812,0.0079
108,2025-08-02 17:00,35.07,47.66,2.94,272.99,0,吝备,29,21,0.07,0.0081
108,2025-08-02 18:00,34.21,49.77,2.67,271.53,0,吝备,25,18,0.0537,0.009
108,2025-08-02 19:00,32.26,54.61,2.48,267.65,0,吝备,26,19,0.0477,0.0104
108,2025-08-02 20:00,31.05,57.92,1.85,276.46,0,吝备,24,17,0.0359,0.0153
108,2025-08-02 21:00,30.28,58.22,2.07,277.15,0,吝备,19,16,0.0323,0.0144
108,2025-08-02 22:00,29.87,61.57,1.62,258.97,0,吝备,17,14,0.0366,0.0096
108,2025-08-02 23:00,29.46,62.14,1.06,271.03,0,吝备,19,15,0.0354,0.0097
108,2025-08-03 0:00,29.02,62.53,1.06,285.45,0,吝备,20,16,0.0329,0.0117
108,2025-08-03 1:00,28.75,63.78,0.9,300.73,0,吝备,23,19,0.0275,0.0144
108,2025-08-03 2:00,28.4,66.72,0.56,278.4,0,吝备,23,21,0.0202,0.0177
108,2025-08-03 3:00,28.09,68.38,0.91,301.35,0,吝备,21,18,0.0158,0.0195
108,2025-08-03 4:00,27.82,69.18,0.93,15.51,0,吝备,26,20,0.0177,0.0196
108,2025-08-03 5:00,27.57,72.38,1.3,34.45,0,吝备,26,21,0.0192,0.0166
108,2025-08-03 6:00,27.62,75.65,1.67,39.24,0,吝备,30,25,0.0189,0.0166
108,2025-08-03 7:00,28.05,75.96,1.63,34.38,0,吝备,28,22,0.0223,0.0141
108,2025-08-03 8:00,28.68,74.64,1.86,44.98,0,吝备,34,29,0.0245,0.0153
108,2025-08-03 9:00,29.31,72.01,1.82,48.9,0,吝备,32,24,0.0276,0.0165
108,2025-08-03 10:00,30.7,66.6,2.06,58.33,0,吝备,29,22,0.0426,0.0139
108,2025-08-03 11:00,31.14,61.28,1.89,98.62,0,吝备,30,24,0.0532,0.0141
108,2025-08-03 12:00,31.68,58.96,1.74,118.93,0,吝备,30,25,0.0597,0.0139
108,2025-08-03 13:00,32.23,58.29,2.13,113.89,0,吝备,31,25,0.0684,0.0141
108,2025-08-03 14:00,32.33,57.27,2.57,134.05,0,吝备,33,28,0.066,0.0119
108,2025-08-03 15:00,31.81,60.84,2.09,150.05,0,吝备,36,30,0.0653,0.0124
108,2025-08-03 16:00,31.18,58.47,3.17,195.61,0,吝备,36,29,0.056,0.0106
108,2025-08-03 17:00,30.59,54.97,3.31,185.59,0,吝备,27,23,0.0475,0.0121
108,2025-08-03 18:00,29.39,58.68,2.82,190.75,0,吝备,25,22,0.0461,0.0098
108,2025-08-03 19:00,28.54,65.6,1.48,131.61,0,吝备,27,23,0.0404,0.0147
108,2025-08-03 20:00,28.18,70.2,2.33,108.53,0,吝备,34,29,0.0403,0.0144
108,2025-08-03 21:00,27.52,72.89,3.28,53.86,0,吝备,31,26,0.0416,0.0113
108,2025-08-03 22:00,26.4,72.63,3.09,59.71,0.03,吝备,27,19,0.0424,0.0101
108,2025-08-03 23:00,24.58,84.1,3.48,51.69,0.55,吝备,23,17,0.0422,0.0073
108,2025-08-04 0:00,23.85,91.1,3.54,52.62,0.45,吝备,21,18,0.0394,0.0066
108,2025-08-04 1:00,23.85,92.6,3.87,53.6,0.93,吝备,21,17,0.0391,0.0054
108,2025-08-04 2:00,23.93,91.35,3.33,54.4,1,吝备,16,16,0.0386,0.0051
108,2025-08-04 3:00,23.93,90.64,2.89,56.2,1,吝备,16,14,0.0393,0.005
108,2025-08-04 4:00,23.94,92.05,2.33,48,1.03,吝备,14,10,0.0363,0.006
108,2025-08-04 5:00,23.74,93.26,2.01,49.85,1.77,吝备,16,14,0.0336,0.0076
108,2025-08-04 6:00,23.88,92.2,2.14,60.02,1.9,吝备,11,10,0.0309,0.0096
108,2025-08-04 7:00,24.24,91.66,2.19,53.4,1.9,吝备,10,7,0.0287,0.0126
108,2025-08-04 8:00,25.14,89.75,2.02,58.64,1.9,吝备,8,9,0.0302,0.0125
108,2025-08-04 9:00,26.72,83.29,1.97,46.29,1.9,吝备,6,4,0.034,0.0106
108,2025-08-04 10:00,28.47,76.51,1.56,291.52,1.9,吝备,9,6,0.0402,0.0089
108,2025-08-04 11:00,29.35,73.4,1.75,254.76,1.9,吝备,9,6,0.0492,0.0062
108,2025-08-04 12:00,30.43,70.31,1.5,182.12,1.9,吝备,8,4,0.0556,0.0075
108,2025-08-04 13:00,31.14,66.54,1.21,263.3,1.9,吝备,10,7,0.0608,0.0067
108,2025-08-04 14:00,31.85,63.72,1.83,250.28,1.9,吝备,10,10,0.061,0.0065
108,2025-08-04 15:00,32.75,58.47,2.04,278.8,1.9,吝备,14,10,0.0593,0.0065
108,2025-08-04 16:00,33.58,54.93,2.31,244.29,1.9,吝备,15,10,0.0586,0.0057
108,2025-08-04 17:00,33.21,56.67,2.54,236.88,1.9,吝备,23,18,0.0584,0.0142
108,2025-08-04 18:00,31.23,63.86,3.09,259.25,1.9,吝备,37,27,0.0452,0.0196
108,2025-08-04 19:00,30.02,65.29,2.41,207.61,1.9,吝备,32,24,0.0414,0.0199
108,2025-08-04 20:00,29.2,66.21,2.34,193.04,1.9,吝备,28,23,0.0406,0.0173
108,2025-08-04 21:00,28.67,68.47,1.45,252.69,1.9,吝备,26,19,0.0368,0.0161
108,2025-08-04 22:00,28.33,70.49,1.32,245.01,1.9,吝备,27,16,0.0312,0.017
108,2025-08-04 23:00,28.02,71.61,1.73,203.52,1.9,吝备,23,16,0.0286,0.016
108,2025-08-05 0:00,27.59,73.35,1.11,202.98,0.03,吝备,22,17,0.0273,0.0138
108,2025-08-05 1:00,27.14,75.02,0.78,227.59,0,吝备,19,14,0.0243,0.0153
108,2025-08-05 2:00,26.79,76.73,0.83,217.94,0,吝备,24,17,0.0236,0.0149
108,2025-08-05 3:00,26.46,77.66,1.13,240.51,0,吝备,22,16,0.0206,0.0159
108,2025-08-05 4:00,25.98,81.66,1.76,242.09,0,吝备,25,18,0.02,0.0137
108,2025-08-05 5:00,25.6,82.39,1.27,227.65,0,吝备,18,12,0.0208,0.0129
108,2025-08-05 6:00,25.43,82.94,1.62,205.76,0,吝备,19,14,0.0194,0.0151
108,2025-08-05 7:00,25.77,81.64,2.04,187.5,0,吝备,18,12,0.0222,0.0183
108,2025-08-05 8:00,27.25,76.12,1.8,190.31,0,吝备,24,16,0.0301,0.0177
108,2025-08-05 9:00,28.81,68.91,2.47,186.12,0,吝备,15,10,0.0397,0.0152
108,2025-08-05 10:00,29.94,64.36,2.44,232.39,0,吝备,23,15,0.0523,0.0168
108,2025-08-05 11:00,31.15,59.04,2.86,216.56,0,吝备,22,17,0.0697,0.0142
108,2025-08-05 12:00,32.01,54.96,2.97,237.13,0,吝备,23,18,0.0781,0.0184
108,2025-08-05 13:00,32.53,53.4,3.37,210.33,0,吝备,23,17,0.0679,0.0186
108,2025-08-05 14:00,32.9,51.81,3.57,208.46,0,吝备,19,14,0.0564,0.0157
108,2025-08-05 15:00,33.23,49.37,3,217.44,0,吝备,15,9,0.0531,0.0152
108,2025-08-05 16:00,32.39,54.17,3.42,257.07,0,吝备,16,9,0.0505,0.0149
108,2025-08-05 17:00,31.37,58.68,3.2,269.17,0,吝备,17,12,0.0514,0.0097
108,2025-08-05 18:00,30.33,63.45,2.73,285.35,0,吝备,18,13,0.0493,0.012
108,2025-08-05 19:00,29.38,67.66,2.58,276.84,0,吝备,16,10,0.0446,0.0124
108,2025-08-05 20:00,28.73,70.4,2.24,272.72,0,吝备,16,11,0.0398,0.013
108,2025-08-05 21:00,28.4,71.5,1.99,274.3,0,吝备,15,10,0.0359,0.0144
108,2025-08-05 22:00,28.18,72.37,1.31,272.58,0,吝备,14,10,0.033,0.0137
108,2025-08-05 23:00,28.18,72.95,2.38,208.91,0,吝备,13,8,0.0332,0.0089
108,2025-08-06 0:00,28.04,74.66,2.41,198.69,0,吝备,17,12,0.0312,0.0095
108,2025-08-06 1:00,27.78,77.14,2.62,185.3,0,吝备,17,11,0.0306,0.0086
108,2025-08-06 2:00,27.86,80.09,2.49,208.6,0.05,吝备,17,12,0.0346,0.0073
108,2025-08-06 3:00,27.23,88.31,3.05,204.38,2.16,吝备,24,16,0.0289,0.0089
108,2025-08-06 4:00,27.12,91.44,3.72,200.06,4.01,吝备,21,16,0.0281,0.0072
108,2025-08-06 5:00,27.19,91.89,4.12,198.64,5.6,吝备,23,10,0.0258,0.0077
108,2025-08-06 6:00,27.38,90.47,3.82,204.25,5.6,吝备,28,11,0.0227,0.0103
108,2025-08-06 7:00,27.74,88.46,3.89,210.97,5.6,吝备,26,10,0.0209,0.0117
108,2025-08-06 8:00,27.98,88.5,3.68,206.43,5.68,吝备,28,11,0.019,0.0133
108,2025-08-06 9:00,28.05,88.87,4.35,219.52,6.17,吝备,22,11,0.0207,0.0148
108,2025-08-06 10:00,28.98,82.09,5.08,219.32,6.2,吝备,21,12,0.022,0.0212
108,2025-08-06 11:00,29.04,79.53,3.65,238.69,6.2,吝备,25,12,0.0231,0.0223
108,2025-08-06 12:00,28.95,81.25,3.6,239.15,6.2,吝备,25,13,0.0272,0.018
108,2025-08-06 13:00,28.25,87.74,3.53,260.01,7.53,吝备,28,13,0.0316,0.0127
108,2025-08-06 14:00,27.08,92.27,3.22,261.05,15.31,吝备,24,12,0.034,0.0111
108,2025-08-06 15:00,26.74,93.24,3.02,270.87,18.78,吝备,14,9,0.0334,0.0101
108,2025-08-06 16:00,26.31,92.18,2.83,263.9,21.01,吝备,13,12,0.0353,0.0108
108,2025-08-06 17:00,26.21,90.27,2.01,261.7,21.99,吝备,13,10,0.0364,0.0149
108,2025-08-06 18:00,26.69,87.78,2.1,253.73,22,吝备,12,9,0.0382,0.0171
108,2025-08-06 19:00,26.38,86.76,2.77,258.51,22,吝备,17,13,0.0344,0.0227
108,2025-08-06 20:00,25.89,88.18,2.46,263.2,22,吝备,20,14,0.0344,0.0194
108,2025-08-06 21:00,25.8,88.92,2.85,257.18,22,吝备,17,11,0.0326,0.0194
108,2025-08-06 22:00,25.83,88.38,2.44,248.98,22,吝备,17,12,0.0341,0.0173
108,2025-08-06 23:00,25.93,89.26,2.23,237.26,22,吝备,19,11,0.0365,0.0141
108,2025-08-07 0:00,26,89.89,2.62,211.06,0.37,吝备,20,13,0.04,0.0102
108,2025-08-07 1:00,26,90.1,2.75,210.59,0,吝备,17,9,0.0401,0.0083
108,2025-08-07 2:00,25.99,89.56,2.56,245.88,0,吝备,19,11,0.0398,0.0084
108,2025-08-07 3:00,25.93,89.75,2.82,277.18,0,吝备,17,10,0.0429,0.0064
108,2025-08-07 4:00,25.69,89.59,2.37,253.94,0,吝备,18,11,0.0427,0.0056
108,2025-08-07 5:00,25.52,88.92,2.14,248.28,0,吝备,13,8,0.0415,0.0062
108,2025-08-07 6:00,25.48,87.88,2.04,253.51,0,吝备,12,9,0.0382,0.0094
108,2025-08-07 7:00,25.89,87.46,2.05,271.12,0,吝备,14,9,0.0387,0.0099
108,2025-08-07 8:00,26.91,82.17,2.75,291.91,0,吝备,12,10,0.0447,0.0078
108,2025-08-07 9:00,27.98,73.71,2.99,290.28,0,吝备,14,10,0.0539,0.0058
108,2025-08-07 10:00,29.07,67.22,2.99,285.29,0,吝备,21,17,0.0605,0.0057
108,2025-08-07 11:00,29.77,60.06,3.23,292.29,0,吝备,20,15,0.0634,0.006
108,2025-08-07 12:00,30.58,56.78,2.96,285.66,0,吝备,18,16,0.0674,0.0057
108,2025-08-07 13:00,31.12,54.73,2.76,283.75,0,吝备,17,13,0.0695,0.005
108,2025-08-07 14:00,31.72,53.45,2.99,263,0,吝备,13,10,0.0657,0.007
108,2025-08-07 15:00,32.13,52.01,3.06,269.31,0,吝备,12,7,0.0645,0.0054
108,2025-08-07 16:00,32.04,51.44,3.08,278.42,0,吝备,15,8,0.0621,0.0067
108,2025-08-07 17:00,31.55,52.33,2.96,280.51,0,吝备,15,10,0.0597,0.0065
108,2025-08-07 18:00,30.41,61.48,3.03,266.33,0,吝备,19,9,0.0539,0.0097
108,2025-08-07 19:00,28.89,67.9,3.79,248.91,0,吝备,21,13,0.0505,0.0103
108,2025-08-07 20:00,27.67,69.4,3.05,261.72,0,吝备,21,14,0.0487,0.011
108,2025-08-07 21:00,27.07,70.86,2,267.26,0,吝备,15,8,0.0432,0.0144
108,2025-08-07 22:00,26.8,71.22,2.46,259.43,0,吝备,20,8,0.0364,0.0172
108,2025-08-07 23:00,26.47,74.09,1.82,277.41,0,吝备,21,10,0.0339,0.0176
108,2025-08-08 0:00,26.05,77.82,1.48,251.02,0,吝备,20,10,0.0389,0.0089
108,2025-08-08 1:00,25.77,79.84,1.49,267.77,0,吝备,19,9,0.0347,0.01
108,2025-08-08 2:00,25.42,80.79,1.81,257.82,0,吝备,22,10,0.0322,0.0106
108,2025-08-08 3:00,25,81.84,1.54,281,0,吝备,23,11,0.0304,0.0101
108,2025-08-08 4:00,24.48,82.53,1,293.62,0,吝备,23,14,0.0298,0.0093
108,2025-08-08 5:00,24.08,83.37,1.1,277.59,0,吝备,25,12,0.0294,0.0098
108,2025-08-08 6:00,24.02,84.95,0.75,350.09,0,吝备,24,13,0.0219,0.0156
108,2025-08-08 7:00,24.64,84.33,1.3,18.46,0,吝备,23,12,0.0235,0.0177
108,2025-08-08 8:00,25.98,81.14,1.36,16.38,0,吝备,29,15,0.0262,0.0209
108,2025-08-08 9:00,26.63,77.64,1.03,237.73,0,吝备,31,16,0.0336,0.0202
108,2025-08-08 10:00,27.28,73.69,1.69,265.34,0,吝备,32,18,0.0467,0.0191
108,2025-08-08 11:00,28.05,70.12,1.35,251.97,0,吝备,32,19,0.0689,0.0152
108,2025-08-08 12:00,29.27,65.61,1.62,264.96,0,吝备,35,22,0.088,0.0148
108,2025-08-08 13:00,29.66,64.79,2.23,202.23,0,吝备,38,25,0.09,0.0166
108,2025-08-08 14:00,29.91,64.01,2,248.5,0,吝备,38,24,0.0974,0.0164
108,2025-08-08 15:00,27.8,77.2,2.54,344.09,4.04,吝备,46,32,0.086,0.0186
108,2025-08-08 16:00,27.46,79.54,1.26,305.69,6.3,吝备,32,24,0.0631,0.0389
108,2025-08-08 17:00,28.17,71.7,2.4,271.11,6.3,吝备,32,23,0.0752,0.0248
108,2025-08-08 18:00,27.92,66.2,2.63,276.55,6.3,吝备,32,19,0.0572,0.0177
108,2025-08-08 19:00,27.03,65.33,2.59,272.62,6.3,吝备,28,20,0.0441,0.0174
108,2025-08-08 20:00,26.45,67.1,2.44,280.1,6.3,吝备,23,17,0.041,0.0161
108,2025-08-08 21:00,25.9,69.81,1.64,263.49,6.3,吝备,18,12,0.0488,0.0101
108,2025-08-08 22:00,25.51,72.98,1.11,259.84,6.3,吝备,17,9,0.0485,0.0097
108,2025-08-08 23:00,25.35,77.85,1.21,334.55,6.3,吝备,20,13,0.0373,0.0153
108,2025-08-09 0:00,25.12,80.45,0.63,353.98,0.1,吝备,19,12,0.0326,0.0184
108,2025-08-09 1:00,25.06,82.43,1.3,277.95,0,吝备,22,15,0.0381,0.012
108,2025-08-09 2:00,25.1,83.77,0.86,1.36,0,吝备,22,16,0.0328,0.015
108,2025-08-09 3:00,25.08,85.13,0.89,20.87,0,吝备,24,17,0.0335,0.0133
108,2025-08-09 4:00,25.03,85.53,0.61,313.73,0,吝备,23,16,0.0303,0.0136
108,2025-08-09 5:00,25.06,86.47,1.19,17.29,0,吝备,25,20,0.0263,0.017
108,2025-08-09 6:00,24.8,86.77,1.56,34.23,0.16,吝备,25,21,0.0156,0.0228
108,2025-08-09 7:00,24.69,85.4,1.44,31.72,0.21,吝备,25,17,0.0128,0.0235
108,2025-08-09 8:00,24.92,88.16,1.59,35.13,0.65,吝备,27,20,0.0127,0.0251
108,2025-08-09 9:00,25.28,87.34,1.67,34.46,0.7,吝备,31,20,0.024,0.0244
108,2025-08-09 10:00,25.58,85.66,1.87,32.84,0.7,吝备,27,21,0.0199,0.0264
108,2025-08-09 11:00,25.45,86.46,1.48,28.95,1.77,吝备,31,22,0.0261,0.0257
108,2025-08-09 12:00,24.95,83.54,1.66,22.29,3.45,吝备,23,17,0.0422,0.0176
108,2025-08-09 13:00,24.56,82.11,1.78,27.74,3.5,吝备,14,11,0.0373,0.0206
108,2025-08-09 14:00,25.12,81.76,1.67,60.94,3.5,吝备,21,15,0.0382,0.0221
108,2025-08-09 15:00,25.48,78.67,2.06,38.63,3.5,吝备,21,15,0.039,0.0201
108,2025-08-09 16:00,25.74,76.57,1.47,58.22,3.5,吝备,20,17,0.0426,0.021
108,2025-08-09 17:00,26.13,75.14,2.03,37.85,3.5,吝备,21,17,0.0454,0.0203
108,2025-08-09 18:00,26.26,72.95,1.59,37.18,3.5,吝备,20,19,0.0474,0.019
108,2025-08-09 19:00,25.64,73.89,1.23,27.57,3.5,吝备,23,18,0.0395,0.0224
108,2025-08-09 20:00,24.78,75.44,1.4,39.53,3.5,吝备,25,22,0.0305,0.0304
108,2025-08-09 21:00,24.3,77.1,1.16,31.38,3.5,吝备,23,18,0.0292,0.0268
108,2025-08-09 22:00,23.73,79.2,1.46,17.85,3.5,吝备,26,20,0.0287,0.0199
108,2025-08-09 23:00,23.3,81.46,1.27,44.54,3.5,吝备,25,18,0.0243,0.0223
108,2025-08-10 0:00,22.91,82.93,1.52,38.73,0.06,吝备,28,21,0.0192,0.0245
108,2025-08-10 1:00,22.44,83.93,0.91,17.01,0,吝备,24,18,0.027,0.0178
108,2025-08-10 2:00,22.11,84.77,0.46,3.88,0,吝备,26,19,0.0277,0.0167
108,2025-08-10 3:00,21.71,84.02,1.23,55.21,0,吝备,19,14,0.0344,0.0116
108,2025-08-10 4:00,21.39,83.6,1.39,11.54,0,吝备,18,12,0.0292,0.0134
108,2025-08-10 5:00,21.1,84.33,1.52,9.99,0,吝备,19,13,0.0239,0.0155
108,2025-08-10 6:00,21.08,85.52,1.37,25.16,0,吝备,16,15,0.0233,0.0149
108,2025-08-10 7:00,22.12,83.61,1.1,21.26,0,吝备,18,11,0.0333,0.0121
108,2025-08-10 8:00,24.26,76.77,0.96,87.4,0,吝备,16,11,0.0433,0.0108
108,2025-08-10 9:00,26.16,70.28,1.03,45.44,0,吝备,14,8,0.0498,0.0087
108,2025-08-10 10:00,27.49,65.97,1.6,333.7,0,吝备,19,16,0.0613,0.0075
108,2025-08-10 11:00,28.93,62.53,1.47,306.85,0,吝备,19,13,0.0711,0.0068
108,2025-08-10 12:00,30.26,59.36,2.16,306.28,0,吝备,18,13,0.0756,0.0069
108,2025-08-10 13:00,31.01,56.11,2.33,304.47,0,吝备,21,15,0.0739,0.0078
108,2025-08-10 14:00,32.29,53.4,2.22,255.95,0,吝备,12,9,0.0716,0.0059
108,2025-08-10 15:00,32.88,52.07,2.87,259.17,0,吝备,20,13,0.0653,0.0053
108,2025-08-10 16:00,32.98,50.87,2.72,260.73,0,吝备,17,13,0.0645,0.0056
108,2025-08-10 17:00,32.61,51.1,2.9,267.67,0,吝备,18,13,0.0615,0.0057
108,2025-08-10 18:00,31.83,52.81,2.61,259.83,0,吝备,18,13,0.059,0.0077
108,2025-08-10 19:00,30.4,56.42,2.42,303.88,0,吝备,18,12,0.0528,0.0079
108,2025-08-10 20:00,29.11,67.35,1.81,230.84,0,吝备,19,16,0.0443,0.0129
108,2025-08-10 21:00,28.32,72.2,1.32,276.68,0,吝备,28,19,0.0414,0.0135
108,2025-08-10 22:00,27.7,74.77,1.52,249.75,0,吝备,24,17,0.0419,0.0099
108,2025-08-10 23:00,27.25,77.21,0.92,190.84,0,吝备,27,18,0.0391,0.0106
108,2025-08-11 0:00,26.77,78.35,0.85,260.36,0,吝备,29,19,0.036,0.0117
108,2025-08-11 1:00,26.31,79.69,0.8,320.35,0,吝备,27,18,0.0272,0.0158
108,2025-08-11 2:00,25.87,79.7,0.78,17.52,0,吝备,27,18,0.023,0.0176
108,2025-08-11 3:00,25.57,79.76,0.92,33.32,0,吝备,23,17,0.0198,0.018
108,2025-08-11 4:00,25.31,80.59,1.19,30.04,0,吝备,23,19,0.0136,0.022
108,2025-08-11 5:00,25.09,82.59,1.94,37.44,0,吝备,25,17,0.013,0.0226
108,2025-08-11 6:00,25.01,83.16,2.07,40.91,0,吝备,27,18,0.0154,0.0219
108,2025-08-11 7:00,25.25,82.15,2.22,47.72,0,吝备,26,19,0.0218,0.0201
108,2025-08-11 8:00,25.83,80.5,2.19,45.43,0,吝备,31,22,0.0287,0.0202
108,2025-08-11 9:00,26.38,77.98,1.63,81.73,0,吝备,31,20,0.0297,0.0244
108,2025-08-11 10:00,27.18,73.71,1.9,92.03,0,吝备,28,20,0.0407,0.0193
108,2025-08-11 11:00,28,70.18,1.94,117.47,0,吝备,27,19,0.0477,0.0194
108,2025-08-11 12:00,28.37,68.67,2.27,111.11,0,吝备,29,22,0.0527,0.0189
108,2025-08-11 13:00,28.88,68.05,2.1,94.08,0,吝备,,,,
108,2025-08-11 14:00,29.27,67.19,2.67,104.51,0,吝备,,,,
108,2025-08-11 15:00,29.16,66.81,2.24,107.3,0,吝备,,,0.0608,0.0195
108,2025-08-11 16:00,29.26,65.51,2.53,151.29,0,吝备,,,0.0617,0.0212
108,2025-08-11 17:00,29.05,66.09,2.67,161.48,0,吝备,,,0.0576,0.0178
108,2025-08-11 18:00,28.2,70.02,2.9,161.04,0,吝备,,,0.0477,0.0193
108,2025-08-11 19:00,27.43,73.52,2.55,147.91,0,吝备,,,0.0419,0.0211
108,2025-08-11 20:00,27.13,73.89,2.66,172.78,0,吝备,,,0.0412,0.018
108,2025-08-11 21:00,26.78,73.98,2.42,225.12,0,吝备,,,0.0414,0.0162
108,2025-08-11 22:00,26.45,73.93,1.77,216.31,0,吝备,,,0.0443,0.0134
108,2025-08-11 23:00,26.08,73.96,1.62,247.49,0,吝备,,,0.0446,0.0124
108,2025-08-12 0:00,25.74,76.31,1.36,250.74,0,吝备,,,0.0415,0.0121
108,2025-08-12 1:00,25.33,79.6,1.41,292.33,0,吝备,,,0.0367,0.0143
108,2025-08-12 2:00,25.06,81.99,1.61,309.79,0,吝备,,,0.0342,0.0131
108,2025-08-12 3:00,24.8,82.48,1.08,355.27,0,吝备,,,0.035,0.0129
108,2025-08-12 4:00,24.25,83.92,1.22,17.22,0,吝备,,,0.0318,0.0119
108,2025-08-12 5:00,23.52,85.78,1.33,48.37,0,吝备,,,0.0244,0.0157
108,2025-08-12 6:00,23.34,86.62,1.61,45.4,0,吝备,,,0.0218,0.0201
108,2025-08-12 7:00,24.28,84.97,1.66,55.96,0,吝备,,,0.0315,0.0185
108,2025-08-12 8:00,26.29,75.55,2.38,50.47,0,吝备,,,0.0446,0.0161
108,2025-08-12 9:00,27.96,67.58,2.32,46.01,0,吝备,,,0.0497,0.0168
108,2025-08-12 10:00,29.6,59.13,2.22,69.96,0,吝备,,,0.0599,0.0142
108,2025-08-12 11:00,30.76,51.79,2.8,42.33,0,吝备,,,0.0664,0.0131
108,2025-08-12 12:00,31.84,49.78,2.59,62.74,0,吝备,,,0.0678,0.0135
108,2025-08-12 13:00,32.82,48.66,2.49,115.28,0,吝备,16,11,0.0691,0.0125
108,2025-08-12 14:00,33.41,43.03,2.96,136.53,0,吝备,19,11,0.069,0.0139
108,2025-08-12 15:00,33.65,39.29,2.33,102.63,0,吝备,11,5,0.072,0.0146
108,2025-08-12 16:00,33.77,41.02,2.57,132.44,0,吝备,12,10,0.0792,0.0145
108,2025-08-12 17:00,33.37,42.34,2.95,154.4,0,吝备,16,10,0.0716,0.0176
108,2025-08-12 18:00,32.18,46.72,3,157.23,0,吝备,19,13,0.0648,0.0201
108,2025-08-12 19:00,30.53,54.83,3.54,147.51,0,吝备,23,15,0.0494,0.0213
108,2025-08-12 20:00,29.12,59.42,2.48,110.95,0,吝备,17,9,0.0431,0.016
108,2025-08-12 21:00,28.2,64.62,2.58,130.27,0,吝备,12,7,0.0395,0.0125
108,2025-08-12 22:00,27.48,67.84,2.41,121.34,0,吝备,9,8,0.0372,0.0115
108,2025-08-12 23:00,27.1,69.76,1.87,110.15,0,吝备,8,5,0.0338,0.0115
108,2025-08-13 0:00,26.85,71.31,2.19,120.7,0,吝备,5,4,0.0345,0.0085
108,2025-08-13 1:00,26.79,71.96,2,110.21,0,吝备,5,2,0.0339,0.007
108,2025-08-13 2:00,26.52,74.01,1.75,101.16,0,吝备,7,5,0.0327,0.0082
108,2025-08-13 3:00,26.4,74.61,1.92,90.45,0,吝备,5,3,0.0318,0.009
108,2025-08-13 4:00,26.29,75.87,2.46,120.59,0,吝备,6,1,0.0321,0.008
108,2025-08-13 5:00,25.17,88.16,2.44,121.82,7.14,吝备,10,6,0.0245,0.0104
108,2025-08-13 6:00,24.46,93.99,1.75,61.25,33.74,吝备,8,5,0.0218,0.0149
108,2025-08-13 7:00,24.26,95.36,2.65,55.3,46.43,吝备,5,2,0.0205,0.0207
108,2025-08-13 8:00,23.67,95.34,3.28,51.08,53.76,吝备,7,3,0.0369,0.0162
108,2025-08-13 9:00,23.12,95.77,3.38,57.29,62.88,吝备,7,3,0.0335,0.0243
108,2025-08-13 10:00,22.25,95.69,3.96,57.25,70.47,吝备,6,3,0.0481,0.0205
108,2025-08-13 11:00,22.55,97.77,3.34,14.38,84.81,吝备,7,3,0.0387,0.0213
108,2025-08-13 12:00,23.46,98.73,1.78,22.39,109.78,吝备,10,6,0.0241,0.0286
108,2025-08-13 13:00,25.08,96.18,3.34,220.51,112.1,吝备,9,5,0.0206,0.0207
108,2025-08-13 14:00,26.65,92.02,4.07,204.74,112.1,吝备,12,4,0.0147,0.0097
108,2025-08-13 15:00,26.75,92.21,3.21,189.74,112.36,吝备,18,6,0.0139,0.0105
108,2025-08-13 16:00,26.65,90.97,3.45,194.37,112.89,吝备,18,7,0.0148,0.0095
108,2025-08-13 17:00,26.93,92.38,3.38,200.28,113.62,吝备,13,4,0.0135,0.0123
108,2025-08-13 18:00,26.69,95.13,2.76,206.53,120.16,吝备,19,7,0.0118,0.0155
108,2025-08-13 19:00,25.03,90.31,3.01,209.9,126.49,吝备,16,6,0.022,0.0138
108,2025-08-13 20:00,24.6,90.06,1.74,184.04,126.7,吝备,13,5,0.0187,0.0199
108,2025-08-13 21:00,24.5,91.01,1.28,57.08,126.7,吝备,13,5,0.0198,0.0178
108,2025-08-13 22:00,24.55,92.23,1.36,79.27,126.7,吝备,11,4,0.0187,0.0171
108,2025-08-13 23:00,24.71,92.52,0.97,112.01,126.7,吝备,12,7,0.0214,0.0135
108,2025-08-14 0:00,24.81,93.19,1.44,115.47,2.26,吝备,16,9,0.0245,0.0113
108,2025-08-14 1:00,24.92,94.18,2.03,159.41,1.28,吝备,16,9,0.0264,0.0088
108,2025-08-14 2:00,24.8,96.86,3.71,208.94,7.41,吝备,14,9,0.0256,0.0063
108,2025-08-14 3:00,24.52,95.6,2.96,220.15,11.11,吝备,5,2,0.0234,0.007
108,2025-08-14 4:00,24.32,96.4,2.24,238.16,13.76,吝备,7,4,0.0205,0.0076
108,2025-08-14 5:00,24.31,97.1,2.39,257.06,16.36,吝备,5,2,0.0176,0.0089
108,2025-08-14 6:00,24.44,97.66,2.47,289.96,18.16,吝备,6,1,0.0181,0.0106
108,2025-08-14 7:00,24.37,97.92,2.35,260.37,34.02,吝备,3,1,0.0181,0.0114
108,2025-08-14 8:00,24.52,97.34,1.49,199.4,47.3,吝备,3,1,0.0139,0.0169
108,2025-08-14 9:00,24.87,95.15,2.64,239.32,47.55,吝备,5,2,0.0163,0.0167
108,2025-08-14 10:00,25,93.93,2.19,240.74,47.64,吝备,9,6,0.0207,0.0169
108,2025-08-14 11:00,25.09,94.46,2.71,196.15,47.7,吝备,14,6,0.0196,0.0139
108,2025-08-14 12:00,25.67,91.84,2.76,200.48,47.7,吝备,9,4,0.0191,0.0128
108,2025-08-14 13:00,26.36,88.43,2.93,227.55,47.7,吝备,9,5,0.0251,0.0114
108,2025-08-14 14:00,26.55,87.15,2.49,252.31,47.7,吝备,9,7,0.0231,0.0113
108,2025-08-14 15:00,26.46,88.98,2.5,249.06,47.8,吝备,11,7,0.0203,0.012
108,2025-08-14 16:00,26.71,85.05,2.28,202.51,47.8,吝备,7,4,0.0299,0.0096
108,2025-08-14 17:00,26.83,82.46,1.6,207.28,47.8,吝备,11,9,0.0322,0.0118
108,2025-08-14 18:00,26.58,82.52,1.68,220.27,47.8,吝备,11,8,0.0306,0.0143
108,2025-08-14 19:00,26.2,83.06,1.83,226.32,47.8,吝备,15,8,0.0336,0.0171
108,2025-08-14 20:00,25.86,85.62,1.49,224.29,47.8,吝备,24,14,0.0323,0.0167
108,2025-08-14 21:00,25.76,86.5,1.27,253.52,47.8,吝备,21,13,0.0319,0.0155
108,2025-08-14 22:00,25.57,87.3,1.5,263.61,47.8,吝备,27,18,0.0295,0.0146
108,2025-08-14 23:00,25.54,87.44,1.32,260.4,47.8,吝备,22,14,0.0261,0.014
108,2025-08-15 0:00,25.53,87.71,1.02,279.4,0.8,吝备,30,22,0.0233,0.0148
108,2025-08-15 1:00,25.42,88.7,0.83,321.65,0,吝备,27,17,0.0177,0.0183
108,2025-08-15 2:00,25.05,90.12,0.74,304.61,0,吝备,29,14,0.0117,0.0198
108,2025-08-15 3:00,24.85,91.22,0.75,0.35,0,吝备,25,15,0.0148,0.0141
108,2025-08-15 4:00,24.63,91.54,0.79,29.68,0,吝备,20,14,0.013,0.0146
108,2025-08-15 5:00,24.41,92.2,1.19,35.26,0,吝备,23,15,0.0067,0.018
108,2025-08-15 6:00,24.55,93.24,1.01,36.23,0,吝备,25,19,0.0081,0.0195
108,2025-08-15 7:00,24.96,93.33,1.58,41.7,0,吝备,26,16,0.013,0.021
108,2025-08-15 8:00,26.17,89.51,1.61,45.64,0,吝备,24,15,0.0232,0.0185
108,2025-08-15 9:00,27.82,81.38,1.2,73.08,0,吝备,25,17,0.0346,0.0183
108,2025-08-15 10:00,28.59,76.8,1.23,149.39,0,吝备,26,17,0.0433,0.016
108,2025-08-15 11:00,27.71,80.25,1.96,222.34,0,吝备,25,15,0.0429,0.0149
108,2025-08-15 12:00,27.18,84.63,1.55,225.82,0,吝备,23,14,0.0383,0.0147
108,2025-08-15 13:00,27.75,84.05,2.38,252.63,0,吝备,10,8,0.0409,0.0093
108,2025-08-15 14:00,28.68,78.84,2.06,281.77,0,吝备,8,8,0.042,0.0067
108,2025-08-15 15:00,30.11,73.06,2.09,278.74,0,吝备,6,3,0.0479,0.0061
108,2025-08-15 16:00,30.59,70.03,2.55,261.26,0,吝备,10,9,0.0512,0.0083
108,2025-08-15 17:00,30.19,71.04,2.27,242.95,0,吝备,11,7,0.0394,0.0086
108,2025-08-15 18:00,29.54,74.28,2.12,242.11,0,吝备,14,7,0.0306,0.0131
108,2025-08-15 19:00,28.62,77.8,2.38,269.64,0,吝备,16,8,0.0212,0.0113
108,2025-08-15 20:00,27.77,81.52,2.46,271.16,0,吝备,17,8,0.0188,0.0107
108,2025-08-15 21:00,27.2,84.29,2.94,260.16,0,吝备,18,7,0.0186,0.0095
108,2025-08-15 22:00,26.74,86.06,2.6,261.48,0,吝备,18,6,0.0177,0.0088
108,2025-08-15 23:00,26.45,87.94,1.3,282.94,0,吝备,17,5,0.019,0.0083
108,2025-08-16 0:00,26.21,88.65,1.08,287.86,0,吝备,17,8,0.0157,0.0103
108,2025-08-16 1:00,26.03,89.78,1.05,304.03,0,吝备,17,5,0.0154,0.0087
108,2025-08-16 2:00,25.88,89.89,0.63,277.96,0,吝备,15,4,0.0155,0.0086
108,2025-08-16 3:00,25.68,90.62,0.4,289.11,0,吝备,16,6,0.0125,0.0122
108,2025-08-16 4:00,25.6,91.17,0.21,340.44,0,吝备,14,7,0.007,0.0155
108,2025-08-16 5:00,25.69,91.44,1.03,212.42,0,吝备,17,6,0.0102,0.014
108,2025-08-16 6:00,25.82,91.33,0.91,209.08,0,吝备,16,5,0.0107,0.0143
108,2025-08-16 7:00,26.22,90.53,1.49,190.28,0,吝备,16,8,0.0127,0.0123
108,2025-08-16 8:00,26.9,86.55,1.9,201.05,0,吝备,18,9,0.0172,0.0119
108,2025-08-16 9:00,27.63,81.48,2.18,223.73,0,吝备,15,7,0.0229,0.0102
108,2025-08-16 10:00,29.34,73.55,3.03,206.1,0,吝备,17,8,0.023,0.013
108,2025-08-16 11:00,30.42,67.31,3.46,221.55,0,吝备,14,9,0.0295,0.0217
108,2025-08-16 12:00,30.45,65.04,3.01,255.26,0,吝备,18,8,0.0371,0.009
108,2025-08-16 13:00,31.04,63.06,3.62,228.86,0,吝备,17,9,0.0296,0.0127
108,2025-08-16 14:00,31.8,59.18,3.56,244.71,0,吝备,13,8,0.0301,0.0112
108,2025-08-16 15:00,31.41,61.04,3.8,270.91,0,吝备,9,5,0.0305,0.0077
108,2025-08-16 16:00,31.02,63.17,3.26,240.92,0,吝备,11,7,0.0293,0.0145
108,2025-08-16 17:00,30.38,63.86,3.29,230.14,0,吝备,12,7,0.0273,0.0091
108,2025-08-16 18:00,29.98,63.85,3.19,238.49,0,吝备,7,5,0.0269,0.009
108,2025-08-16 19:00,28.79,67.74,2.3,254.5,0,吝备,13,7,0.0233,0.0087
108,2025-08-16 20:00,27.98,72.17,2.42,252.28,0,吝备,9,4,0.0199,0.0089
108,2025-08-16 21:00,27.51,74.49,2.21,250.66,0,吝备,8,3,0.0181,0.0082
108,2025-08-16 22:00,27.03,78.51,2.12,255.2,0,吝备,9,4,0.0182,0.0085
108,2025-08-16 23:00,26.7,80.48,2.23,250.77,0,吝备,9,4,0.0189,0.0085
108,2025-08-17 0:00,26.44,82.79,1.81,230.72,0,吝备,11,4,0.0193,0.0078
108,2025-08-17 1:00,26.42,84.39,1.97,216.84,0,吝备,9,3,0.0212,0.0056
108,2025-08-17 2:00,26.28,85.7,2.19,247.03,0,吝备,12,4,0.0204,0.0054
108,2025-08-17 3:00,26.2,86.38,1.73,241.11,0,吝备,10,4,0.0194,0.0056
108,2025-08-17 4:00,26.14,86.84,1.44,217.81,0,吝备,12,5,0.0185,0.0055
108,2025-08-17 5:00,26.2,87.38,1.95,192.61,0,吝备,11,5,0.0173,0.0063
108,2025-08-17 6:00,26.23,87.55,2.09,207.39,0,吝备,9,7,0.0168,0.0075
108,2025-08-17 7:00,26.49,87.06,2.29,203.35,0,吝备,11,5,0.0169,0.0073
108,2025-08-17 8:00,26.95,85.09,2.58,205.31,0,吝备,14,8,0.018,0.0068
108,2025-08-17 9:00,27.94,80.48,2.39,218.69,0,吝备,14,7,0.0219,0.0064
108,2025-08-17 10:00,28.85,75.27,2.8,210.12,0,吝备,14,10,0.0254,0.0063
108,2025-08-17 11:00,29.98,70.21,2.76,217.07,0,吝备,15,10,0.0304,0.0053
108,2025-08-17 12:00,30.85,63.92,2.7,222.05,0,吝备,10,11,0.0325,0.0047
108,2025-08-17 13:00,31.38,60.48,3.08,200.82,0,吝备,11,6,0.0349,0.0046
108,2025-08-17 14:00,31.61,58.63,2.68,236.32,0,吝备,15,11,0.0388,0.0052
108,2025-08-17 15:00,30.78,61.85,2.89,237.54,0,吝备,15,10,0.0371,0.0058
108,2025-08-17 16:00,31.02,60.87,2.99,223.88,0,吝备,13,10,0.0328,0.0064
108,2025-08-17 17:00,30.48,64.69,2.91,228.53,0,吝备,18,13,0.034,0.0068
108,2025-08-17 18:00,29.78,68.99,2.82,245.68,0,吝备,20,15,0.0348,0.0075
108,2025-08-17 19:00,29.05,70.46,2.47,274.72,0,吝备,19,13,0.0262,0.0106
108,2025-08-17 20:00,28.33,75.24,1.62,281.25,0,吝备,22,15,0.0221,0.0082
108,2025-08-17 21:00,28.01,77.31,1.83,258.99,0,吝备,21,15,0.016,0.0116
108,2025-08-17 22:00,27.92,77.56,1.69,233.65,0,吝备,24,19,0.0197,0.008
108,2025-08-17 23:00,27.8,79.03,1.61,254.16,0,吝备,24,20,0.0196,0.0079
108,2025-08-18 0:00,27.63,79.08,1.49,245.14,0,吝备,26,21,0.0186,0.0086
108,2025-08-18 1:00,27.57,80.76,1.33,197.21,0,吝备,22,19,0.0179,0.0087
108,2025-08-18 2:00,27.51,82.57,2.03,185.73,0,吝备,25,22,0.0165,0.0091
108,2025-08-18 3:00,27.38,83.62,1.74,197.57,0,吝备,24,20,0.0168,0.0084
108,2025-08-18 4:00,27.27,85.24,1.51,196.88,0.06,吝备,24,20,0.0182,0.0077
108,2025-08-18 5:00,27.1,86.35,2.11,183.24,0.2,吝备,25,20,0.0168,0.0107
108,2025-08-18 6:00,27.07,85.35,2.31,185.21,0.2,吝备,29,23,0.0139,0.0138
108,2025-08-18 7:00,27.27,84.3,2.23,184.09,0.2,吝备,25,21,0.0124,0.017
108,2025-08-18 8:00,27.62,82.99,2.47,204.27,0.2,吝备,25,21,0.0141,0.0154
108,2025-08-18 9:00,28.51,79.98,2.67,225.45,0.2,吝备,21,17,0.0144,0.0167
108,2025-08-18 10:00,29.58,74.29,3.32,195.5,0.2,吝备,,,,
108,2025-08-18 11:00,30.72,67.67,3.65,228.2,0.2,吝备,,,,
108,2025-08-18 12:00,31.52,64.52,3.48,222.23,0.2,吝备,30,27,0.0369,0.0082
108,2025-08-18 13:00,32.18,60.77,4.2,231.04,0.2,吝备,26,23,0.0473,0.0089
108,2025-08-18 14:00,32.62,54.7,4.36,233.67,0.2,吝备,30,23,0.0337,0.0147
108,2025-08-18 15:00,32.36,57.07,3.66,220.67,0.2,吝备,25,21,0.0353,0.0158
108,2025-08-18 16:00,32.01,57.95,4.28,222.6,0.2,吝备,29,22,0.0306,0.0208
108,2025-08-18 17:00,30.7,59.49,4.08,227.31,0.2,吝备,28,23,0.0208,0.0184
108,2025-08-18 18:00,29.8,67.48,4.07,234.95,0.2,吝备,22,18,0.025,0.0137
108,2025-08-18 19:00,28.66,74.81,3.8,240.21,0.2,吝备,24,19,0.0232,0.0113
108,2025-08-18 20:00,27.98,81.65,3.56,236.78,0.26,吝备,27,19,0.0224,0.0113
108,2025-08-18 21:00,27.64,88.34,3.32,244.35,0.92,吝备,32,25,0.0217,0.0116
108,2025-08-18 22:00,27.38,89.99,3.69,223.61,1.89,吝备,35,28,0.0228,0.0098
108,2025-08-18 23:00,27.28,88.17,1.93,246.53,2.15,吝备,26,20,0.0218,0.0093
108,2025-08-19 0:00,27.2,86.43,1.94,203.91,0.04,吝备,19,11,0.0223,0.0073
108,2025-08-19 1:00,27.29,86.64,2.17,218.08,0,吝备,16,9,0.0217,0.0077
108,2025-08-19 2:00,27.26,86.84,2.43,197.3,0,吝备,14,8,0.0205,0.0073
108,2025-08-19 3:00,27.16,87.09,2.08,220.25,0,吝备,15,8,0.0198,0.0076
108,2025-08-19 4:00,27.05,87.32,2.24,213.17,0,吝备,16,9,0.0208,0.0069
108,2025-08-19 5:00,26.94,87.76,2.48,202.52,0,吝备,13,6,0.018,0.0094
108,2025-08-19 6:00,26.93,89.04,2.06,211.87,0,吝备,14,3,0.015,0.0123
108,2025-08-19 7:00,27.22,88.16,2.56,201.42,0,吝备,16,6,0.0122,0.0166
108,2025-08-19 8:00,28.14,84.24,3.05,198.77,0,吝备,18,6,0.0138,0.0153
108,2025-08-19 9:00,29.18,76.71,3.47,211.71,0,吝备,14,6,0.0157,0.0169
108,2025-08-19 10:00,30.12,71.77,3.73,196.7,0,吝备,11,8,0.0225,0.0141
108,2025-08-19 11:00,30.73,68.8,4.21,207.3,0,吝备,16,9,0.0278,0.0136
108,2025-08-19 12:00,31.15,66.05,4.38,231.01,0,吝备,16,8,0.0316,0.0103
108,2025-08-19 13:00,31.59,63.99,3.42,241.67,0,吝备,13,6,0.0295,0.0083
108,2025-08-19 14:00,31.91,61.81,3.9,257.7,0,吝备,12,6,0.0305,0.0073
108,2025-08-19 15:00,31.67,62.26,4.03,250.06,0,吝备,11,5,0.0296,0.0091
108,2025-08-19 16:00,31.38,64.8,3.64,271.93,0,吝备,15,5,0.0287,0.0085
108,2025-08-19 17:00,30.92,63.57,3.94,231.62,0,吝备,10,3,0.0234,0.0114
108,2025-08-19 18:00,30.24,65.9,3.72,247.8,0,吝备,10,7,0.0204,0.013
108,2025-08-19 19:00,29.33,69.56,3.28,224.85,0,吝备,15,7,0.0232,0.009
108,2025-08-19 20:00,28.78,72.48,2.81,237.86,0,吝备,14,5,0.0206,0.0109
108,2025-08-19 21:00,28.46,74.06,2.6,254.82,0,吝备,11,5,0.0206,0.0092
108,2025-08-19 22:00,28.28,77.51,2.15,236,0,吝备,12,6,0.0198,0.0096
108,2025-08-19 23:00,28.19,78.74,2.29,232.48,0,吝备,14,6,0.0199,0.0085
108,2025-08-20 0:00,27.91,80.23,1.86,219.16,0,吝备,14,4,0.019,0.0091
108,2025-08-20 1:00,27.81,83.49,2.91,204.91,0,吝备,16,8,0.0204,0.0083
108,2025-08-20 2:00,27.66,83.76,2.75,205.53,0,吝备,16,8,0.0198,0.0077
108,2025-08-20 3:00,27.47,84.36,2.54,202.15,0,吝备,14,8,0.0178,0.0088
108,2025-08-20 4:00,27.28,84.61,1.52,217.73,0,吝备,12,6,0.0172,0.0082
108,2025-08-20 5:00,27.17,85.44,2.38,184.59,0,吝备,14,6,0.0145,0.0109
108,2025-08-20 6:00,26.93,85.07,2.12,213.8,0,吝备,13,5,0.0145,0.0114
108,2025-08-20 7:00,27.35,84.85,2.28,206.24,0,吝备,11,6,0.0135,0.0133
108,2025-08-20 8:00,28.04,81.33,2.72,191.85,0,吝备,14,7,0.0148,0.0151
108,2025-08-20 9:00,29.16,76.34,2.92,183.61,0,吝备,16,8,0.0201,0.0112
108,2025-08-20 10:00,29.96,71.86,2.88,192.87,0,吝备,20,11,0.0236,0.0125
108,2025-08-20 11:00,30.85,67.6,3.09,199.54,0,吝备,18,12,0.0325,0.0147
108,2025-08-20 12:00,31.37,65.06,3.21,215.06,0,吝备,18,13,0.0443,0.0118
108,2025-08-20 13:00,32.02,61.07,3.56,227.73,0,吝备,18,11,0.0385,0.0159
108,2025-08-20 14:00,32.57,58.3,3.75,217.68,0,吝备,17,9,0.0377,0.016
108,2025-08-20 15:00,32.33,57.82,3.1,232.2,0,吝备,14,8,0.0361,0.0171
108,2025-08-20 16:00,31.97,60.11,2.99,250.39,0,吝备,14,11,0.0341,0.0187
108,2025-08-20 17:00,31.08,63.38,2.94,264.54,0,吝备,17,9,0.0342,0.0148
108,2025-08-20 18:00,30.11,69.05,2.86,268.08,0,吝备,18,12,0.0296,0.0155
108,2025-08-20 19:00,29.47,71.36,2.58,270.27,0,吝备,17,9,0.0285,0.0139
108,2025-08-20 20:00,29.01,74.73,2.3,279.45,0,吝备,16,7,0.0233,0.0124
108,2025-08-20 21:00,28.6,78.15,1.94,274.65,0,吝备,16,9,0.0227,0.0108
108,2025-08-20 22:00,28.4,79.22,1.39,250.21,0,吝备,20,11,0.0201,0.013
108,2025-08-20 23:00,28.33,78.3,1.38,270.47,0,吝备,16,10,0.0222,0.0104
108,2025-08-21 0:00,28.21,79.57,1.56,201.55,0,吝备,15,11,0.0246,0.0081
108,2025-08-21 1:00,28.11,80.72,1.73,232.53,0,吝备,18,11,0.0239,0.0082
108,2025-08-21 2:00,27.99,81.84,1.8,240.21,0,吝备,18,14,0.0251,0.0056
108,2025-08-21 3:00,27.77,83.37,1.79,220.38,0,吝备,18,11,0.0235,0.0068
108,2025-08-21 4:00,27.61,84.26,1.72,199,0,吝备,17,11,0.0211,0.008
108,2025-08-21 5:00,27.43,85.05,1.65,186.54,0,吝备,20,13,0.0173,0.0116
108,2025-08-21 6:00,27.5,85.74,1.72,181.04,0,吝备,22,18,0.015,0.015
108,2025-08-21 7:00,27.78,84.51,2.22,199.14,0,吝备,20,12,0.018,0.0137
108,2025-08-21 8:00,28.66,80.8,2.05,188.98,0,吝备,15,9,0.0206,0.0136
108,2025-08-21 9:00,29.4,75.77,2.06,220.1,0,吝备,15,9,0.0272,0.0114
108,2025-08-21 10:00,30.32,70.58,2.03,230.78,0,吝备,14,10,0.0352,0.0134
108,2025-08-21 11:00,31.85,64.53,2.54,218.01,0,吝备,18,12,0.048,0.0121
108,2025-08-21 12:00,32.94,59.87,2.94,213.81,0,吝备,21,15,0.0636,0.0104
108,2025-08-21 13:00,33.7,55.12,2.65,193.18,0,吝备,19,13,0.067,0.0103
108,2025-08-21 14:00,33.79,53.94,2.84,258.75,0,吝备,19,15,0.0669,0.0165
108,2025-08-21 15:00,33.59,54.1,3.47,279.93,0,吝备,18,12,0.0621,0.0123
108,2025-08-21 16:00,33.55,55.1,3.58,275.78,0,吝备,14,7,0.0471,0.0122
108,2025-08-21 17:00,32.36,60.89,3.51,284.97,0,吝备,15,7,0.0372,0.0127
108,2025-08-21 18:00,31.1,63.38,2.83,281.84,0,吝备,13,6,0.0274,0.0142
108,2025-08-21 19:00,29.88,66.14,2.6,288.39,0,吝备,12,4,0.0246,0.0127
108,2025-08-21 20:00,29.17,64.37,1.48,276.04,0,吝备,7,2,0.0225,0.0111
108,2025-08-21 21:00,28.83,66.6,1.05,303.32,0,吝备,6,3,0.0203,0.0117
108,2025-08-21 22:00,28.39,69.94,0.78,309.09,0,吝备,8,5,0.0173,0.0135
108,2025-08-21 23:00,28.01,73.06,1.39,280.7,0,吝备,8,3,0.0154,0.0148
108,2025-08-22 0:00,27.52,73.74,1.29,279.05,0,吝备,9,6,0.0154,0.0132
108,2025-08-22 1:00,27.12,75.41,1.42,281.42,0,吝备,10,4,0.0162,0.0107
108,2025-08-22 2:00,26.87,77.84,0.9,265.11,0,吝备,10,5,0.0175,0.0095
108,2025-08-22 3:00,26.66,80.72,1.02,276.76,0,吝备,10,5,0.0173,0.0105
108,2025-08-22 4:00,26.38,81.34,0.83,270.99,0,吝备,12,6,0.0167,0.0098
108,2025-08-22 5:00,26.2,83.88,0.52,257.52,0,吝备,12,6,0.0154,0.0117
108,2025-08-22 6:00,26.31,87.3,1.2,22.7,0,吝备,12,8,0.0156,0.0124
108,2025-08-22 7:00,26.98,83.91,1.92,42.19,0,吝备,14,6,0.0129,0.0168
108,2025-08-22 8:00,28.04,79.93,1.72,39.46,0,吝备,18,9,0.0163,0.0189
108,2025-08-22 9:00,29.19,74.63,1.52,246.68,0,吝备,10,5,0.027,0.0129
108,2025-08-22 10:00,30.46,66.4,2.58,232.97,0,吝备,8,7,0.0283,0.0156
108,2025-08-22 11:00,31.88,59.8,3.02,216.03,0,吝备,17,10,0.0477,0.0122
108,2025-08-22 12:00,32.72,56.48,3.21,217.07,0,吝备,20,11,0.0655,0.0102
108,2025-08-22 13:00,32.84,56.58,3.42,259.77,0,吝备,21,14,0.0642,0.0093
108,2025-08-22 14:00,33.03,53.54,3.68,256.69,0,吝备,19,12,0.0506,0.0157
108,2025-08-22 15:00,33.37,51.48,3.5,236.39,0,吝备,9,4,0.0332,0.0155
108,2025-08-22 16:00,33.17,51.62,3.25,234.93,0,吝备,12,7,0.0294,0.0172
108,2025-08-22 17:00,32.56,56.23,2.83,255.94,0,吝备,13,9,0.0304,0.0146
108,2025-08-22 18:00,31.14,64.39,3.08,272.42,0,吝备,15,10,0.0307,0.0127
108,2025-08-22 19:00,29.57,69.7,2.81,274.15,0,吝备,13,7,0.0281,0.01
108,2025-08-22 20:00,28.84,74.36,2.4,282.82,0,吝备,11,6,0.0274,0.0087
108,2025-08-22 21:00,28.48,76.26,1.59,295.83,0,吝备,11,7,0.0272,0.0084
108,2025-08-22 22:00,28.21,77.48,1.74,279.77,0,吝备,11,6,0.0228,0.0126
108,2025-08-22 23:00,28.09,78.77,1.64,275.36,0,吝备,12,8,0.0196,0.015
108,2025-08-23 0:00,27.97,80.11,1.65,275.48,0,吝备,14,8,0.0216,0.0121
108,2025-08-23 1:00,27.9,81.25,1.43,276.82,0,吝备,12,7,0.0237,0.0097
108,2025-08-23 2:00,27.81,81.86,1.8,205.67,0,吝备,12,8,0.0265,0.006
108,2025-08-23 3:00,27.62,82.44,1.89,196.54,0,吝备,10,7,0.0266,0.0066
108,2025-08-23 4:00,27.5,82.86,1.56,251.16,0,吝备,11,10,0.0251,0.0084
108,2025-08-23 5:00,27.4,83.39,1.12,227.03,0,吝备,14,9,0.0247,0.0081
108,2025-08-23 6:00,27.43,84.07,1.75,201.81,0,吝备,17,13,0.0204,0.0131
108,2025-08-23 7:00,27.67,83.76,1.65,195.95,0,吝备,15,10,0.0202,0.0156
108,2025-08-23 8:00,28.39,81.02,1.38,196.59,0,吝备,15,9,0.0274,0.0116
108,2025-08-23 9:00,29.37,76.85,1.38,232.54,0,吝备,16,10,0.034,0.009
108,2025-08-23 10:00,30.14,72.14,2.72,208.78,0,吝备,15,10,0.0356,0.0124
108,2025-08-23 11:00,31.12,68.69,3.32,201.78,0,吝备,17,12,0.0427,0.0108
108,2025-08-23 12:00,30.81,69.83,2.56,244.29,0,吝备,25,19,0.0511,0.0107
108,2025-08-23 13:00,30.39,71.59,2.51,278.3,0,吝备,24,17,0.0533,0.0105
108,2025-08-23 14:00,30.24,71.91,2.4,284.01,0,吝备,23,15,0.049,0.0096
108,2025-08-23 15:00,31.05,70.8,2.53,287.55,0,吝备,17,12,0.0533,0.0088
108,2025-08-23 16:00,31.94,67.87,2,280.01,0,吝备,20,13,0.0563,0.0083
108,2025-08-23 17:00,31.7,66.85,1.64,280.71,0,吝备,20,13,0.0565,0.0085
108,2025-08-23 18:00,31.33,67.95,2.07,272.13,0,吝备,21,13,0.0537,0.0095
108,2025-08-23 19:00,30.15,70.87,2.09,279.36,0,吝备,22,14,0.0409,0.0107
108,2025-08-23 20:00,29.28,71.23,1.98,273.46,0,吝备,15,12,0.0337,0.0095
108,2025-08-23 21:00,28.81,72.38,1.61,283.14,0,吝备,15,8,0.0317,0.0087
108,2025-08-23 22:00,28.61,76.13,1.3,319.92,0,吝备,19,11,0.0287,0.0088
108,2025-08-23 23:00,28.34,76.71,1.12,314.8,0,吝备,16,8,0.0309,0.0067
108,2025-08-24 0:00,27.93,77.36,1.23,32.67,0,吝备,18,14,0.0245,0.0113
108,2025-08-24 1:00,27.54,78.71,1.11,44.28,0,吝备,18,12,0.0235,0.0113
108,2025-08-24 2:00,27.39,80.48,1.24,44.61,0,吝备,19,12,0.0226,0.0116
108,2025-08-24 3:00,27.16,81.2,1.14,36.56,0,吝备,17,11,0.0235,0.0091
108,2025-08-24 4:00,27.05,82.15,1.23,48.67,0,吝备,18,11,0.02,0.0114
108,2025-08-24 5:00,26.98,83.81,0.84,306.71,0,吝备,18,11,0.0189,0.0117
108,2025-08-24 6:00,27.15,84.83,0.93,267.34,0,吝备,,11,0.0148,0.0151
108,2025-08-24 7:00,27.56,85.48,0.87,240.48,0,吝备,,13,0.0179,0.0152
108,2025-08-24 8:00,28.23,81.91,1.81,248.78,0,吝备,27,16,0.026,0.0119
108,2025-08-24 9:00,28.86,78.09,1.89,224.85,0,吝备,20,13,0.0331,0.0096
108,2025-08-24 10:00,30.03,72.62,1.6,213.05,0,吝备,21,12,0.0449,0.0085
108,2025-08-24 11:00,31.79,66.19,1.6,161.48,0,吝备,25,18,0.0583,0.0079
108,2025-08-24 12:00,32.64,61.38,1.73,223.53,0,吝备,27,23,0.0666,0.0085
108,2025-08-24 13:00,33.69,56.53,2.69,187.25,0,吝备,28,21,0.0694,0.0086
108,2025-08-24 14:00,34.27,52.77,2.64,202.37,0,吝备,27,20,0.0662,0.0086
108,2025-08-24 15:00,34.4,49.59,2.74,237.93,0,吝备,21,16,0.0659,0.0065
108,2025-08-24 16:00,33.99,50.31,2.23,198.4,0,吝备,22,17,0.0718,0.0072
108,2025-08-24 17:00,33.6,53.98,2.74,279.79,0,吝备,25,18,0.0632,0.0087
108,2025-08-24 18:00,32.34,59.1,2.86,285.52,0,吝备,24,16,0.0624,0.0097
108,2025-08-24 19:00,30.91,63.95,2.08,276.82,0,吝备,21,15,0.0586,0.0103
108,2025-08-24 20:00,30.25,67.17,1.61,288.99,0,吝备,20,16,0.0541,0.0108
108,2025-08-24 21:00,29.79,68.13,1.07,293.78,0,吝备,19,13,0.0489,0.0095
108,2025-08-24 22:00,29.27,70.23,0.97,2.5,0,吝备,21,14,0.036,0.017
108,2025-08-24 23:00,28.82,71.55,0.9,26.5,0,吝备,21,14,0.0325,0.018
108,2025-08-25 0:00,28.65,73.13,1.46,231.23,0,吝备,22,16,0.0321,0.0174
108,2025-08-25 1:00,28.59,74.64,1.67,219.06,0,吝备,19,12,0.0443,0.0086
108,2025-08-25 2:00,28.43,76.95,1.98,205.4,0,吝备,25,16,0.0395,0.0084
108,2025-08-25 3:00,28.13,78.55,1.6,192.1,0,吝备,22,13,0.0375,0.0088
108,2025-08-25 4:00,27.69,80.26,1,51.79,0,吝备,24,18,0.032,0.0117
108,2025-08-25 5:00,27.49,82.86,2.07,141.39,0,吝备,25,15,0.0342,0.0117
108,2025-08-25 6:00,27.57,81.55,1.76,143.16,0,吝备,23,14,0.0342,0.0152
108,2025-08-25 7:00,28.3,79.11,2.39,153.28,0,吝备,18,10,0.0293,0.017
108,2025-08-25 8:00,28.28,78.04,3.23,186.02,0,吝备,25,14,0.0349,0.0163
108,2025-08-25 9:00,26.53,88.37,2.29,283.53,4.56,吝备,19,14,0.048,0.0103
108,2025-08-25 10:00,27.39,92.23,1.25,339.86,14.15,吝备,19,13,0.0297,0.0245
108,2025-08-25 11:00,28.38,90.16,1.44,313.29,14.67,吝备,20,13,0.0307,0.0238
108,2025-08-25 12:00,29.56,83.74,1.57,324.76,14.7,吝备,24,17,0.0405,0.0195
108,2025-08-25 13:00,30.87,73.3,3.09,196.85,14.7,吝备,24,16,0.0503,0.0164
108,2025-08-25 14:00,31.85,66.09,3.87,183.23,14.7,吝备,25,18,0.0501,0.0147
108,2025-08-25 15:00,31.68,66.91,3.72,185.25,14.7,吝备,,,,
108,2025-08-25 16:00,31.79,66.23,4.17,198.77,14.7,吝备,,,,
108,2025-08-25 17:00,31.14,67.7,4.62,212.17,14.8,吝备,26,9,0.0297,0.0116
108,2025-08-25 18:00,29.67,76.37,3.63,210.05,15.7,吝备,23,10,0.029,0.0126
108,2025-08-25 19:00,29.05,80.17,4.34,213.34,15.98,吝备,23,11,0.0297,0.014
108,2025-08-25 20:00,28.96,80.32,3.77,204.83,16.1,吝备,20,9,0.0338,0.0096
108,2025-08-25 21:00,29.06,80.08,4.51,196.66,16.1,吝备,21,9,0.0337,0.0089
108,2025-08-25 22:00,28.87,81.66,4.09,210.02,16.13,吝备,26,9,0.0363,0.0075
108,2025-08-25 23:00,28.03,86.04,2.48,228.55,17.1,吝备,25,11,0.0319,0.01
108,2025-08-26 0:00,27.85,87.51,2.48,197.13,0.29,吝备,18,9,0.0284,0.0093
108,2025-08-26 1:00,27.39,87.89,2.49,177.11,0,吝备,16,9,0.0312,0.0059
108,2025-08-26 2:00,27.1,89.26,2.27,177.82,0.21,吝备,18,11,0.0301,0.0069
108,2025-08-26 3:00,26.63,91.19,2.5,179.01,0.88,吝备,17,11,0.0296,0.0083
108,2025-08-26 4:00,26.03,91.66,3.05,200.94,2.12,吝备,11,6,0.0331,0.0071
108,2025-08-26 5:00,25.62,93.5,2.65,208.48,3.77,吝备,11,6,0.0313,0.011
108,2025-08-26 6:00,25.52,93.85,3.19,192.75,4.98,吝备,11,9,0.0314,0.0128
108,2025-08-26 7:00,25.56,94.46,2.63,197.87,5.39,吝备,15,10,0.0273,0.0188
108,2025-08-26 8:00,25.75,94.25,2.76,202.92,5.4,吝备,22,14,0.0233,0.024
108,2025-08-26 9:00,26.16,92.83,2.43,208.93,5.4,吝备,25,13,0.0277,0.0254
108,2025-08-26 10:00,27.03,89.26,2.64,219.71,5.4,吝备,23,10,0.0282,0.0314
108,2025-08-26 11:00,27.91,82.85,2.73,239.65,5.4,吝备,20,10,0.0434,0.0182
108,2025-08-26 12:00,28.52,75.93,2.93,244.31,5.4,吝备,19,10,0.053,0.0129
108,2025-08-26 13:00,29.82,66.58,3.62,267.37,5.4,吝备,26,13,0.062,0.0084
108,2025-08-26 14:00,30.78,62.59,3.18,265.7,5.4,吝备,20,15,0.0632,0.007
108,2025-08-26 15:00,31.49,61.2,3.09,260.98,5.4,吝备,15,13,0.0599,0.0086
108,2025-08-26 16:00,31.26,62.24,3.56,261.81,5.4,吝备,15,11,0.0557,0.0108
108,2025-08-26 17:00,30.38,66.5,3.76,257.64,5.4,吝备,15,10,0.0513,0.0124
108,2025-08-26 18:00,29.1,71.17,4.1,260.02,5.4,吝备,13,11,0.0468,0.0162
108,2025-08-26 19:00,28.12,75.96,3.04,241.41,5.4,吝备,16,9,0.0445,0.0174
108,2025-08-26 20:00,27.28,76.3,2.63,256.43,5.4,吝备,16,10,0.0475,0.0142
108,2025-08-26 21:00,26.83,77.68,2.08,261.33,5.4,吝备,14,8,0.0428,0.0157
108,2025-08-26 22:00,26.64,79.24,1.75,278.37,5.4,吝备,16,8,0.0427,0.0124
108,2025-08-26 23:00,26.17,82.98,1.3,289.76,5.4,吝备,16,6,0.0426,0.0086
108,2025-08-27 0:00,25.7,83.88,0.59,242.4,0.09,吝备,16,6,0.0405,0.0076
108,2025-08-27 1:00,25.31,85.59,0.76,301.27,0,吝备,15,7,0.0349,0.0106
108,2025-08-27 2:00,24.92,87.36,0.96,289.8,0,吝备,14,9,0.0256,0.0116
108,2025-08-27 3:00,24.71,88.57,1.27,278.99,0,吝备,17,7,0.0257,0.0123
108,2025-08-27 4:00,24.53,88.32,1.17,296.15,0,吝备,18,9,0.0245,0.0126
108,2025-08-27 5:00,24.13,89.07,0.88,341.86,0,吝备,19,8,0.0222,0.0121
108,2025-08-27 6:00,23.66,88.83,1.69,39.16,0,吝备,21,7,0.02,0.0159
108,2025-08-27 7:00,24.26,88.28,1.29,50.51,0,吝备,20,8,0.0205,0.0203
108,2025-08-27 8:00,25.57,84.41,1.4,81.05,0,吝备,25,10,0.0196,0.0244
108,2025-08-27 9:00,25.95,81.29,1.92,34.34,0,吝备,21,9,0.0279,0.0216
108,2025-08-27 10:00,26.35,77.19,2.13,2.75,0,吝备,23,12,0.0464,0.0187
108,2025-08-27 11:00,27.2,71.4,2.4,341.47,0,吝备,19,11,0.0628,0.0162
108,2025-08-27 12:00,28.35,64.98,2.73,341.25,0,吝备,17,8,0.0775,0.0126
108,2025-08-27 13:00,29.58,57.87,2.2,343.2,0,吝备,21,14,0.0834,0.0142
108,2025-08-27 14:00,29.81,55.95,1.41,209.95,0,吝备,19,13,0.091,0.0099
108,2025-08-27 15:00,30.39,53.98,1.63,237.52,0,吝备,17,11,0.0933,0.014
108,2025-08-27 16:00,30.4,54.87,2.08,240.91,0,吝备,20,13,0.0937,0.0193
108,2025-08-27 17:00,29.26,61.98,3.29,277.69,0,吝备,32,20,0.0815,0.0151
108,2025-08-27 18:00,28.2,63.23,2.3,275.18,0,吝备,28,16,0.067,0.0137
108,2025-08-27 19:00,27.56,66.85,2.1,278.4,0,吝备,26,12,0.0494,0.0138
108,2025-08-27 20:00,27.13,69.51,1.07,282.05,0,吝备,20,12,0.0433,0.0101
108,2025-08-27 21:00,26.65,71.36,1.2,271.79,0,吝备,19,11,0.0393,0.0104
108,2025-08-27 22:00,26.25,73.74,0.56,319.58,0,吝备,22,11,0.0236,0.0206
108,2025-08-27 23:00,26.06,75.75,0.72,306.55,0,吝备,21,12,0.0249,0.0193
108,2025-08-28 0:00,25.83,75.79,1.55,45.21,0,吝备,23,13,0.0218,0.0212
108,2025-08-28 1:00,25.55,76.92,1.85,40.07,0,吝备,26,16,0.0297,0.0184
108,2025-08-28 2:00,25.28,76.89,2.06,47.7,0,吝备,22,16,0.0346,0.0136
108,2025-08-28 3:00,24.99,77.23,1.89,45.44,0,吝备,21,13,0.0334,0.0142
108,2025-08-28 4:00,24.9,77.56,1.56,58.68,0,吝备,21,17,0.0344,0.0142
108,2025-08-28 5:00,24.82,78.22,1.54,61.82,0,吝备,20,13,0.0356,0.0141
108,2025-08-28 6:00,24.8,79.25,1,72.14,0,吝备,21,14,0.0284,0.021
108,2025-08-28 7:00,25.4,79.3,1.47,94.59,0,吝备,20,11,0.0243,0.0243
108,2025-08-28 8:00,26.5,76.96,1.75,103.02,0,吝备,20,9,0.0248,0.0237
108,2025-08-28 9:00,28.13,72.39,1.77,135.45,0,吝备,21,10,0.0348,0.0208
108,2025-08-28 10:00,29.47,67.58,2.76,160.12,0,吝备,27,17,0.0546,0.0176
108,2025-08-28 11:00,30,63.95,3.69,175.79,0,吝备,25,15,0.0589,0.0151
108,2025-08-28 12:00,30.31,61.65,3.67,197.31,0,吝备,22,20,0.0664,0.013
108,2025-08-28 13:00,30.52,60.26,3.76,198.25,0,吝备,26,19,0.0711,0.0168
108,2025-08-28 14:00,30.73,59.66,3.34,205.29,0,吝备,33,19,0.0673,0.0189
108,2025-08-28 15:00,30.57,63.96,3.24,225.18,0,吝备,27,16,0.0544,0.0201
108,2025-08-28 16:00,30.57,65.95,3.17,221.09,0,吝备,27,19,0.0523,0.0168
108,2025-08-28 17:00,30.82,65.72,3,208.51,0,吝备,,21,0.0451,0.0171
108,2025-08-28 18:00,30.13,69.01,3.76,202.56,0,吝备,29,17,0.0384,0.0162
108,2025-08-28 19:00,29.42,69.75,3.55,203.91,0,吝备,18,9,0.0362,0.0139
108,2025-08-28 20:00,29,72.8,3.35,208.73,0,吝备,17,12,0.0319,0.0121
108,2025-08-28 21:00,28.55,77.08,3.62,199.98,0,吝备,13,7,0.027,0.0092
108,2025-08-28 22:00,28.27,80.13,3.54,202.85,0,吝备,13,6,0.0231,0.0096
108,2025-08-28 23:00,28.15,81.8,3.42,209.07,0,吝备,13,7,0.0204,0.0105
108,2025-08-29 0:00,28.08,82.56,3.22,197.78,0,吝备,14,6,0.0209,0.0082
108,2025-08-29 1:00,27.99,83.13,3.35,186.83,0,吝备,16,9,0.0212,0.0075
108,2025-08-29 2:00,27.9,84.2,3.48,196.41,0,吝备,12,9,0.0194,0.0067
108,2025-08-29 3:00,27.82,85.12,2.95,195.04,0,吝备,11,5,0.0183,0.0066
108,2025-08-29 4:00,27.72,84.97,2.76,198.14,0,吝备,13,8,0.0184,0.0068
108,2025-08-29 5:00,27.44,87.54,2.84,203.2,0.17,吝备,13,8,0.0153,0.0089
108,2025-08-29 6:00,27.36,88.19,2.8,208.57,0.3,吝备,14,6,0.0113,0.0132
108,2025-08-29 7:00,27.65,87.51,3.14,205.17,0.3,吝备,17,7,0.0102,0.0164
108,2025-08-29 8:00,28.19,85.28,3.21,206.41,0.3,吝备,16,8,0.0119,0.0152
108,2025-08-29 9:00,29.29,81.4,3.45,212.18,0.3,吝备,19,7,0.0166,0.0142
108,2025-08-29 10:00,30.57,74.27,4.71,212.71,0.3,吝备,20,6,0.0202,0.0166
108,2025-08-29 11:00,31.1,70.12,4.69,222.57,0.3,吝备,21,11,0.0273,0.0129
108,2025-08-29 12:00,31.97,65.92,4.91,219.4,0.3,吝备,25,16,0.0362,0.0147
108,2025-08-29 13:00,32.53,63.45,4.96,214.44,0.3,吝备,23,12,0.0458,0.0088
108,2025-08-29 14:00,32.5,63.32,4.31,222.31,0.3,吝备,27,14,0.039,0.0165
108,2025-08-29 15:00,31.93,64.91,4.94,224.61,0.3,吝备,21,9,0.0359,0.0179
108,2025-08-29 16:00,29.77,76.62,4.41,246.97,3.48,吝备,28,15,0.0348,0.0183
108,2025-08-29 17:00,28.33,87.05,2.59,257.81,12.3,吝备,21,12,0.0327,0.0166
108,2025-08-29 18:00,28.53,84.76,3.38,233.87,12.3,吝备,18,7,0.0301,0.0138
108,2025-08-29 19:00,28.56,83.89,3.21,231.75,12.3,吝备,21,6,0.0289,0.0128
108,2025-08-29 20:00,28.51,85.29,2.85,219.95,12.56,吝备,21,10,0.0277,0.0093
108,2025-08-29 21:00,27.7,92.16,2.41,224.63,21.69,吝备,20,10,0.0261,0.0114
108,2025-08-29 22:00,27.7,92.05,2.84,213.02,25.34,吝备,18,9,0.0251,0.0106
108,2025-08-29 23:00,27.44,91.7,2.45,204.11,27.33,吝备,15,7,0.0255,0.0112
108,2025-08-30 0:00,27.33,93.42,2.25,208.7,1.16,吝备,18,12,0.0269,0.0093
108,2025-08-30 1:00,27.2,93.88,2.44,204.26,3.44,吝备,18,9,0.0316,0.0067
108,2025-08-30 2:00,27.11,94.72,1.6,233.74,8.84,吝备,17,7,0.0328,0.0063
108,2025-08-30 3:00,27.09,94.77,1.78,244.28,12.6,吝备,13,8,0.034,0.0075
108,2025-08-30 4:00,26.99,94.09,1.55,272.64,13.21,吝备,17,10,0.0315,0.0088
108,2025-08-30 5:00,26.39,93.41,2.33,250.39,21.13,吝备,17,10,0.0392,0.0079
108,2025-08-30 6:00,26.37,93.05,0.46,111.72,23.9,吝备,15,11,0.0255,0.0239
108,2025-08-30 7:00,26.39,93.31,1.7,149.87,23.9,吝备,15,11,0.0251,0.0209
108,2025-08-30 8:00,25.91,92.16,1.67,167.83,23.9,吝备,15,10,0.0316,0.0187
108,2025-08-30 9:00,26.52,92.12,0.75,100.72,23.9,吝备,13,9,0.033,0.0193
108,2025-08-30 10:00,27.7,88.89,1.66,179.46,23.9,吝备,11,6,0.0266,0.0179
108,2025-08-30 11:00,29.18,82.25,2.87,196.32,23.9,吝备,12,7,0.0323,0.0144
108,2025-08-30 12:00,30.62,72.35,3.89,203.78,23.9,吝备,16,9,0.0344,0.0128
108,2025-08-30 13:00,31.23,64.02,3.46,237.59,23.9,吝备,13,8,0.0316,0.0104
108,2025-08-30 14:00,31.26,62.93,3.38,257.43,23.9,吝备,11,3,0.0336,0.0085
108,2025-08-30 15:00,31.3,66.59,3.07,277.39,23.9,吝备,9,5,0.0359,0.0072
108,2025-08-30 16:00,31.68,64.41,3.34,276.13,23.9,吝备,5,1,0.034,0.0066
108,2025-08-30 17:00,31.53,63.34,2.66,266.92,23.9,吝备,7,3,0.03,0.0075
108,2025-08-30 18:00,30.74,64.85,1.67,276.82,23.9,吝备,9,8,0.0273,0.0105
108,2025-08-30 19:00,29.54,69.59,1.3,277.83,23.9,吝备,10,4,0.0197,0.0158
108,2025-08-30 20:00,28.62,73.39,1.67,276.17,23.9,吝备,10,4,0.0167,0.0149
108,2025-08-30 21:00,28.06,76.04,0.9,279.01,23.9,吝备,9,4,0.0117,0.0157
108,2025-08-30 22:00,27.61,78.27,1.08,278.08,23.9,吝备,10,7,0.0063,0.019
108,2025-08-30 23:00,27.21,80.72,0.5,352.24,23.9,吝备,14,5,0.0071,0.0192
108,2025-08-31 0:00,26.85,82.67,0.79,3.23,0.4,吝备,14,7,0.006,0.0179
108,2025-08-31 1:00,26.39,83.43,1.09,42.09,0,吝备,14,3,0.0055,0.0186
108,2025-08-31 2:00,26.01,84.55,1.24,34.32,0,吝备,18,9,0.0054,0.0175
108,2025-08-31 3:00,25.67,86.09,1.5,43.07,0,吝备,19,6,0.0073,0.0167
108,2025-08-31 4:00,25.42,87.01,1.75,44.95,0,吝备,20,7,0.0105,0.0138
108,2025-08-31 5:00,25.22,88.49,2.08,52.33,0,吝备,18,7,0.0104,0.0128
108,2025-08-31 6:00,25.15,89.52,1.88,55.94,0,吝备,18,10,0.0138,0.0101
108,2025-08-31 7:00,25.86,88.06,1.59,64.81,0,吝备,18,7,0.0171,0.0093
108,2025-08-31 8:00,26.99,84.5,1.58,71.71,0,吝备,20,6,0.0205,0.0105
108,2025-08-31 9:00,28.68,79.11,1.83,99.39,0,吝备,13,5,0.0278,0.0107
108,2025-08-31 10:00,30.06,70.96,2.64,167.17,0,吝备,16,14,0.0349,0.0088
108,2025-08-31 11:00,30.39,67.29,3.17,206.08,0,吝备,18,14,0.0355,0.0065
108,2025-08-31 12:00,30.96,67.21,2.91,242.38,0,吝备,23,20,0.0395,0.0058
108,2025-08-31 13:00,30.58,68.7,1.95,278.89,0,吝备,28,23,0.0452,0.0068
108,2025-08-31 14:00,31.35,65.9,2.51,234.32,0,吝备,25,19,0.046,0.0082
108,2025-08-31 15:00,31.26,62.49,3.32,183.64,0,吝备,32,26,0.0357,0.008
108,2025-08-31 16:00,30.96,66.24,3.58,211.59,0,吝备,36,31,0.0348,0.0093
108,2025-08-31 17:00,30.64,66.46,3.71,205.89,0,吝备,33,29,0.0347,0.0079
108,2025-08-31 18:00,29.88,66.46,3.19,210.08,0,吝备,36,30,0.0237,0.0076
108,2025-08-31 19:00,29.24,70.2,2.94,200.29,0,吝备,35,31,0.018,0.0103
108,2025-08-31 20:00,28.84,73.82,3.35,195.82,0,吝备,30,24,0.0185,0.0088
108,2025-08-31 21:00,28.52,75.97,3.84,189.77,0,吝备,23,19,0.0199,0.0084
108,2025-08-31 22:00,28.19,76.46,3.35,190.88,0,吝备,21,15,0.0197,0.0085
108,2025-08-31 23:00,27.88,76.48,2.63,183.08,0,吝备,16,12,0.0203,0.0081
108,2025-09-01 0:00,27.6,76.91,2.42,177.74,0,吝备,14,11,0.0199,0.0075
108,2025-09-01 1:00,27.38,77.78,2.76,170.79,0,吝备,14,10,0.0194,0.007
108,2025-09-01 2:00,27.14,79.14,3.25,168.99,0,吝备,14,10,0.0204,0.0071
108,2025-09-01 3:00,27.05,79.85,3,176.94,0,吝备,10,7,0.0215,0.0064
108,2025-09-01 4:00,26.75,83.78,3.02,203.37,1.46,吝备,8,4,0.0196,0.0073
108,2025-09-01 5:00,25.33,90.6,2.13,183.38,8.54,吝备,11,7,0.0212,0.0084
108,2025-09-01 6:00,25.05,92.31,1.47,162.65,13.38,吝备,7,3,0.0172,0.0134
108,2025-09-01 7:00,25.25,90.81,1.82,173.88,13.9,吝备,5,1,0.0189,0.0146
108,2025-09-01 8:00,25.88,90.08,1.19,107.05,13.9,吝备,5,1,0.0163,0.0176
108,2025-09-01 9:00,26.29,89.87,2.48,152.39,13.9,吝备,8,2,0.0148,0.0169
108,2025-09-01 10:00,26.5,87,3.26,183.14,13.9,吝备,17,6,0.0181,0.0162
108,2025-09-01 11:00,27.07,84.26,3.39,187.01,13.9,吝备,,,,
108,2025-09-01 12:00,27.87,80.42,3.63,184.29,13.9,吝备,,,,
108,2025-09-01 13:00,28.05,80.54,3.34,194.24,13.95,吝备,18,9,,0.0179
108,2025-09-01 14:00,27.73,85.07,3.8,197.18,15.58,吝备,27,,,0.0225
108,2025-09-01 15:00,27.31,81.88,5.18,195.53,15.6,吝备,14,7,,0.0231
108,2025-09-01 16:00,27.84,81.63,3.91,206.79,15.6,吝备,13,10,,0.0242
108,2025-09-01 17:00,27.28,84.59,3.38,242.44,16.66,吝备,17,12,,0.0218
108,2025-09-01 18:00,25.85,88.13,1.9,298.91,20.39,吝备,14,11,0.0319,0.0138
108,2025-09-01 19:00,25.63,87.79,1.03,310.37,20.4,吝备,11,6,0.0307,0.0162
108,2025-09-01 20:00,25.42,87.11,1.12,308.96,20.4,吝备,11,5,0.0326,0.0117
108,2025-09-01 21:00,25.24,87.52,1.21,299.59,20.4,吝备,10,4,0.0306,0.0116
108,2025-09-01 22:00,24.9,89,1.17,289.1,20.4,吝备,10,7,0.0277,0.0115
108,2025-09-01 23:00,24.56,90.17,1.15,279.78,20.4,吝备,13,4,0.0241,0.0112
108,2025-09-02 0:00,24.26,90.44,0.82,266.67,0.34,吝备,15,2,0.0274,0.0073
108,2025-09-02 1:00,23.93,90.63,0.94,241.77,0,吝备,14,5,0.0285,0.0079
108,2025-09-02 2:00,23.61,91.01,1.02,272.65,0,吝备,18,7,0.0279,0.0077
108,2025-09-02 3:00,23.25,92.12,1.31,276.66,0,吝备,17,7,0.0237,0.009
108,2025-09-02 4:00,22.91,92.24,1.4,303.83,0,吝备,18,10,0.0286,0.0071
108,2025-09-02 5:00,22.43,91.01,1.4,321.34,0,吝备,17,9,0.0342,0.0071
108,2025-09-02 6:00,22.09,91.96,1.39,29.8,0,吝备,19,8,0.0259,0.0107
108,2025-09-02 7:00,22.38,92.03,1.82,44.42,0,吝备,16,7,0.0274,0.012
108,2025-09-02 8:00,23.58,87.46,2.1,47.56,0,吝备,15,8,0.0299,0.014
108,2025-09-02 9:00,24.54,81.25,1.4,51.73,0,吝备,17,7,0.0412,0.0109
108,2025-09-02 10:00,25.63,76.7,1.16,342.19,0,吝备,20,11,0.0453,0.0112
108,2025-09-02 11:00,27.18,71.81,1.72,266.05,0,吝备,14,7,0.0546,0.0076
108,2025-09-02 12:00,27.88,69.12,2.15,258.23,0,吝备,17,13,0.0602,0.0066
108,2025-09-02 13:00,28.68,64.36,2.33,289.06,0,吝备,14,7,0.0623,0.0053
108,2025-09-02 14:00,29.42,61.22,2.22,285.64,0,吝备,18,14,0.0693,0.0057
108,2025-09-02 15:00,29.89,58.48,2.1,283.41,0,吝备,17,12,0.0782,0.007
108,2025-09-02 16:00,30.45,55.38,2.47,264.02,0,吝备,11,5,0.0755,0.0075
108,2025-09-02 17:00,30.18,54.96,2.21,277.06,0,吝备,14,9,0.0699,0.0083
108,2025-09-02 18:00,29.13,58.04,1.68,311.99,0,吝备,18,12,0.0633,0.0092
108,2025-09-02 19:00,27.64,62.62,1.63,284.11,0,吝备,16,10,0.0565,0.0105
108,2025-09-02 20:00,26.64,65.6,1.02,266.32,0,吝备,15,6,0.0514,0.011
108,2025-09-02 21:00,25.89,69.69,0.93,292.55,0,吝备,16,10,0.0337,0.0198
108,2025-09-02 22:00,25.38,73.57,1.08,293.19,0,吝备,23,13,0.0236,0.0251
108,2025-09-02 23:00,24.91,76.64,1.13,297.25,0,吝备,21,12,0.0257,0.0207
108,2025-09-03 0:00,24.6,79.3,1.12,356.13,0,吝备,23,12,0.0244,0.0185
108,2025-09-03 1:00,24.09,81.31,1.61,35.67,0,吝备,23,13,0.0206,0.0186
108,2025-09-03 2:00,23.75,83.23,1.33,36.89,0,吝备,24,14,0.0198,0.0186
108,2025-09-03 3:00,23.43,85.57,1.62,41.7,0,吝备,24,13,0.0251,0.0164
108,2025-09-03 4:00,23.16,86.65,1.47,40.13,0,吝备,27,16,0.0321,0.0137
108,2025-09-03 5:00,22.83,87.89,1.78,34.6,0,吝备,24,13,0.0324,0.0147
108,2025-09-03 6:00,22.66,89.6,2.03,38.19,0,吝备,24,12,0.0213,0.0203
108,2025-09-03 7:00,23.43,89.15,1.83,65.34,0,吝备,27,13,0.0201,0.0205
108,2025-09-03 8:00,24.78,82.27,2.5,58.77,0,吝备,26,14,0.0307,0.0198
108,2025-09-03 9:00,26.46,74.86,2.35,56.37,0,吝备,20,9,0.0439,0.0171
108,2025-09-03 10:00,27.55,68.22,2.27,57.77,0,吝备,22,13,0.0554,0.0166
108,2025-09-03 11:00,28.97,61.35,2.66,74.59,0,吝备,18,10,0.0628,0.0147
108,2025-09-03 12:00,30.19,53.62,1.75,90.43,0,吝备,17,13,0.0712,0.013
108,2025-09-03 13:00,30.84,50.7,2.34,134.22,0,吝备,18,12,0.0697,0.0151
108,2025-09-03 14:00,31.28,48.57,2.31,104,0,吝备,19,12,0.0754,0.015
108,2025-09-03 15:00,31.8,43.25,2.33,115.14,0,吝备,14,7,0.0726,0.0133
108,2025-09-03 16:00,31.55,50.8,1.8,123.65,0,吝备,14,9,0.0766,0.0142
108,2025-09-03 17:00,31.18,54.33,1.31,81.4,0,吝备,22,13,0.0716,0.015
108,2025-09-03 18:00,30.38,57.02,1.37,16.64,0,吝备,21,14,0.0689,0.0154
108,2025-09-03 19:00,29.35,60.27,1.78,21.46,0,吝备,20,14,0.0565,0.017
108,2025-09-03 20:00,28.82,63.2,2.17,39.88,0,吝备,18,14,0.0434,0.0209
108,2025-09-03 21:00,28.52,64.79,1.92,38.41,0,吝备,20,13,0.0396,0.0192
108,2025-09-03 22:00,28.29,65.99,1.61,43.74,0,吝备,17,11,0.034,0.0189
108,2025-09-03 23:00,27.93,67.48,1.97,43.13,0,吝备,19,12,0.0312,0.0198
108,2025-09-04 0:00,27.6,68.61,2.15,52.94,0,吝备,19,15,0.0278,0.0184
108,2025-09-04 1:00,26.44,80.81,2.34,61.57,1.34,吝备,22,14,0.0321,0.0116
108,2025-09-04 2:00,25.16,88.02,2.71,26.72,3.34,吝备,17,13,0.0345,0.0083
108,2025-09-04 3:00,24.2,92.94,2.06,76.25,24.74,吝备,12,8,0.0349,0.007
108,2025-09-04 4:00,23.81,92.86,2.76,51.94,38.34,吝备,8,6,0.0373,0.0057
108,2025-09-04 5:00,23.22,93.05,2.63,57.28,39.1,吝备,4,2,0.0379,0.0065
108,2025-09-04 6:00,22.87,93.69,2.41,55.13,40.34,吝备,6,2,0.0315,0.0122
108,2025-09-04 7:00,22.97,95.12,2.83,54.8,41.2,吝备,6,2,0.0305,0.0127
108,2025-09-04 8:00,23.17,95.87,2.87,55.11,42.24,吝备,7,3,0.0238,0.0197
108,2025-09-04 9:00,23.43,95.84,3.22,53.05,43.7,吝备,8,4,0.0236,0.0199
108,2025-09-04 10:00,23.75,93.95,2.87,46.12,44.18,吝备,8,6,0.0274,0.0177
108,2025-09-04 11:00,24.85,89.93,2.97,50.1,44.2,吝备,5,1,0.0317,0.0152
108,2025-09-04 12:00,26.41,81.85,3.12,55.65,44.2,吝备,8,5,0.0392,0.0109
108,2025-09-04 13:00,27.88,75.2,3.01,51.73,44.2,吝备,7,4,0.045,0.0122
108,2025-09-04 14:00,28.64,71.43,2.33,61.96,44.2,吝备,7,1,0.0483,0.0107
108,2025-09-04 15:00,29.38,68.34,2.38,53.21,44.2,吝备,8,3,0.0487,0.0115
108,2025-09-04 16:00,29.46,66.86,2.72,50.84,44.2,吝备,11,8,0.0435,0.0153
108,2025-09-04 17:00,28.77,68.06,2.49,51.65,44.2,吝备,11,5,0.0382,0.0158
108,2025-09-04 18:00,28.22,69.92,2.41,41.95,44.2,吝备,11,4,0.035,0.0158
108,2025-09-04 19:00,27.39,71.02,1.94,61.66,44.2,吝备,15,9,0.0303,0.0173
108,2025-09-04 20:00,26.71,74.31,2.14,55.78,44.2,吝备,16,9,0.0293,0.0146
108,2025-09-04 21:00,26.31,76.22,2.62,54.11,44.2,吝备,12,6,0.0285,0.0129
108,2025-09-04 22:00,25.98,76.02,2.44,61.83,44.2,吝备,13,5,0.0293,0.0107
108,2025-09-04 23:00,25.55,76.05,2.56,52.84,44.2,吝备,9,3,0.0307,0.0092
108,2025-09-05 0:00,25.18,75.45,2.69,58.5,0.74,吝备,7,4,0.0327,0.0078
108,2025-09-05 1:00,24.73,74.65,2.39,59.23,0,吝备,8,2,0.035,0.006
108,2025-09-05 2:00,24.3,73.44,2.23,62.54,0,吝备,10,4,0.0366,0.0056
108,2025-09-05 3:00,24.01,73.52,1.9,58.07,0,吝备,9,3,0.0372,0.0065
108,2025-09-05 4:00,23.85,74.19,1.82,61.66,0,吝备,11,4,0.0344,0.0084
108,2025-09-05 5:00,23.66,76.27,2.08,60.18,0,吝备,13,3,0.0272,0.0135
108,2025-09-05 6:00,23.67,79.69,2.46,46.91,0,吝备,15,6,0.0206,0.0165
108,2025-09-05 7:00,24.24,75.01,2.55,55.02,0,吝备,14,2,0.026,0.0178
108,2025-09-05 8:00,25.54,71.29,2.44,60.63,0,吝备,14,3,0.0293,0.018
108,2025-09-05 9:00,27.3,66.77,2.67,59.08,0,吝备,13,1,0.0325,0.0172
108,2025-09-05 10:00,28.9,62.05,2.61,55.36,0,吝备,9,5,0.0411,0.0132
108,2025-09-05 11:00,30.23,60.45,2.42,101.96,0,吝备,12,4,0.0487,0.0144
108,2025-09-05 12:00,31.1,58.32,2.33,105.45,0,吝备,14,9,0.0579,0.0117
108,2025-09-05 13:00,31.93,57.63,2.09,165.13,0,吝备,18,10,0.0655,0.013
108,2025-09-05 14:00,32.48,56.78,2.35,126.51,0,吝备,18,9,0.0705,0.012
108,2025-09-05 15:00,32.62,54.27,2.34,211.9,0,吝备,15,8,0.0753,0.0145
108,2025-09-05 16:00,32,56.04,2.07,229.47,0,吝备,14,12,0.0697,0.0158
108,2025-09-05 17:00,31.03,61.72,2.75,275.99,0,吝备,23,15,0.0692,0.0212
108,2025-09-05 18:00,29.87,66.45,2.5,275.83,0,吝备,30,22,0.0618,0.0213
108,2025-09-05 19:00,29.07,69.97,2.11,271.44,0,吝备,26,19,0.0555,0.0226
108,2025-09-05 20:00,28.41,71.3,1.01,281.27,0,吝备,25,18,0.0434,0.0196
108,2025-09-05 21:00,28,71.26,1.56,278.76,0,吝备,21,15,0.0294,0.0252
108,2025-09-05 22:00,27.6,72.59,1.11,255.65,0,吝备,17,15,0.0238,0.0244
108,2025-09-05 23:00,27.31,74.24,1.3,231.29,0,吝备,18,12,0.0235,0.0208
108,2025-09-06 0:00,27.11,77.2,1.43,219.38,0,吝备,19,12,0.0301,0.0129
108,2025-09-06 1:00,27.15,79.24,1.82,195.91,0,吝备,18,12,0.0295,0.0121
108,2025-09-06 2:00,27.11,79.89,1.44,146.71,0,吝备,18,12,0.0267,0.0113
108,2025-09-06 3:00,26.98,81.58,1.36,146.86,0.03,吝备,19,13,0.0296,0.0098
108,2025-09-06 4:00,26.55,85.73,1.29,163.55,0.98,吝备,20,15,0.0248,0.0103
108,2025-09-06 5:00,26.21,86.55,1.74,176.83,1.17,吝备,18,13,0.0257,0.0112
108,2025-09-06 6:00,26.09,86.47,1.06,168.77,1.6,吝备,18,15,0.0227,0.0157
108,2025-09-06 7:00,26.07,88.34,1.15,118.75,3.26,吝备,17,11,0.0236,0.0169
108,2025-09-06 8:00,26.22,90.18,1.64,175.84,4.74,吝备,15,11,0.0245,0.0155
108,2025-09-06 9:00,26.21,92.51,1.55,197.4,15.12,吝备,16,12,0.0199,0.0179
108,2025-09-06 10:00,26.72,91.09,1.73,194.56,16.6,吝备,17,14,0.0186,0.0208
108,2025-09-06 11:00,26.85,89.78,2.95,205.8,20.39,吝备,15,12,0.0233,0.0213
108,2025-09-06 12:00,28.23,85.33,3.23,202.85,20.4,吝备,14,6,0.0304,0.0184
108,2025-09-06 13:00,29.21,80.11,3.83,214.78,20.4,吝备,18,9,0.0355,0.0127
108,2025-09-06 14:00,29.6,75.24,4.4,217.19,20.4,吝备,19,10,0.0298,0.017
108,2025-09-06 15:00,29.96,72.32,6.02,226.82,20.4,吝备,20,9,0.0384,0.0104
108,2025-09-06 16:00,28.8,79.32,4.91,229.48,21.09,吝备,24,13,0.036,0.0078
108,2025-09-06 17:00,26.15,89.07,3.02,245.5,34.54,吝备,21,13,0.0411,0.0103
108,2025-09-06 18:00,25.64,88.79,1.84,225.4,35.3,吝备,13,5,0.0425,0.0123
108,2025-09-06 19:00,25.51,91.1,2.67,191.46,35.51,吝备,14,5,0.0393,0.0121
108,2025-09-06 20:00,25.45,91.75,2.38,186.88,35.8,吝备,20,11,0.0373,0.0127
108,2025-09-06 21:00,25.54,91.24,2.09,190.08,35.8,吝备,15,8,0.0384,0.0124
108,2025-09-06 22:00,25.69,91.62,2.13,202.01,35.8,吝备,14,8,0.0384,0.0101
108,2025-09-06 23:00,25.8,92.87,2.91,199.43,35.82,吝备,18,12,0.0345,0.0108
108,2025-09-07 0:00,25.7,93.77,2.73,206.32,0.78,吝备,25,17,0.0352,0.0087
108,2025-09-07 1:00,25.7,92.85,2.63,212.88,0.2,吝备,20,13,0.039,0.006
108,2025-09-07 2:00,25.59,92.19,2.68,218.59,0.2,吝备,16,7,0.0397,0.0052
108,2025-09-07 3:00,25.23,90.9,2.53,264.42,0.2,吝备,12,4,0.042,0.0053
108,2025-09-07 4:00,24.78,89.48,2.11,262.32,0.2,吝备,9,4,0.0406,0.005
108,2025-09-07 5:00,24.61,89.71,1.96,258.97,0.2,吝备,9,4,0.0391,0.0064
108,2025-09-07 6:00,24.46,90.06,2.02,258.16,0.2,吝备,12,8,0.0377,0.0071
108,2025-09-07 7:00,24.44,89.78,1.66,274.73,0.2,吝备,13,8,0.0379,0.0065
108,2025-09-07 8:00,24.86,87.48,1.69,271.46,0.2,吝备,13,8,0.0406,0.0058
108,2025-09-07 9:00,25.71,83.05,2.15,293.12,0.2,吝备,12,5,0.0435,0.0051
108,2025-09-07 10:00,26.56,76.74,2.1,272.78,0.2,吝备,11,7,0.0512,0.0055
108,2025-09-07 11:00,27.21,69.87,2.25,282.26,0.2,吝备,10,6,0.0573,0.0046
108,2025-09-07 12:00,27.71,64.86,2.25,263,0.2,吝备,14,7,0.0575,0.0044
108,2025-09-07 13:00,28.04,66.23,2.65,286.17,0.2,吝备,19,10,0.0558,0.0051
108,2025-09-07 14:00,27.33,67.98,2.73,291.93,0.2,吝备,21,10,0.0536,0.0051
108,2025-09-07 15:00,26.89,63.92,2.55,272.65,0.2,吝备,18,10,0.0547,0.0054
108,2025-09-07 16:00,26.45,59.06,2.4,262.93,0.2,吝备,14,8,0.0514,0.0061
108,2025-09-07 17:00,26.39,63.88,2.4,258.71,0.2,吝备,11,4,0.047,0.0075
108,2025-09-07 18:00,25.98,66.72,2.04,258.94,0.2,吝备,18,8,0.045,0.0091
108,2025-09-07 19:00,25.2,71.21,1.9,271.02,0.2,吝备,17,8,0.0421,0.0088
108,2025-09-07 20:00,24.53,72.79,1.37,284.1,0.2,吝备,16,9,0.0366,0.0104
108,2025-09-07 21:00,23.67,76.97,1.21,281.52,0.2,吝备,19,9,0.0241,0.0177
108,2025-09-07 22:00,23.04,79.43,1.25,276.96,0.2,吝备,20,10,0.0268,0.0136
108,2025-09-07 23:00,22.48,80.2,1.1,273.69,0.2,吝备,18,8,0.0287,0.0123
108,2025-09-08 0:00,22.13,81.19,0.76,316.29,0,吝备,16,9,0.0247,0.0143
108,2025-09-08 1:00,21.93,82.89,0.84,0.31,0,吝备,19,8,0.0233,0.0136
108,2025-09-08 2:00,21.65,83.91,1.22,29.42,0,吝备,19,10,0.0184,0.0152
108,2025-09-08 3:00,21.47,85.55,1.19,28.47,0,吝备,20,9,0.0108,0.0181
108,2025-09-08 4:00,21.23,86.22,1.67,22.23,0,吝备,23,9,0.0105,0.0163
108,2025-09-08 5:00,20.93,87.48,1.72,15.68,0,吝备,22,9,0.0095,0.0166
108,2025-09-08 6:00,20.68,89.18,1.82,28.12,0,吝备,23,10,0.0067,0.0195
108,2025-09-08 7:00,21.33,90.03,2.22,34.9,0,吝备,24,8,0.0075,0.0206
108,2025-09-08 8:00,22.02,88.38,2.47,38.65,0,吝备,26,12,0.0076,0.0216
108,2025-09-08 9:00,23.55,83.39,2.35,34.53,0,吝备,28,9,0.0115,0.0236
108,2025-09-08 10:00,24.85,75.48,2,36.05,0,吝备,30,12,0.0184,0.0256
108,2025-09-08 11:00,25.97,70.08,1.52,56.71,0,吝备,27,13,0.0324,0.0242
108,2025-09-08 12:00,27.17,63.61,1.68,298.09,0,吝备,29,12,0.0559,0.0197
108,2025-09-08 13:00,28.45,55.86,1.74,280.9,0,吝备,29,16,0.0713,0.0115
108,2025-09-08 14:00,29.17,50.37,2.53,291.56,0,吝备,25,11,0.0791,0.0099
108,2025-09-08 15:00,28.93,49.06,2.66,264.1,0,吝备,26,14,0.0807,0.009
108,2025-09-08 16:00,27.8,52.31,2.29,299.71,0,吝备,27,15,0.0848,0.011
108,2025-09-08 17:00,26.85,58.84,1.66,297.44,0,吝备,26,14,0.0711,0.0104
108,2025-09-08 18:00,26.1,63.95,1.9,283.99,0,吝备,28,12,0.0539,0.0149
108,2025-09-08 19:00,25.36,65.97,1.93,298.73,0,吝备,29,15,0.0469,0.0115
108,2025-09-08 20:00,24.83,69.74,2.24,281.51,0,吝备,26,14,0.0383,0.0124
108,2025-09-08 21:00,24.41,71.42,1.68,305.14,0,吝备,28,15,0.0421,0.0078
108,2025-09-08 22:00,24.12,73.36,1.48,264.59,0,吝备,28,14,0.0368,0.0111
108,2025-09-08 23:00,23.85,72.46,1.41,345.77,0,吝备,26,14,0.0349,0.0115
108,2025-09-09 0:00,23.42,70.85,1.03,41.93,0,吝备,23,13,0.0345,0.0126
108,2025-09-09 1:00,23.23,72.11,1.06,347.9,0,吝备,25,13,0.0301,0.012
108,2025-09-09 2:00,22.95,74.61,0.84,321.93,0,吝备,26,11,0.0311,0.0114
108,2025-09-09 3:00,22.73,74.03,0.93,18.62,0,吝备,25,12,0.0285,0.0134
108,2025-09-09 4:00,22.5,75.38,1.13,18.16,0,吝备,25,14,0.0264,0.0137
108,2025-09-09 5:00,22.28,76.58,1.02,20.23,0,吝备,28,14,0.0209,0.0166
108,2025-09-09 6:00,22.04,79.03,1.43,6.73,0,吝备,27,13,0.0156,0.0213
108,2025-09-09 7:00,22.18,79.87,1.89,41.75,0,吝备,29,14,0.0115,0.0253
108,2025-09-09 8:00,22.77,77.51,1.65,44.07,0,吝备,33,13,0.0188,0.0228
108,2025-09-09 9:00,23.64,74.84,1.76,27.31,0,吝备,32,14,0.0261,0.0212
108,2025-09-09 10:00,24.76,70.98,1.11,10.65,0,吝备,34,15,0.0438,0.0148
108,2025-09-09 11:00,25.51,68.61,1.71,3.12,0,吝备,43,24,0.0528,0.0152
108,2025-09-09 12:00,25.93,69.11,1.63,48.44,0,吝备,41,18,0.0568,0.0127
108,2025-09-09 13:00,26.14,64.05,2.48,39.69,0,吝备,32,13,0.0581,0.0139
108,2025-09-09 14:00,25.83,60.28,2.03,41.67,0,吝备,33,18,0.046,0.0206
108,2025-09-09 15:00,26.04,64.31,2.82,32.9,0,吝备,36,21,0.0508,0.0204
108,2025-09-09 16:00,26.73,60.38,2.23,63.48,0,吝备,37,20,0.0597,0.0175
108,2025-09-09 17:00,26.29,60.86,2.16,52.98,0,吝备,35,18,0.0556,0.0196
108,2025-09-09 18:00,25.38,65.11,1.89,36.27,0,吝备,41,20,0.0446,0.0234
108,2025-09-09 19:00,24.33,70.14,1.82,39.11,0,吝备,39,21,0.0317,0.0248
108,2025-09-09 20:00,23.47,73.51,1.8,31.09,0,吝备,35,18,0.0308,0.0182
108,2025-09-09 21:00,22.78,75.35,1.52,49.95,0,吝备,33,17,0.0307,0.0165
108,2025-09-09 22:00,22.24,77.99,1.66,43.53,0,吝备,34,19,0.024,0.0215
108,2025-09-09 23:00,21.68,80.01,1.59,41.5,0,吝备,34,18,0.0182,0.0239
108,2025-09-10 0:00,21.1,82.51,1.87,29.08,0,吝备,33,17,0.0163,0.0217
108,2025-09-10 1:00,20.62,83.99,1.2,42.13,0,吝备,30,16,0.0198,0.0158
108,2025-09-10 2:00,20.37,85.7,0.68,355.14,0,吝备,30,16,0.0169,0.0154
108,2025-09-10 3:00,19.98,86.73,1.14,10.97,0,吝备,29,15,0.0188,0.0123
108,2025-09-10 4:00,19.45,87.56,1.74,19.84,0,吝备,30,17,0.0152,0.0138
108,2025-09-10 5:00,18.94,89.63,1.51,22.42,0,吝备,30,15,0.0088,0.0173
108,2025-09-10 6:00,18.52,90.01,1.55,43.28,0,吝备,31,17,0.0092,0.0173
108,2025-09-10 7:00,19.14,88.85,1.85,50.87,0,吝备,29,16,0.013,0.0185
108,2025-09-10 8:00,21.25,80.66,1.63,55.13,0,吝备,38,14,0.0158,0.0209
108,2025-09-10 9:00,23.27,71.13,1.58,62.24,0,吝备,25,11,0.0184,0.0233
108,2025-09-10 10:00,25.42,61.08,1.87,86.57,0,吝备,30,13,0.0262,0.0222
108,2025-09-10 11:00,27.18,50.02,2.04,78.74,0,吝备,27,12,0.0396,0.0171
108,2025-09-10 12:00,28.56,40.42,2.62,61.46,0,吝备,19,8,0.0492,0.0149
108,2025-09-10 13:00,29.76,33.53,2.98,48.97,0,吝备,20,10,0.0573,0.0109
108,2025-09-10 14:00,30.68,31.97,2.87,52.08,0,吝备,15,5,0.0523,0.016
108,2025-09-10 15:00,31.16,30.59,2.5,38.28,0,吝备,13,5,0.0517,0.0141
108,2025-09-10 16:00,31.33,31.86,1.52,60.59,0,吝备,11,4,0.0595,0.011
108,2025-09-10 17:00,30.76,36.98,1.98,354.42,0,吝备,14,6,0.0652,0.0097
108,2025-09-10 18:00,28.98,45.7,3.06,325.83,0,吝备,26,14,0.0502,0.0103
108,2025-09-10 19:00,27.35,49.57,1.4,296.17,0,吝备,23,11,0.0312,0.0236
108,2025-09-10 20:00,25.92,54.97,0.91,289.48,0,吝备,23,12,0.0201,0.0305
108,2025-09-10 21:00,25,58.83,0.6,320.91,0,吝备,24,13,0.015,0.0316
108,2025-09-10 22:00,24.3,61,0.91,289.07,0,吝备,24,11,0.0092,0.0336
108,2025-09-10 23:00,23.53,64.52,0.93,347.56,0,吝备,21,11,0.0187,0.0225
108,2025-09-11 0:00,22.57,67.9,2.3,27.78,0,吝备,23,13,0.0098,0.0292
108,2025-09-11 1:00,21.9,72.1,1.72,26.69,0,吝备,24,13,0.0103,0.0264
108,2025-09-11 2:00,21.64,74.13,1.51,6.48,0,吝备,23,14,0.0103,0.0236
108,2025-09-11 3:00,21.01,75.65,1.62,41.75,0,吝备,25,14,0.0122,0.0202
108,2025-09-11 4:00,20.5,78.12,1.85,39.13,0,吝备,28,14,0.0097,0.0199
108,2025-09-11 5:00,20.06,80.46,1.57,37.51,0,吝备,24,13,0.0088,0.0204
108,2025-09-11 6:00,19.92,81.51,2.12,42.55,0,吝备,24,13,0.0084,0.0213
108,2025-09-11 7:00,20.97,78.07,2.13,55.64,0,吝备,23,11,0.013,0.021
108,2025-09-11 8:00,22.78,65.9,2.56,52.38,0,吝备,19,10,0.0211,0.0192
108,2025-09-11 9:00,24.78,54.31,3.36,58.96,0,吝备,16,5,0.029,0.0175
108,2025-09-11 10:00,26.57,46.68,2.91,75.69,0,吝备,,,,
108,2025-09-11 11:00,27.97,40.46,3.15,71.48,0,吝备,,,,
108,2025-09-11 12:00,28.99,40.05,3.35,58.47,0,吝备,,,0.0468,0.013
108,2025-09-11 13:00,29.97,40.58,3.13,63.81,0,吝备,25,14,0.0481,0.0129
108,2025-09-11 14:00,30.99,40.24,2.75,60.03,0,吝备,24,12,0.0497,0.0148
108,2025-09-11 15:00,31.4,38.77,2.92,60.21,0,吝备,19,8,0.0513,0.0146
108,2025-09-11 16:00,31.45,38.13,2.63,61.16,0,吝备,13,7,0.0489,0.0165
108,2025-09-11 17:00,30.64,40.89,2.47,59.75,0,吝备,18,8,0.0498,0.0141
108,2025-09-11 18:00,29.21,46.43,2.04,28.31,0,吝备,24,13,0.0401,0.0208
108,2025-09-11 19:00,27.86,51.38,1.78,21.69,0,吝备,25,14,0.0307,0.0242
108,2025-09-11 20:00,27,55.31,2.59,45.98,0,吝备,25,15,0.0275,0.0231
108,2025-09-11 21:00,26.55,55.22,2.91,56.31,0,吝备,20,11,0.0324,0.0141
108,2025-09-11 22:00,25.89,56.92,3.07,60.13,0,吝备,17,9,0.0328,0.0132
108,2025-09-11 23:00,25.24,58.91,3.11,47.83,0,吝备,19,10,0.0346,0.0106
108,2025-09-12 0:00,24.61,60.19,2.96,49.15,0,吝备,19,9,0.0342,0.0106
108,2025-09-12 1:00,24.19,58.9,3.66,54.09,0,吝备,16,8,0.0359,0.0095
108,2025-09-12 2:00,23.83,60.09,2.77,53.39,0,吝备,24,8,0.0369,0.009
108,2025-09-12 3:00,23.43,62.33,2.44,57.15,0,吝备,20,8,0.0396,0.0066
108,2025-09-12 4:00,23.19,62.92,2.33,63.02,0,吝备,17,10,0.0384,0.0077
108,2025-09-12 5:00,23.08,62.53,2.46,68.7,0,吝备,16,6,0.034,0.0127
108,2025-09-12 6:00,22.95,61.27,2.78,60.37,0,吝备,18,10,0.0304,0.0167
108,2025-09-12 7:00,23.07,61.09,3.09,59.5,0,吝备,19,7,0.0283,0.0199
108,2025-09-12 8:00,23.48,58.84,3.05,61.57,0,吝备,24,10,0.0283,0.0206
108,2025-09-12 9:00,24.5,57.36,3.2,60.99,0,吝备,18,7,0.0326,0.0165
108,2025-09-12 10:00,25.19,55.98,3.01,60.33,0,吝备,17,9,0.0322,0.0185
108,2025-09-12 11:00,25.7,55.52,3.01,72.79,0,吝备,20,9,0.0348,0.0175
108,2025-09-12 12:00,26.11,56.29,2.57,65.72,0,吝备,25,9,0.0388,0.0162
108,2025-09-12 13:00,26.11,57.23,2.16,79.71,0,吝备,21,10,0.0402,0.016
108,2025-09-12 14:00,26.21,58.02,2.65,88.07,0,吝备,20,5,0.0382,0.0167
108,2025-09-12 15:00,26.13,59.52,2.66,96.55,0,吝备,20,8,0.0351,0.0197
108,2025-09-12 16:00,25.88,61.61,2.42,112.31,0,吝备,22,10,0.0317,0.0226
108,2025-09-12 17:00,25.3,66.42,2.49,115.79,0,吝备,23,11,0.0299,0.0248
108,2025-09-12 18:00,24.62,72.05,2.06,91.56,0.03,吝备,25,15,0.0248,0.0289
108,2025-09-12 19:00,23.35,81.35,2.11,58.96,0.76,吝备,27,18,0.0272,0.0234
108,2025-09-12 20:00,22.75,87.19,2.23,66.31,1.74,吝备,24,15,0.0263,0.0203
108,2025-09-12 21:00,22.25,90.03,2.83,53.81,3.33,吝备,18,12,0.0294,0.0166
108,2025-09-12 22:00,21.69,91.1,2.95,51.62,3.98,吝备,16,10,0.0361,0.0118
108,2025-09-12 23:00,21.24,93.21,3.54,55.77,5.75,吝备,10,6,0.0381,0.0113
108,2025-09-13 0:00,21.03,94.61,3.34,53.54,2.21,吝备,8,5,0.0346,0.0128
108,2025-09-13 1:00,20.63,96.13,3.45,52.46,16.93,吝备,7,3,0.0375,0.0091
108,2025-09-13 2:00,20.41,97.08,3.02,57.97,37.76,吝备,5,2,0.0385,0.0075
108,2025-09-13 3:00,20.45,97.5,2.57,55.26,52.99,吝备,3,1,0.0388,0.0072
108,2025-09-13 4:00,20.54,96.66,2.73,52.69,62.08,吝备,3,1,0.0376,0.0082
108,2025-09-13 5:00,20.6,95.54,3.37,59.45,62.2,吝备,3,1,0.0356,0.0102
108,2025-09-13 6:00,20.72,95.19,2.91,54.36,62.2,吝备,3,3,0.0317,0.015
108,2025-09-13 7:00,20.97,95.65,1.43,321.72,63.01,吝备,3,1,0.0383,0.0085
108,2025-09-13 8:00,21.37,94.27,0.73,223.6,63.7,吝备,3,1,0.0366,0.012
108,2025-09-13 9:00,22.07,92.48,2.63,49.05,63.7,吝备,3,1,0.0376,0.0096
108,2025-09-13 10:00,23.09,86.72,,,63.7,吝备,3,1,0.0416,0.0102
108,2025-09-13 11:00,24.07,81.35,,,63.7,吝备,3,1,0.0429,0.0115
108,2025-09-13 12:00,25.5,74.29,,,63.7,吝备,4,1,0.0466,0.0112
108,2025-09-13 13:00,26.48,65.33,,,63.7,吝备,5,2,0.0478,0.0112
108,2025-09-13 14:00,26.67,64.06,,,63.7,吝备,5,6,0.0469,0.0129
108,2025-09-13 15:00,26.97,63.39,,,63.7,吝备,5,1,0.0478,0.0114
108,2025-09-13 16:00,27.16,60.93,,,63.7,吝备,6,1,0.0448,0.0148
108,2025-09-13 17:00,26.11,64.31,2.27,53.96,63.7,吝备,6,3,0.0437,0.014
108,2025-09-13 18:00,25.38,66.54,2.05,46.81,63.7,吝备,7,5,0.0427,0.0127
108,2025-09-13 19:00,24.68,69.99,2.2,39.6,63.7,吝备,8,5,0.0411,0.0129
108,2025-09-13 20:00,24.05,72.58,2.1,40.79,63.7,吝备,6,6,0.037,0.0136
108,2025-09-13 21:00,23.57,75.48,2.02,46.48,63.7,吝备,8,4,0.0332,0.014
108,2025-09-13 22:00,23.07,75.87,2.21,48.87,63.7,吝备,10,5,0.0333,0.0113
108,2025-09-13 23:00,22.74,76.19,1.76,54.52,63.7,吝备,9,3,0.0342,0.0106
108,2025-09-14 0:00,22.25,77.51,1.43,48.51,1.06,吝备,8,4,0.0327,0.0108
108,2025-09-14 1:00,21.78,79.61,1.72,50.13,0,吝备,8,2,0.0295,0.0119
108,2025-09-14 2:00,21.69,80.29,1.18,40.74,0,吝备,8,3,0.0293,0.0098
108,2025-09-14 3:00,21.8,80.56,1.19,26.39,0,吝备,7,2,0.0282,0.0096
108,2025-09-14 4:00,21.79,80.8,1.41,29.59,0,吝备,8,4,0.0248,0.0112
108,2025-09-14 5:00,21.68,81.2,1.59,38.95,0,吝备,8,2,0.0228,0.0124
108,2025-09-14 6:00,21.54,81.59,1.57,34.05,0,吝备,11,3,0.0215,0.0132
108,2025-09-14 7:00,21.7,82.45,1.77,32.52,0,吝备,10,2,0.0224,0.0136
108,2025-09-14 8:00,22.76,79.98,1.65,44.89,0,吝备,9,3,0.0276,0.0102
108,2025-09-14 9:00,23.83,75.7,0.95,15.41,0,吝备,8,1,0.029,0.0121
108,2025-09-14 10:00,24.76,73.06,0.77,66.06,0,吝备,10,4,0.0321,0.0129
108,2025-09-14 11:00,26.16,67.63,1.64,321.34,0,吝备,20,4,0.0441,0.0107
108,2025-09-14 12:00,27,63.83,1.67,257.47,0,吝备,16,5,0.0534,0.0091
108,2025-09-14 13:00,27.49,60.17,1.62,261.75,0,吝备,8,4,0.0626,0.0056
108,2025-09-14 14:00,28.3,56.98,1.66,256.24,0,吝备,9,4,0.0647,0.0059
108,2025-09-14 15:00,28.74,55.35,1.67,260.58,0,吝备,8,3,0.0665,0.0054
108,2025-09-14 16:00,29.12,53.47,1.82,269.77,0,吝备,8,3,0.0663,0.0068
108,2025-09-14 17:00,28.73,56.74,2.07,253.15,0,吝备,11,6,0.0779,0.0112
108,2025-09-14 18:00,27.37,62.33,2.22,240.78,0,吝备,19,16,0.071,0.0125
108,2025-09-14 19:00,26.27,66.13,2.15,242.08,0,吝备,14,10,0.0616,0.0155
108,2025-09-14 20:00,25.39,69.29,2.32,262.2,0,吝备,14,11,0.0544,0.0154
108,2025-09-14 21:00,24.56,74.77,1.43,277.29,0,吝备,14,9,0.0413,0.0188
108,2025-09-14 22:00,23.93,77.6,1.58,272.62,0,吝备,17,9,0.0346,0.0214
108,2025-09-14 23:00,23.45,79.71,1.27,284.48,0,吝备,16,10,0.0342,0.0185
108,2025-09-15 0:00,23.18,83.19,1.28,289.98,0,吝备,16,9,0.0453,0.0135
108,2025-09-15 1:00,22.87,84.46,0.91,284.28,0,吝备,15,10,0.0458,0.0115
108,2025-09-15 2:00,22.56,86.22,0.9,319.34,0,吝备,16,9,0.0327,0.0156
108,2025-09-15 3:00,22.08,86.56,1.26,16.89,0,吝备,13,8,0.0279,0.0135
108,2025-09-15 4:00,21.57,87.24,1.53,34.2,0,吝备,13,9,0.0144,0.0224
108,2025-09-15 5:00,21.08,88.53,1.62,25.15,0,吝备,16,9,0.0138,0.0204
108,2025-09-15 6:00,20.87,89.45,1.35,38.96,0,吝备,18,11,0.0151,0.0223
108,2025-09-15 7:00,21.54,89.93,1.93,38.8,0,吝备,18,10,0.0158,0.0244
108,2025-09-15 8:00,23.32,85.45,1.98,42.45,0,吝备,20,11,0.0234,0.0235
108,2025-09-15 9:00,25.07,75.98,1.15,14.49,0,吝备,13,5,0.031,0.0219
108,2025-09-15 10:00,26.58,68.74,1.86,39.2,0,吝备,15,11,0.0379,0.0209
108,2025-09-15 11:00,27.86,63.31,1.74,44.6,0,吝备,15,8,0.0504,0.0152
108,2025-09-15 12:00,28.68,59.93,1.7,38.32,0,吝备,20,11,0.0569,0.0195
108,2025-09-15 13:00,29.2,56.74,2.23,120.79,0,吝备,18,11,0.061,0.019
108,2025-09-15 14:00,30.32,56,2.29,139.29,0,吝备,20,14,0.0709,0.0212
108,2025-09-15 15:00,30.38,54.15,1.73,125.8,0,吝备,20,13,0.0835,0.0187
108,2025-09-15 16:00,30.08,52.12,1.15,118.02,0,吝备,21,14,0.0786,0.0213
108,2025-09-15 17:00,29.79,51.45,1.75,342.11,0,吝备,19,10,0.0854,0.0155
108,2025-09-15 18:00,28.77,56.83,0.84,319.62,0,吝备,22,14,0.0738,0.0236
108,2025-09-15 19:00,27.37,67.51,1.44,284.86,0,吝备,26,18,0.0606,0.0212
108,2025-09-15 20:00,26.38,73.79,1.63,262.56,0,吝备,26,16,0.0452,0.0191
108,2025-09-15 21:00,25.79,75.56,0.54,315.13,0,吝备,24,15,0.0349,0.0216
108,2025-09-15 22:00,25.02,78.05,1.09,22.09,0,吝备,25,14,0.0307,0.0234
108,2025-09-15 23:00,24.21,79.35,1.6,43.52,0,吝备,23,14,0.0144,0.0365
108,2025-09-16 0:00,23.81,80.19,1.27,37.76,0,吝备,27,19,0.0155,0.0335
108,2025-09-16 1:00,23.31,82.32,1.6,24.53,0,吝备,24,16,0.0111,0.0334
108,2025-09-16 2:00,22.92,83.33,1.23,32.71,0,吝备,28,17,0.012,0.0298
108,2025-09-16 3:00,22.6,84.79,1.27,37.2,0,吝备,26,17,0.0097,0.0293
108,2025-09-16 4:00,22.28,86.04,1.61,28.86,0,吝备,25,16,0.0107,0.0261
108,2025-09-16 5:00,22.27,86.68,1.7,41.11,0,吝备,23,15,0.0138,0.0225
108,2025-09-16 6:00,22.36,87,2.04,44.05,0,吝备,22,15,0.0203,0.0181
108,2025-09-16 7:00,22.73,85.77,1.49,47.31,0,吝备,25,12,0.0194,0.0231
108,2025-09-16 8:00,24.15,81.51,2.01,47.01,0,吝备,24,13,0.0177,0.0306
108,2025-09-16 9:00,24.82,80.04,2.06,47.89,0,吝备,30,19,0.0224,0.032
108,2025-09-16 10:00,25.77,79.31,1.55,93.65,0,吝备,31,20,0.022,0.033
108,2025-09-16 11:00,26.34,78.49,1.24,139.1,0,吝备,30,19,0.0216,0.0343
108,2025-09-16 12:00,26.45,78.65,1.44,23.88,0,吝备,33,24,0.0278,0.0296
108,2025-09-16 13:00,26.7,80.17,2.03,261.44,0.91,吝备,30,21,0.0393,0.0181
108,2025-09-16 14:00,22.86,90.38,2.9,237.53,12.93,吝备,27,20,0.046,0.0142
108,2025-09-16 15:00,22.93,92.63,1.23,97.01,16.54,吝备,9,4,0.0388,0.024
108,2025-09-16 16:00,23.67,91.24,1.67,104.84,16.6,吝备,9,2,0.0359,0.0256
108,2025-09-16 17:00,24.04,87.89,1.18,107.72,16.6,吝备,10,4,0.0317,0.027
108,2025-09-16 18:00,23.9,90.19,0.9,348.92,16.92,吝备,11,10,0.0255,0.0319
108,2025-09-16 19:00,23.73,90.37,0.88,241.09,17.46,吝备,12,7,0.0184,0.0369
108,2025-09-16 20:00,23.63,90.57,1.43,177.68,17.5,吝备,17,9,0.0268,0.0269
108,2025-09-16 21:00,23.51,90.4,1.4,115.94,17.5,吝备,10,7,0.0274,0.0232
108,2025-09-16 22:00,23.36,91.29,1.04,11.53,17.5,吝备,11,8,0.022,0.0236
108,2025-09-16 23:00,23.25,91.96,1.03,20.98,17.5,吝备,13,7,0.0187,0.0255
108,2025-09-17 0:00,23.14,92.08,1.3,25.11,0.29,吝备,13,8,0.0171,0.0244
108,2025-09-17 1:00,23.19,93.01,1.32,30.27,0,吝备,13,6,0.0146,0.0241
108,2025-09-17 2:00,23.31,92.87,1.01,60.75,0,吝备,13,7,0.0173,0.0191
108,2025-09-17 3:00,23.45,93.21,1.09,48.19,0,吝备,14,7,0.0185,0.019
108,2025-09-17 4:00,23.52,93.09,1.06,60.79,0,吝备,16,9,0.0185,0.0173
108,2025-09-17 5:00,23.5,93.43,1.56,34.65,0,吝备,15,7,0.0169,0.018
108,2025-09-17 6:00,23.5,93.44,1.27,32.91,0.01,吝备,19,10,0.0137,0.0225
108,2025-09-17 7:00,23.59,93.64,1.16,10.5,0.1,吝备,23,11,0.0129,0.0282
108,2025-09-17 8:00,23.91,95.33,1.42,162.8,0.79,吝备,32,,0.0165,0.0268
108,2025-09-17 9:00,23.88,94.21,1.71,280.1,2.13,吝备,16,10,0.0317,0.0184
108,2025-09-17 10:00,23.43,95.5,2.36,63.8,15.89,吝备,12,9,0.0277,0.0264
108,2025-09-17 11:00,22.22,96.14,2.63,64.55,47.58,吝备,10,6,0.0368,0.0233
108,2025-09-17 12:00,22.54,93.81,2,62.1,50.29,吝备,8,2,0.0433,0.0182
108,2025-09-17 13:00,23.12,91.25,2.97,347.5,50.3,吝备,7,4,0.0464,0.0141
108,2025-09-17 14:00,22.37,92.27,1.3,322.21,50.3,吝备,6,5,0.0371,0.0123
108,2025-09-17 15:00,22.68,94.14,2.49,310.72,52.08,吝备,7,4,0.0373,0.0136
108,2025-09-17 16:00,22.46,92.14,2.95,314.11,52.7,吝备,4,4,0.0351,0.0096
108,2025-09-17 17:00,22.67,89.29,1.63,28.65,52.7,吝备,4,1,0.0355,0.0111
108,2025-09-17 18:00,22.34,87.69,1.7,294.12,52.7,吝备,6,2,0.0345,0.0097
108,2025-09-17 19:00,21.98,87.75,1.69,316.9,52.7,吝备,7,2,0.0326,0.0098
108,2025-09-17 20:00,21.86,88,1.3,337.1,52.7,吝备,7,1,0.0296,0.0117
108,2025-09-17 21:00,21.78,88.29,0.96,284.61,52.7,吝备,7,2,0.0291,0.0096
108,2025-09-17 22:00,21.61,89.27,1.22,281.1,52.7,吝备,8,2,0.0233,0.0116
108,2025-09-17 23:00,21.41,90.14,1.62,320.83,52.7,吝备,10,4,0.0202,0.0107
108,2025-09-18 0:00,20.89,90.85,1.38,338.35,0.88,吝备,10,4,0.0204,0.0101
108,2025-09-18 1:00,20.76,91.23,0.97,285.27,0,吝备,8,1,0.0181,0.0094
108,2025-09-18 2:00,20.46,91.68,1.02,307.35,0,吝备,9,4,0.0165,0.0082
108,2025-09-18 3:00,20.27,92.5,1.02,285.17,0,吝备,12,2,0.0133,0.0093
108,2025-09-18 4:00,20.01,92.56,0.9,41.35,0,吝备,12,5,0.0125,0.0108
108,2025-09-18 5:00,19.77,92.87,1.64,41.59,0,吝备,11,2,0.0095,0.0142
108,2025-09-18 6:00,19.61,92.76,1.44,49.28,0,吝备,12,3,0.0094,0.0147
108,2025-09-18 7:00,19.86,91.98,1.43,44.79,0,吝备,10,2,0.0134,0.0138
108,2025-09-18 8:00,20.52,90.18,2.13,43.96,0,吝备,13,4,0.0112,0.0186
108,2025-09-18 9:00,21.12,84.64,2.56,62.41,0,吝备,11,3,0.0143,0.0189
108,2025-09-18 10:00,22.26,78.11,3.53,56.91,0,吝备,11,1,0.0193,0.0147
108,2025-09-18 11:00,23.37,72.64,3.63,61.93,0,吝备,8,2,0.0274,0.01
108,2025-09-18 12:00,24.62,65.47,3.58,58.19,0,吝备,6,2,0.0321,0.0096
108,2025-09-18 13:00,25.55,61.16,3.15,58.33,0,吝备,11,5,0.0319,0.0109
108,2025-09-18 14:00,25.62,59.56,3.62,54.65,0,吝备,13,5,0.034,0.0106
108,2025-09-18 15:00,25.81,58.74,3.35,66.38,0,吝备,8,2,0.0341,0.0102
108,2025-09-18 16:00,25.48,58.51,3.36,64.63,0,吝备,8,1,0.0285,0.0147
108,2025-09-18 17:00,24.88,59.18,3.26,72.64,0,吝备,11,4,0.0242,0.0163
108,2025-09-18 18:00,23.63,61.5,3.59,63.79,0,吝备,16,7,0.0209,0.0174
108,2025-09-18 19:00,22.51,64.11,3.53,55.71,0,吝备,17,10,0.0177,0.0183
108,2025-09-18 20:00,21.66,65.47,3.92,55.07,0,吝备,17,8,0.0212,0.0134
108,2025-09-18 21:00,20.98,66.14,3.45,54.21,0,吝备,11,3,0.0222,0.0118
108,2025-09-18 22:00,20.57,66.34,3.23,57.21,0,吝备,12,6,0.0229,0.0113
108,2025-09-18 23:00,20.22,66.7,3.45,51.42,0,吝备,11,2,0.0236,0.0102
108,2025-09-19 0:00,19.87,67.52,3.05,60.29,0,吝备,12,1,0.024,0.0094
108,2025-09-19 1:00,19.6,68.15,2.87,55.86,0,吝备,9,2,0.0259,0.0075
108,2025-09-19 2:00,19.45,68.28,2.9,58.09,0,吝备,9,3,0.0255,0.0074
108,2025-09-19 3:00,19.28,69.12,3.1,56.96,0,吝备,10,2,0.0253,0.0078
108,2025-09-19 4:00,19.12,70.61,2.84,58.34,0,吝备,10,3,0.0245,0.0091
108,2025-09-19 5:00,19.1,71.71,2.94,55.22,0,吝备,10,3,0.0224,0.0113
108,2025-09-19 6:00,19.14,72.76,3.19,55.75,0,吝备,12,2,0.0207,0.0139
108,2025-09-19 7:00,19.38,73.27,3.38,54.62,0,吝备,11,2,0.0165,0.0185
108,2025-09-19 8:00,19.66,73.58,3.15,53.69,0,吝备,13,4,0.0126,0.0239
108,2025-09-19 9:00,20.09,73.7,3,54.66,0,吝备,15,5,0.015,0.0207
108,2025-09-19 10:00,20.5,72.69,3.46,49.26,0,吝备,16,9,0.0183,0.0187
108,2025-09-19 11:00,21.06,72.66,2.6,56.74,0,吝备,18,8,0.0205,0.0175
108,2025-09-19 12:00,21.18,76.48,2.55,75.51,0.15,吝备,21,9,0.0249,0.0155
108,2025-09-19 13:00,20.69,80.54,2.51,58.19,0.51,吝备,17,9,0.022,0.0188
108,2025-09-19 14:00,20.48,83.77,2.78,47.86,0.81,吝备,15,8,0.0209,0.0192
108,2025-09-19 15:00,20.3,86.81,2.6,49.98,1.36,吝备,14,7,0.021,0.0185
108,2025-09-19 16:00,19.78,89.34,3.04,48.52,2.33,吝备,16,7,0.0169,0.0219
108,2025-09-19 17:00,19.35,90.73,3.19,48.69,3.46,吝备,14,7,0.0185,0.021
108,2025-09-19 18:00,18.82,91.26,2.66,48.45,4.65,吝备,16,9,0.0178,0.0222
108,2025-09-19 19:00,18.56,91.55,2.33,55.92,5.26,吝备,18,13,0.0156,0.025
108,2025-09-19 20:00,18.55,92.74,2.16,61.28,5.53,吝备,17,13,0.0159,0.0223
108,2025-09-19 21:00,18.57,94.81,2.29,52.51,6.35,吝备,13,8,0.0128,0.0213
108,2025-09-19 22:00,18.33,95.33,2.84,56.43,8.31,吝备,13,10,0.0179,0.018
108,2025-09-19 23:00,18,95.37,2.76,45.46,10.27,吝备,9,5,0.0252,0.013
108,2025-09-20 0:00,17.78,96.18,2.78,51.9,3.13,吝备,9,4,0.0286,0.0093
108,2025-09-20 1:00,17.7,97.02,3.01,53.39,8.86,吝备,5,3,0.0298,0.0075
108,2025-09-20 2:00,17.63,97.61,2.75,56.51,18.75,吝备,4,3,0.0281,0.0067
108,2025-09-20 3:00,17.58,98.12,3.29,55.56,28.83,吝备,3,1,0.0292,0.0069
108,2025-09-20 4:00,17.5,97.38,2.84,48.32,33.02,吝备,3,1,0.0312,0.007
108,2025-09-20 5:00,17.54,97.02,1.88,37.2,34.38,吝备,3,1,0.0301,0.0088
108,2025-09-20 6:00,17.67,95.61,1.13,357.36,35.28,吝备,3,1,0.0268,0.0125
108,2025-09-20 7:00,17.85,95.15,1.37,329.88,35.3,吝备,3,1,0.0267,0.0122
108,2025-09-20 8:00,18.27,95.15,1.16,270.69,35.3,吝备,3,1,0.0246,0.0105
108,2025-09-20 9:00,18.79,92.93,0.56,57.16,35.3,吝备,3,1,0.027,0.0122
108,2025-09-20 10:00,19.36,90.32,1.18,337.7,35.3,吝备,6,1,0.0274,0.0115
108,2025-09-20 11:00,20.32,86.71,1.35,290.88,35.3,吝备,3,1,0.033,0.0062
108,2025-09-20 12:00,21.02,82.9,1.18,297.76,35.3,吝备,3,1,0.0353,0.0072
108,2025-09-20 13:00,22.03,78.35,1.45,270.26,35.3,吝备,3,1,0.0411,0.0067
108,2025-09-20 14:00,22.77,73.32,1.73,234.38,35.3,吝备,4,2,0.0467,0.0087
108,2025-09-20 15:00,23.01,70.84,1.98,267.52,35.3,吝备,6,3,0.0474,0.0085
108,2025-09-20 16:00,23.34,69.28,1.69,313.37,35.3,吝备,5,1,0.0474,0.0079
108,2025-09-20 17:00,22.93,71.33,2.11,280.25,35.3,吝备,5,2,0.0411,0.0107
108,2025-09-20 18:00,21.93,78.91,1.28,307.2,35.3,吝备,10,6,0.0342,0.0118
108,2025-09-20 19:00,21.32,80.6,1.09,51.64,35.3,吝备,6,3,0.028,0.0129
108,2025-09-20 20:00,20.76,81.09,1.97,56.44,35.3,吝备,10,5,0.0288,0.0116
108,2025-09-20 21:00,20.25,81.08,2.2,43.78,35.3,吝备,7,3,0.0313,0.0097
108,2025-09-20 22:00,19.84,80.69,2.01,59.95,35.3,吝备,7,3,0.0324,0.009
108,2025-09-20 23:00,19.59,81.22,1.14,54.95,35.3,吝备,6,2,0.0326,0.0079
108,2025-09-21 0:00,19.37,81.48,1.78,48.33,0.59,吝备,4,2,0.0325,0.0066
108,2025-09-21 1:00,18.71,81.47,1.78,51.08,0,吝备,9,2,0.0333,0.0058
108,2025-09-21 2:00,18.31,82.56,0.88,0.34,0,吝备,17,1,0.0339,0.0058
108,2025-09-21 3:00,17.9,86.39,0.92,305.69,0,吝备,4,1,0.0282,0.0092
108,2025-09-21 4:00,17.52,85.01,0.93,67.8,0,吝备,3,1,0.0319,0.0059
108,2025-09-21 5:00,17.29,84.55,1.16,61.71,0,吝备,4,1,0.0307,0.0063
108,2025-09-21 6:00,17.27,84.29,1.03,50.26,0,吝备,3,1,0.0301,0.0071
108,2025-09-21 7:00,18.31,80.92,1.84,66.99,0,吝备,4,1,0.0311,0.007
108,2025-09-21 8:00,20.25,72.94,2.58,61.74,0,吝备,3,1,0.0336,0.0065
108,2025-09-21 9:00,21.45,67.8,2.92,49.69,0,吝备,3,1,0.035,0.007
108,2025-09-21 10:00,22.71,64.92,3.22,49.71,0,吝备,3,1,0.0341,0.0081
108,2025-09-21 11:00,23.97,60.39,3.37,48.98,0,吝备,4,1,0.0385,0.0075
108,2025-09-21 12:00,24.89,57,2.14,71.42,0,吝备,4,1,0.0424,0.0063
108,2025-09-21 13:00,25.89,54.52,2.26,54.88,0,吝备,12,5,0.0459,0.0057
108,2025-09-21 14:00,26.61,51.81,2.38,36.34,0,吝备,6,2,0.0438,0.0063
108,2025-09-21 15:00,27.05,50.48,2.95,38.82,0,吝备,4,1,0.0419,0.0065
108,2025-09-21 16:00,26.68,50.37,2.53,54.42,0,吝备,5,1,0.0382,0.0072
108,2025-09-21 17:00,25.73,53.16,2.43,18.19,0,吝备,6,2,0.0344,0.0096
108,2025-09-21 18:00,23.98,57.95,2.1,28.01,0,吝备,10,3,0.0271,0.0151
108,2025-09-21 19:00,22.66,61.63,1.81,34.2,0,吝备,11,8,0.0213,0.0185
108,2025-09-21 20:00,21.55,64.44,2.2,40.52,0,吝备,11,8,0.0186,0.0201
108,2025-09-21 21:00,20.88,64.5,2.47,51.21,0,吝备,10,5,0.0277,0.0116
108,2025-09-21 22:00,20.35,61.99,2.27,55.48,0,吝备,8,5,0.0276,0.0123
108,2025-09-21 23:00,19.63,64.72,2.5,44.72,0,吝备,9,5,0.0277,0.0122
108,2025-09-22 0:00,19.3,62.27,2.52,53.41,0,吝备,7,4,0.0299,0.0096
108,2025-09-22 1:00,18.87,60.66,1.99,58.04,0,吝备,8,4,0.032,0.0073
108,2025-09-22 2:00,18.48,61.38,2.32,59.77,0,吝备,9,4,0.0314,0.0072
108,2025-09-22 3:00,18.2,62.87,2.04,55.17,0,吝备,8,3,0.0315,0.0067
108,2025-09-22 4:00,18.1,64.31,3.1,53.85,0,吝备,9,3,0.0304,0.0073
108,2025-09-22 5:00,17.89,63.91,2.75,57.15,0,吝备,8,3,0.0286,0.0093
108,2025-09-22 6:00,17.71,63.7,2.43,57.27,0,吝备,7,3,0.0229,0.0148
108,2025-09-22 7:00,17.78,64.93,2.89,46.51,0,吝备,9,4,0.0196,0.0179
108,2025-09-22 8:00,18.48,63.21,2.61,54,0,吝备,11,3,0.0187,0.0192
108,2025-09-22 9:00,20.34,57.63,2.75,59.65,0,吝备,10,2,0.0223,0.0173
108,2025-09-22 10:00,22.21,51.1,2.99,58.6,0,吝备,12,2,0.0254,0.0161
108,2025-09-22 11:00,23.68,47.49,2.81,60.79,0,吝备,13,5,0.034,0.013
108,2025-09-22 12:00,24.44,46.69,3.05,82.92,0,吝备,13,6,0.0383,0.0122
108,2025-09-22 13:00,24.83,48.17,2.24,74,0,吝备,13,7,0.0403,0.0134
108,2025-09-22 14:00,24.67,49.26,2.28,93,0,吝备,12,5,0.0383,0.0163
108,2025-09-22 15:00,24.7,50.59,2.87,97.52,0,吝备,13,6,0.0419,0.0133
108,2025-09-22 16:00,24.57,51.67,2.71,105.48,0,吝备,10,4,0.0428,0.015
108,2025-09-22 17:00,24.35,52.21,2.47,110.97,0,吝备,16,7,0.0373,0.022
108,2025-09-22 18:00,23.36,57.82,2.01,48.22,0,吝备,20,10,0.0276,0.0266
108,2025-09-22 19:00,22.27,63.75,2.2,35.31,0,吝备,20,13,0.0223,0.0237
108,2025-09-22 20:00,21.67,66.17,2.19,45.18,0,吝备,17,11,0.0223,0.0186
108,2025-09-22 21:00,21.2,68.7,2.08,43.51,0,吝备,14,8,0.0224,0.0151
108,2025-09-22 22:00,21.08,70.66,2.1,48.92,0,吝备,15,6,0.0167,0.0201
108,2025-09-22 23:00,20.85,71.7,2.1,45.5,0,吝备,14,8,0.0185,0.018
108,2025-09-23 0:00,20.55,71.46,2.11,47.84,0,吝备,13,4,0.0215,0.0168
108,2025-09-23 1:00,20.44,71.35,2.15,56.43,0,吝备,13,6,0.0243,0.0122
108,2025-09-23 2:00,20.2,73.32,2.25,49.34,0,吝备,15,7,0.0249,0.0097
108,2025-09-23 3:00,19.97,72.15,2.28,55.2,0,吝备,12,6,0.0277,0.0081
108,2025-09-23 4:00,19.78,69.67,2.26,59.12,0,吝备,12,5,0.0272,0.0094
108,2025-09-23 5:00,19.49,69.11,2.15,63.83,0,吝备,12,6,0.026,0.0119
108,2025-09-23 6:00,19.24,69.28,2.38,61.03,0,吝备,11,7,0.024,0.0152
108,2025-09-23 7:00,19.38,69.38,2.21,68.74,0,吝备,15,6,0.0185,0.021
108,2025-09-23 8:00,20.18,66.69,2.27,69.01,0,吝备,15,6,0.0187,0.0228
108,2025-09-23 9:00,21.2,61.13,3.06,50.25,0,吝备,15,6,0.0231,0.0214
108,2025-09-23 10:00,22.92,53.89,2.44,70.31,0,吝备,14,4,0.0325,0.015
108,2025-09-23 11:00,23.82,46.45,2.79,77.13,0,吝备,16,7,0.038,0.0145
108,2025-09-23 12:00,25.34,37.65,2.83,72.5,0,吝备,12,6,0.0442,0.0141
108,2025-09-23 13:00,25.72,37.74,3.05,82.95,0,吝备,,,,
108,2025-09-23 14:00,25.93,40.69,2.95,68.41,0,吝备,,,,
108,2025-09-23 15:00,26.58,40.22,2.82,66.7,0,吝备,15,11,0.0404,0.0153
108,2025-09-23 16:00,25.9,42.64,2.62,66.16,0,吝备,10,6,0.0398,0.0183
108,2025-09-23 17:00,25.15,44.16,2.14,65.65,0,吝备,13,6,0.0376,0.0225
108,2025-09-23 18:00,24.6,46.1,2.01,70.35,0,吝备,15,8,0.0312,0.0297
108,2025-09-23 19:00,24.05,49.95,1.77,46.59,0,吝备,24,,0.0296,0.0312
108,2025-09-23 20:00,23.43,55.07,2.43,43.45,0,吝备,22,,0.0234,0.0302
108,2025-09-23 21:00,23.23,58.37,2.52,62.28,0,吝备,16,9,0.0293,0.02
108,2025-09-23 22:00,23.07,58.69,2.86,74.93,0,吝备,13,6,0.0335,0.0149
108,2025-09-23 23:00,22.68,59.42,2.4,69.05,0,吝备,13,5,0.0352,0.0123
108,2025-09-24 0:00,22.13,60.92,2.13,69.02,0,吝备,12,2,0.0341,0.0124
108,2025-09-24 1:00,21.74,61.63,2.37,65.09,0,吝备,10,3,0.0362,0.0103
108,2025-09-24 2:00,21.35,61.71,1.97,63.76,0,吝备,8,3,0.038,0.0097
108,2025-09-24 3:00,20.7,65.32,2.53,44.12,0,吝备,9,4,0.0368,0.011
108,2025-09-24 4:00,20.48,67.71,2.89,52.04,0,吝备,10,1,0.0357,0.0106
108,2025-09-24 5:00,20.55,68.03,2.81,53.4,0,吝备,21,5,0.0312,0.0144
108,2025-09-24 6:00,20.45,69.41,2.72,58.4,0,吝备,12,1,0.0239,0.0245
108,2025-09-24 7:00,20.9,70.6,2.45,58.38,0,吝备,12,4,0.021,0.0288
108,2025-09-24 8:00,22.01,70.73,2.81,73.3,0,吝备,14,5,0.0275,0.0243
108,2025-09-24 9:00,22.86,70.41,2.97,82.99,0,吝备,15,6,0.0297,0.0215
108,2025-09-24 10:00,23.25,70.79,2.4,79.85,0,吝备,18,5,0.0274,0.0249
108,2025-09-24 11:00,23.55,73.53,1.79,73.45,0.05,吝备,21,10,0.0241,0.0291
108,2025-09-24 12:00,23.09,82.84,1.76,48.29,1.21,吝备,24,12,0.0206,0.0306
108,2025-09-24 13:00,22.48,88.86,1.69,6.59,10.6,吝备,26,14,0.0156,0.0337
108,2025-09-24 14:00,22.2,93,1.12,34.82,26.65,吝备,16,12,0.0165,0.0341
108,2025-09-24 15:00,22.54,93.75,1.24,92.99,28.08,吝备,16,9,0.0172,0.0323
108,2025-09-24 16:00,22.8,93.61,0.98,118.23,29.85,吝备,16,11,0.0158,0.0334
108,2025-09-24 17:00,22.96,92.22,1.28,186.42,30.63,吝备,15,9,0.0151,0.0312
108,2025-09-24 18:00,22.76,93.56,2.24,203.95,31.41,吝备,14,10,0.0166,0.0302
108,2025-09-24 19:00,22.41,94.41,3.04,245.84,33,吝备,13,9,0.0254,0.0226
108,2025-09-24 20:00,21.51,94.55,3.07,244.84,34.27,吝备,9,4,0.043,0.0123
108,2025-09-24 21:00,21.43,94.3,2.19,241.25,35.19,吝备,5,3,0.0356,0.0176
108,2025-09-24 22:00,21.52,93.63,1.6,247.71,35.2,吝备,7,2,0.0307,0.0196
108,2025-09-24 23:00,21.59,93.35,1.2,269.29,35.2,吝备,10,4,0.0314,0.0173
108,2025-09-25 0:00,21.5,93.77,1.23,273.82,0.71,吝备,9,2,0.0344,0.0145
108,2025-09-25 1:00,21.4,93.36,0.96,267.89,0.3,吝备,7,2,0.0406,0.0083
108,2025-09-25 2:00,21.32,92.47,0.43,274.03,0.3,吝备,5,1,0.0333,0.0138
108,2025-09-25 3:00,21.24,92.72,1.79,249.99,0.3,吝备,9,3,0.0316,0.0136
108,2025-09-25 4:00,21,91.87,1.92,263.23,0.3,吝备,9,1,0.0355,0.0101
108,2025-09-25 5:00,20.77,90.8,0.87,263.28,0.3,吝备,10,3,0.0347,0.0097
108,2025-09-25 6:00,20.7,90.96,0.88,226.95,0.3,吝备,9,2,0.0332,0.0109
108,2025-09-25 7:00,20.77,91.43,1.24,264.57,0.3,吝备,11,4,0.0256,0.0181
108,2025-09-25 8:00,21.21,90.8,1.15,273.54,0.3,吝备,11,4,0.0238,0.0186
108,2025-09-25 9:00,21.98,87.47,0.95,259.62,0.3,吝备,14,7,0.0318,0.0144
108,2025-09-25 10:00,22.76,82.51,1.04,256.03,0.3,吝备,17,7,0.0284,0.0207
108,2025-09-25 11:00,23.51,78.71,1.6,256.37,0.3,吝备,18,11,0.0339,0.0195
108,2025-09-25 12:00,24.28,75.08,1.79,273.64,0.3,吝备,17,11,0.04,0.0181
108,2025-09-25 13:00,25.05,69.39,2.08,272.18,0.3,吝备,19,12,0.0472,0.017
108,2025-09-25 14:00,25.55,65.67,1.96,282.72,0.3,吝备,16,12,0.0552,0.0118
108,2025-09-25 15:00,25.94,56.77,2.27,279.73,0.3,吝备,13,7,0.0637,0.0109
108,2025-09-25 16:00,25.87,55.61,1.93,278.24,0.3,吝备,13,8,0.0656,0.0106
108,2025-09-25 17:00,25.38,58.12,0.95,241.83,0.3,吝备,13,6,0.0706,0.0108
108,2025-09-25 18:00,24.17,66.18,1.15,288.12,0.3,吝备,21,14,0.0616,0.0241
108,2025-09-25 19:00,22.98,74.61,1.45,285.76,0.3,吝备,25,15,0.0417,0.0241
108,2025-09-25 20:00,22.12,79.84,1.65,267.91,0.3,吝备,21,13,0.0341,0.0206
108,2025-09-25 21:00,21.51,82.53,0.81,230.02,0.3,吝备,18,12,0.0285,0.0206
108,2025-09-25 22:00,20.96,85.27,1.48,258.84,0.3,吝备,23,13,0.026,0.022
108,2025-09-25 23:00,20.43,87.25,1.63,261.73,0.3,吝备,21,14,0.02,0.0248
108,2025-09-26 0:00,20.12,89.08,1.4,278.52,0.01,吝备,22,13,0.0246,0.0172
108,2025-09-26 1:00,19.74,90.13,0.95,277.57,0,吝备,21,12,0.0167,0.0201
108,2025-09-26 2:00,19.36,91.07,0.59,310.84,0,吝备,22,15,0.0143,0.019
108,2025-09-26 3:00,18.92,91.95,1.42,22.38,0,吝备,20,13,0.0164,0.0205
108,2025-09-26 4:00,18.6,92.52,0.91,19.56,0,吝备,25,17,0.0085,0.0244
108,2025-09-26 5:00,18.14,93.15,1.39,357.52,0,吝备,21,13,0.014,0.0163
108,2025-09-26 6:00,17.88,93.77,0.68,308.81,0,吝备,25,11,0.0139,0.0198
108,2025-09-26 7:00,18,94.33,0.81,275.79,0,吝备,22,13,0.0102,0.0231
108,2025-09-26 8:00,18.82,93.99,1.56,33.83,0,吝备,24,13,0.0095,0.0275
108,2025-09-26 9:00,19.78,89.17,2.44,46.2,0,吝备,29,18,0.0178,0.0269
108,2025-09-26 10:00,20.51,84.35,2.39,48.49,0,吝备,31,20,0.0232,0.0238
108,2025-09-26 11:00,22.15,77.65,2.1,53.39,0,吝备,27,17,0.0319,0.0193
108,2025-09-26 12:00,23.63,70.58,1.82,68.85,0,吝备,30,20,0.0447,0.0175
108,2025-09-26 13:00,24.72,63.27,1.52,329.48,0,吝备,30,20,0.0528,0.015
108,2025-09-26 14:00,26.22,59.72,1.56,220.79,0,吝备,26,17,0.0661,0.012
108,2025-09-26 15:00,26.94,58.54,1.53,261.14,0,吝备,29,19,0.0829,0.0137
108,2025-09-26 16:00,26.71,58.22,2.01,272.42,0,吝备,36,24,0.0922,0.0124
108,2025-09-26 17:00,25.56,61.52,2.08,277.74,0,吝备,34,24,0.0827,0.0141
108,2025-09-26 18:00,24.12,65.61,2.07,308.89,0,吝备,37,24,0.0637,0.0186
108,2025-09-26 19:00,23.05,69.29,1.45,301.25,0,吝备,33,23,0.0561,0.0184
108,2025-09-26 20:00,22.5,71.34,0.69,290.8,0,吝备,32,24,0.0544,0.0163
108,2025-09-26 21:00,21.83,74.67,1.15,11.81,0,吝备,31,22,0.0391,0.0249
108,2025-09-26 22:00,21.12,77.68,0.7,291.49,0,吝备,32,25,0.0229,0.0345
108,2025-09-26 23:00,20.47,79.09,1.06,347.79,0,吝备,29,20,0.0175,0.0281
108,2025-09-27 0:00,20.08,79.38,1.24,8.75,0,吝备,27,17,0.0153,0.0265
108,2025-09-27 1:00,19.3,82.95,1.59,43.73,0,吝备,28,19,0.0121,0.0284
108,2025-09-27 2:00,18.9,85.33,1.85,28.28,0,吝备,28,19,0.0102,0.0279
108,2025-09-27 3:00,18.42,87.12,1.81,41.47,0,吝备,28,20,0.0101,0.0244
108,2025-09-27 4:00,18.12,88.75,1.73,39.11,0,吝备,29,17,0.0135,0.0195
108,2025-09-27 5:00,17.86,89.65,1.94,38.89,0,吝备,25,16,0.0143,0.0175
108,2025-09-27 6:00,17.64,90.58,1.94,39.42,0,吝备,25,15,0.0141,0.0166
108,2025-09-27 7:00,18.21,90.61,2.24,56.21,0,吝备,22,13,0.0118,0.0187
108,2025-09-27 8:00,20.1,82.12,2.38,56.5,0,吝备,22,14,0.0185,0.0153
108,2025-09-27 9:00,22.18,71.35,2.67,61.15,0,吝备,15,7,0.0232,0.0152
108,2025-09-27 10:00,23.92,64.67,2.17,69.75,0,吝备,17,10,0.0293,0.0183
108,2025-09-27 11:00,25.88,60.64,2.61,115.36,0,吝备,21,11,0.0442,0.0162
108,2025-09-27 12:00,26.18,56.6,2.25,106.05,0,吝备,23,14,0.0524,0.017
108,2025-09-27 13:00,26.72,54.37,2.6,119.51,0,吝备,22,13,0.0585,0.0158
108,2025-09-27 14:00,26.93,55.01,2.16,118.02,0,吝备,24,15,0.0599,0.0185
108,2025-09-27 15:00,26.62,56.89,2.13,146.88,0,吝备,23,13,0.058,0.0186
108,2025-09-27 16:00,26.2,58.77,1.9,114.02,0,吝备,28,16,0.0557,0.0204
108,2025-09-27 17:00,26.02,59.23,1.95,112.41,0,吝备,25,15,0.0532,0.0229
108,2025-09-27 18:00,24.92,61.83,1.9,97.32,0,吝备,32,18,0.0435,0.0298
108,2025-09-27 19:00,23.7,66.02,1.8,25.12,0,吝备,31,22,0.033,0.0345
108,2025-09-27 20:00,22.75,69.01,1.6,46.59,0,吝备,30,22,0.0291,0.0325
108,2025-09-27 21:00,22.12,70.7,1.5,45.4,0,吝备,31,22,0.0306,0.0277
108,2025-09-27 22:00,21.74,71.84,1.25,43.56,0,吝备,35,21,0.0278,0.0291
108,2025-09-27 23:00,21.64,72.86,1.23,8.26,0,吝备,30,20,0.0242,0.0296
108,2025-09-28 0:00,21.45,74.34,1.06,20.8,0,吝备,28,17,0.0235,0.0254
108,2025-09-28 1:00,21.46,75.98,1.23,27.04,0,吝备,26,16,0.0187,0.0272
108,2025-09-28 2:00,21.48,76.97,1.13,35.28,0,吝备,27,16,0.0205,0.0246
108,2025-09-28 3:00,21.38,79.75,1.34,74.14,0,吝备,25,15,0.0272,0.0169
108,2025-09-28 4:00,21.25,84.63,1.27,51.97,0.22,吝备,25,16,0.0311,0.0143
108,2025-09-28 5:00,20.62,90.53,1.87,41.73,1.2,吝备,22,16,0.0266,0.0135
108,2025-09-28 6:00,20.23,92.83,1.43,38.2,3.41,吝备,15,10,0.0267,0.0116
108,2025-09-28 7:00,19.4,92.12,2.06,337.26,11.04,吝备,11,9,0.0577,0.0078
108,2025-09-28 8:00,19.17,94.08,1.21,24.44,19.84,吝备,13,11,0.0529,0.011
108,2025-09-28 9:00,19,94.64,2.53,313.07,29.54,吝备,9,6,0.0516,0.01
108,2025-09-28 10:00,18.55,95.44,1.76,64.46,40.07,吝备,8,7,0.049,0.0143
108,2025-09-28 11:00,18.65,94.55,1.48,48.56,43.62,吝备,5,3,0.0483,0.0133
108,2025-09-28 12:00,19.33,92.1,1.88,305.17,44.5,吝备,3,3,0.0516,0.009
108,2025-09-28 13:00,20.06,88.46,1.86,336.8,44.5,吝备,5,4,0.0546,0.0059
108,2025-09-28 14:00,21.41,80.48,2.36,281.55,44.5,吝备,6,3,0.0584,0.0054
108,2025-09-28 15:00,21.15,78.81,2.19,288.87,44.5,吝备,7,5,0.0565,0.0054
108,2025-09-28 16:00,20.93,78.93,2.23,279.93,44.5,吝备,9,5,0.0527,0.0069
108,2025-09-28 17:00,20.76,78.7,1.52,310.49,44.5,吝备,9,6,0.0521,0.006
108,2025-09-28 18:00,20.43,80.81,1.62,273.69,44.5,吝备,11,8,0.0459,0.0092
108,2025-09-28 19:00,19.95,80.47,1.41,284.17,44.5,吝备,12,9,0.0429,0.0107
108,2025-09-28 20:00,19.73,81.64,1.14,270.66,44.5,吝备,13,12,0.0418,0.0101
108,2025-09-28 21:00,19.67,82.56,1.66,267.85,44.5,吝备,16,11,0.0412,0.0088
108,2025-09-28 22:00,19.56,82.73,1.53,282.75,44.5,吝备,18,12,0.0399,0.0097
108,2025-09-28 23:00,19.16,83.39,1.96,285.56,44.5,吝备,22,14,0.0418,0.0086
108,2025-09-29 0:00,18.7,84.02,2.65,310.1,0.74,吝备,24,17,0.0449,0.006
108,2025-09-29 1:00,18.19,86.76,1.85,277.33,0,吝备,23,17,0.0407,0.0073
108,2025-09-29 2:00,17.78,87.47,1.35,284.69,0,吝备,24,18,0.0405,0.0061
108,2025-09-29 3:00,17.44,89.82,2.4,283.75,0,吝备,25,18,0.0392,0.0067
108,2025-09-29 4:00,17.14,89.53,0.44,349.26,0,吝备,28,17,0.0394,0.0058
108,2025-09-29 5:00,16.85,90.56,1.14,280.48,0,吝备,28,18,0.0332,0.0102
108,2025-09-29 6:00,16.71,91.47,0.77,326.71,0,吝备,31,19,0.0293,0.0145
108,2025-09-29 7:00,16.79,92.09,1.27,267.12,0,吝备,28,18,0.022,0.0228
108,2025-09-29 8:00,17.53,89.16,1.08,269.25,0,吝备,28,17,0.0334,0.0138
108,2025-09-29 9:00,18.45,84.78,1.19,128.78,0,吝备,25,15,0.0378,0.0138
108,2025-09-29 10:00,20.77,73.31,1.94,55.83,0,吝备,24,14,0.0435,0.0129
108,2025-09-29 11:00,20.83,71.42,1.98,16.66,0,吝备,30,19,0.0413,0.0157
108,2025-09-29 12:00,21.26,70.22,1.73,281.39,0,吝备,29,17,0.0471,0.0134
108,2025-09-29 13:00,22.59,63.5,1.87,296.16,0,吝备,27,16,0.0537,0.0137
108,2025-09-29 14:00,23.44,60.69,1.74,314.67,0,吝备,27,19,0.0551,0.0156
108,2025-09-29 15:00,23.52,59.41,1.69,313.93,0,吝备,26,15,0.0624,0.0145
108,2025-09-29 16:00,23.53,59.14,1.52,331.16,0,吝备,25,20,0.0641,0.015
108,2025-09-29 17:00,23.32,60.61,2.02,261.76,0,吝备,25,15,0.0598,0.0206
108,2025-09-29 18:00,21.64,67.7,2.05,277.03,0,吝备,33,22,0.0538,0.0222
108,2025-09-29 19:00,20.58,72.07,1.6,276.5,0,吝备,26,16,0.0439,0.0196
108,2025-09-29 20:00,19.98,75.1,0.85,229.75,0,吝备,24,16,0.0416,0.021
108,2025-09-29 21:00,19.32,78.27,1.02,267.64,0,吝备,27,18,0.0335,0.0292
108,2025-09-29 22:00,18.79,81.61,1.26,282.15,0,吝备,31,20,0.0208,0.0319
108,2025-09-29 23:00,18.39,83.7,0.8,315.25,0,吝备,27,18,0.0202,0.0301
108,2025-09-30 0:00,18.05,85.12,0.75,16.23,0,吝备,27,20,0.0217,0.0276
108,2025-09-30 1:00,17.81,85.98,0.71,13.39,0,吝备,27,18,0.0237,0.0225
108,2025-09-30 2:00,17.64,87.63,0.55,356.26,0,吝备,29,20,0.0198,0.0229
108,2025-09-30 3:00,17.7,88.73,1.33,20.75,0,吝备,27,17,0.0122,0.0275
108,2025-09-30 4:00,17.67,89.5,1.53,27.36,0,吝备,28,18,0.0099,0.0269
108,2025-09-30 5:00,17.64,90.06,1.75,37.88,0,吝备,28,17,0.0095,0.0264
108,2025-09-30 6:00,17.36,90.15,1.45,32.31,0,吝备,30,20,0.0116,0.0251
108,2025-09-30 7:00,17.41,90.95,1.72,9.12,0,吝备,27,16,0.0117,0.0249
108,2025-09-30 8:00,18.13,90.63,1.82,29.96,0,吝备,36,16,0.0121,0.0271
108,2025-09-30 9:00,18.9,87.42,2.04,40.7,0,吝备,29,17,0.0127,0.0297
108,2025-09-30 10:00,19.57,85.2,1.58,4.08,0,吝备,32,16,0.0161,0.0307
108,2025-09-30 11:00,20.33,81.48,1.11,33.89,0,吝备,34,19,0.0182,0.0356
108,2025-09-30 12:00,21.03,77.57,1.27,22.4,0,吝备,38,25,0.0252,0.0356
108,2025-09-30 13:00,22.45,71.98,1.6,233.07,0,吝备,34,20,0.0388,0.032
108,2025-09-30 14:00,23.65,64.59,1.77,286.81,0,吝备,34,23,0.0627,0.0202
108,2025-09-30 15:00,23.21,63.8,1.8,258.6,0,吝备,31,20,0.072,0.0181
108,2025-09-30 16:00,22.99,64.12,1.63,284.38,0,吝备,31,20,0.0679,0.0196
108,2025-09-30 17:00,22.49,66.61,1.4,298.38,0,吝备,31,21,0.0643,0.0226
108,2025-09-30 18:00,21.61,71.75,1.43,293.68,0,吝备,40,26,0.0547,0.0279
108,2025-09-30 19:00,20.63,74.88,1.43,276.64,0,吝备,35,21,0.046,0.0294
108,2025-09-30 20:00,20.01,79.75,1.8,287.98,0,吝备,40,24,0.0374,0.0289
108,2025-09-30 21:00,19.56,81.51,1.02,248.73,0,吝备,33,21,0.0414,0.0232
108,2025-09-30 22:00,19.02,84.02,1,283.03,0,吝备,35,22,0.0353,0.0244
108,2025-09-30 23:00,18.66,86.46,0.67,291.35,0,吝备,31,21,0.0317,0.0248
108,2025-10-01 0:00,18.25,87.41,0.78,1.26,0,吝备,32,20,0.0338,0.0209
108,2025-10-01 1:00,17.89,88.48,1.11,13.2,0,吝备,28,19,0.0232,0.0263
108,2025-10-01 2:00,17.69,90.13,1.06,4.61,0,吝备,31,22,0.0227,0.0227
108,2025-10-01 3:00,17.6,90.84,0.82,22.93,0,吝备,30,21,0.0191,0.0229
108,2025-10-01 4:00,17.42,91.47,1.14,9.05,0,吝备,33,25,0.0135,0.0257
108,2025-10-01 5:00,17.08,92.38,1.16,13.79,0,吝备,29,21,0.0097,0.0289
108,2025-10-01 6:00,16.75,93.33,1.5,29.27,0,吝备,35,21,0.0086,0.03
108,2025-10-01 7:00,16.98,94.78,1.92,31.65,0,吝备,34,21,0.0102,0.0282
108,2025-10-01 8:00,18.39,93.19,2.07,34.36,0,吝备,38,23,0.0123,0.0338
108,2025-10-01 9:00,20.33,85.11,1.83,39.44,0,吝备,38,24,0.023,0.0368
108,2025-10-01 10:00,21.39,78.61,1.3,44.48,0,吝备,,,,
108,2025-10-01 11:00,22.21,72.4,1.64,252.95,0,吝备,,,,
108,2025-10-01 12:00,23.54,66.99,2.15,232.1,0,吝备,33,28,0.0709,0.017
108,2025-10-01 13:00,24.44,62.04,2.31,252.22,0,吝备,35,26,0.0838,0.0192
108,2025-10-01 14:00,25.45,56.04,2.92,261.69,0,吝备,36,25,0.087,0.0136
108,2025-10-01 15:00,24.98,57.94,2.74,268.08,0,吝备,30,22,0.0873,0.0147
108,2025-10-01 16:00,23.88,63.85,3.04,276.95,0,吝备,32,21,0.0782,0.0161
108,2025-10-01 17:00,22.98,69.09,3.24,257.69,0,吝备,24,15,0.0618,0.0154
108,2025-10-01 18:00,22.1,67.05,2.86,225.19,0,吝备,23,17,0.0542,0.0175
108,2025-10-01 19:00,21.49,70.08,1.69,278.39,0,吝备,20,15,0.0526,0.0178
108,2025-10-01 20:00,20.86,71.61,1.2,257.2,0,吝备,21,16,0.0473,0.0205
108,2025-10-01 21:00,20.04,74.53,1.06,280.03,0,吝备,18,14,0.0337,0.0302
108,2025-10-01 22:00,19.38,79.11,1.01,317.8,0,吝备,20,17,0.0309,0.0247
108,2025-10-01 23:00,18.84,82.75,0.52,354.21,0,吝备,20,14,0.0254,0.0265
108,2025-10-02 0:00,18.34,83.86,0.66,314.96,0,吝备,24,14,0.0205,0.0257
108,2025-10-02 1:00,18.29,84.96,0.91,285.15,0,吝备,19,14,0.0193,0.0232
108,2025-10-02 2:00,18.07,86.39,0.62,308.23,0,吝备,22,14,0.0189,0.0225
108,2025-10-02 3:00,17.92,87.99,0.52,339.28,0,吝备,22,15,0.0123,0.026
108,2025-10-02 4:00,17.74,88.3,1.09,26.85,0,吝备,26,17,0.0102,0.0278
108,2025-10-02 5:00,17.5,88.03,1.62,32.56,0,吝备,23,16,0.0084,0.0279
108,2025-10-02 6:00,17.33,89.44,1.78,31.88,0,吝备,26,16,0.0081,0.0274
108,2025-10-02 7:00,17.57,90.74,1.75,51.1,0,吝备,25,15,0.0082,0.0271
108,2025-10-02 8:00,18.68,89.01,1.29,62.09,0,吝备,30,16,0.0168,0.0238
108,2025-10-02 9:00,20.56,81.34,1.79,49.23,0,吝备,22,14,0.0282,0.0213
108,2025-10-02 10:00,22.23,71.69,1.58,40.97,0,吝备,26,17,0.0448,0.0156
108,2025-10-02 11:00,23.74,63.1,1.65,357.31,0,吝备,19,13,0.054,0.017
108,2025-10-02 12:00,24.89,58.66,1.47,266.18,0,吝备,25,18,0.0652,0.0145
108,2025-10-02 13:00,25.66,57.3,1.74,268.8,0,吝备,30,18,0.0725,0.0173
108,2025-10-02 14:00,25.55,57.55,1.84,265.44,0,吝备,28,18,0.0702,0.019
108,2025-10-02 15:00,25.34,58.35,2.18,262.69,0,吝备,28,16,0.0717,0.0167
108,2025-10-02 16:00,24.87,58.63,1.94,263.23,0,吝备,28,15,0.0732,0.0166
108,2025-10-02 17:00,23.87,61.69,1.43,272.55,0,吝备,26,14,0.0665,0.0216
108,2025-10-02 18:00,23.1,65.55,0.76,311,0,吝备,29,16,0.0499,0.0321
108,2025-10-02 19:00,22.33,70.39,1.22,21.84,0,吝备,32,21,0.0355,0.0394
108,2025-10-02 20:00,21.87,73.85,1.85,47.43,0,吝备,42,30,0.0247,0.0446
108,2025-10-02 21:00,21.58,75.8,1.77,45.66,0,吝备,37,26,0.0243,0.0381
108,2025-10-02 22:00,21.27,77.73,1.66,36.51,0,吝备,37,22,0.0209,0.036
108,2025-10-02 23:00,21.13,79.04,2.22,46.55,0,吝备,35,24,0.0179,0.0342
108,2025-10-03 0:00,20.98,79.7,1.72,35.93,0,吝备,34,24,0.0215,0.0262
108,2025-10-03 1:00,20.9,79.47,1.61,50.78,0,吝备,29,20,0.0253,0.0206
108,2025-10-03 2:00,20.84,80.03,1.75,43.46,0,吝备,30,20,0.0263,0.0179
108,2025-10-03 3:00,20.66,81.02,1.36,32.51,0.01,吝备,27,19,0.0228,0.019
108,2025-10-03 4:00,20.41,83.78,1.15,70.07,0.28,吝备,32,21,0.0265,0.0192
108,2025-10-03 5:00,20.06,86.83,1.97,43.46,0.3,吝备,30,21,0.0226,0.0191
108,2025-10-03 6:00,19.84,87.16,1.94,47.09,0.3,吝备,29,19,0.0237,0.0148
108,2025-10-03 7:00,19.82,83.6,2.29,55.78,0.3,吝备,26,17,0.0226,0.0156
108,2025-10-03 8:00,19.94,83.21,1.84,59.76,0.37,吝备,29,20,0.0252,0.0139
108,2025-10-03 9:00,20.07,83.09,2.47,48.1,0.46,吝备,29,18,0.025,0.0141
108,2025-10-03 10:00,20.18,79.94,2.59,60.43,0.65,吝备,29,19,0.0281,0.0132
108,2025-10-03 11:00,21.11,73.84,2.69,61.46,0.7,吝备,21,13,0.0308,0.0148
108,2025-10-03 12:00,21.81,69.69,2.84,70.69,0.7,吝备,27,15,0.0337,0.0171
108,2025-10-03 13:00,22.19,68.05,2.9,62.69,0.7,吝备,24,17,0.0403,0.017
108,2025-10-03 14:00,22.17,69.25,3.05,56.7,0.8,吝备,28,19,0.0395,0.017
108,2025-10-03 15:00,22.07,73.71,3.4,56.29,0.8,吝备,24,17,0.034,0.0196
108,2025-10-03 16:00,21.93,74.65,3.14,55.76,0.8,吝备,25,17,0.0288,0.0235
108,2025-10-03 17:00,21.98,72.48,2.66,64.59,0.8,吝备,22,15,0.0283,0.0237
108,2025-10-03 18:00,21.77,70.89,2.56,62.39,0.8,吝备,25,17,0.028,0.0222
108,2025-10-03 19:00,21.68,69.2,2.35,65.61,0.8,吝备,23,16,0.0373,0.0146
108,2025-10-03 20:00,21.56,70.66,2.3,60.32,0.8,吝备,23,16,0.0324,0.0171
108,2025-10-03 21:00,21.5,70.87,2.65,59.31,0.8,吝备,19,13,0.031,0.0165
108,2025-10-03 22:00,21.35,68.42,3.01,57.98,0.8,吝备,20,12,0.0327,0.0164
108,2025-10-03 23:00,21.2,67.75,2.32,60.29,0.8,吝备,14,9,0.0362,0.0139
108,2025-10-04 0:00,21.13,67.7,2.3,61.98,0.01,吝备,13,9,0.0417,0.0082
108,2025-10-04 1:00,21.09,68.2,2.12,59.78,0,吝备,11,6,0.0436,0.0069
108,2025-10-04 2:00,21.01,68.66,1.73,66.29,0,吝备,10,7,0.0426,0.0068
108,2025-10-04 3:00,21.02,69.33,2.06,59.99,0,吝备,11,6,0.0448,0.0066
108,2025-10-04 4:00,21.1,70.37,2.33,57.06,0,吝备,11,7,0.0446,0.0078
108,2025-10-04 5:00,21,70.93,2,56.75,0,吝备,10,5,0.0401,0.01
108,2025-10-04 6:00,20.95,71.78,1.73,57.9,0,吝备,12,7,0.0378,0.0119
108,2025-10-04 7:00,21.24,73.07,2.59,52.76,0,吝备,11,5,0.0409,0.0121
108,2025-10-04 8:00,21.57,72.98,2.34,58.51,0,吝备,14,6,0.0421,0.0122
108,2025-10-04 9:00,21.78,74.13,2.41,63.41,0,吝备,11,5,0.0419,0.0128
108,2025-10-04 10:00,22.45,73.29,2.55,65.15,0,吝备,13,4,0.0446,0.0108
108,2025-10-04 11:00,22.76,74.33,2.53,58.09,0,吝备,12,4,0.0436,0.0121
108,2025-10-04 12:00,22.99,77.74,1.61,72.6,0,吝备,12,3,0.0476,0.0087
108,2025-10-04 13:00,24.32,73.43,2.5,77.34,0,吝备,7,3,0.0495,0.0096
108,2025-10-04 14:00,24.85,70.59,2.39,92.84,0,吝备,8,4,0.049,0.0082
108,2025-10-04 15:00,24.71,70.94,2.23,59.45,0,吝备,7,3,0.0439,0.0104
108,2025-10-04 16:00,24.24,72.68,2.38,56.42,0,吝备,9,3,0.0403,0.0117
108,2025-10-04 17:00,23.88,73.59,1.45,83.51,0,吝备,9,4,0.0385,0.0132
108,2025-10-04 18:00,23.54,75.15,1.34,74.25,0,吝备,11,4,0.0384,0.0131
108,2025-10-04 19:00,23.33,76.94,1.08,40.77,0,吝备,11,7,0.0338,0.0151
108,2025-10-04 20:00,23.11,78.58,0.95,339.23,0,吝备,15,6,0.0346,0.0133
108,2025-10-04 21:00,22.73,79.06,1.38,72.73,0,吝备,10,6,0.031,0.016
108,2025-10-04 22:00,22.29,81.68,1.49,29.53,0,吝备,12,9,0.0273,0.016
108,2025-10-04 23:00,22.2,82.61,1.1,336.35,0,吝备,11,6,0.0215,0.0177
108,2025-10-05 0:00,22.2,83.32,0.83,356.26,0,吝备,15,9,0.0228,0.0158
108,2025-10-05 1:00,22.14,83.56,1.38,45.45,0,吝备,10,6,0.0241,0.0134
108,2025-10-05 2:00,22.07,83.95,1.23,31.55,0,吝备,13,6,0.0269,0.0099
108,2025-10-05 3:00,21.97,85.19,1.5,41.9,0,吝备,10,5,0.0216,0.0126
108,2025-10-05 4:00,21.83,85.54,1.37,43.24,0,吝备,13,9,0.0211,0.0114
108,2025-10-05 5:00,21.7,85.51,1.33,53.16,0,吝备,10,6,0.0235,0.0095
108,2025-10-05 6:00,21.62,85.62,1.69,54.51,0,吝备,13,8,0.0215,0.0099
108,2025-10-05 7:00,21.66,84.98,1.53,54.56,0,吝备,11,6,0.0222,0.0094
108,2025-10-05 8:00,21.82,85.11,1.74,48.15,0,吝备,12,10,0.0216,0.01
108,2025-10-05 9:00,21.83,87.42,1.86,38.71,0.16,吝备,12,6,0.0193,0.0133
108,2025-10-05 10:00,21.48,92.61,1.16,23.73,5.74,吝备,13,7,0.0185,0.0136
108,2025-10-05 11:00,21.24,93.91,1.5,55.2,14.49,吝备,8,5,0.02,0.0129
108,2025-10-05 12:00,21.65,92.31,1.73,66.53,17.3,吝备,6,2,0.0245,0.01
108,2025-10-05 13:00,21.6,91.12,2.22,47.85,17.36,吝备,3,2,0.0269,0.0101
108,2025-10-05 14:00,21.44,91.95,1.79,54.45,17.89,吝备,6,6,0.0324,0.0088
108,2025-10-05 15:00,21.5,91.6,1.62,51.12,18,吝备,3,3,0.0328,0.0104
108,2025-10-05 16:00,21.67,90.79,2.08,48.24,18,吝备,3,5,0.0311,0.0113
108,2025-10-05 17:00,21.48,90.22,1.78,49.09,18,吝备,6,3,0.0306,0.012
108,2025-10-05 18:00,21.16,90.39,1.78,38.22,18,吝备,9,5,0.027,0.0152
108,2025-10-05 19:00,20.75,91.41,1.86,41.14,18,吝备,11,7,0.0201,0.0193
108,2025-10-05 20:00,20.75,92.8,2.09,44.88,18,吝备,12,8,0.0206,0.0165
108,2025-10-05 21:00,20.81,92.25,1.95,46.01,18,吝备,9,5,0.0274,0.0113
108,2025-10-05 22:00,20.81,92.68,1.58,67.41,18.03,吝备,10,6,0.0285,0.0103
108,2025-10-05 23:00,20.7,93.14,1.8,53.92,18.1,吝备,8,4,0.0261,0.011
108,2025-10-06 0:00,20.61,91.92,1.56,50.06,0.3,吝备,10,6,0.0254,0.0107
108,2025-10-06 1:00,20.55,91.17,1.08,45.52,0,吝备,8,3,0.0266,0.0087
108,2025-10-06 2:00,20.52,91.56,1.61,48.54,0,吝备,9,5,0.026,0.0085
108,2025-10-06 3:00,20.51,90.75,2.21,51.44,0,吝备,8,3,0.0264,0.0077
108,2025-10-06 4:00,20.38,89.65,2.39,62.7,0,吝备,10,5,0.0316,0.0055
108,2025-10-06 5:00,20.17,89.72,2.9,56.47,0,吝备,8,2,0.0355,0.0049
108,2025-10-06 6:00,20.1,88.88,3.01,54.77,0,吝备,7,6,0.0374,0.0052
108,2025-10-06 7:00,19.82,92.45,2.68,55.86,0.16,吝备,8,3,0.0348,0.0064
108,2025-10-06 8:00,19.4,95.14,2.87,63.19,1.75,吝备,9,6,0.0351,0.0064
108,2025-10-06 9:00,18.02,94.14,4.22,55.37,5.1,吝备,4,1,0.0377,0.006
108,2025-10-06 10:00,17.72,92.16,3.99,56.68,5.59,吝备,3,1,0.0358,0.0081
108,2025-10-06 11:00,17.74,89.52,4.23,58.2,5.6,吝备,4,1,0.0355,0.008
108,2025-10-06 12:00,17.67,88.89,4.19,55.42,5.66,吝备,9,3,0.0361,0.0067
108,2025-10-06 13:00,17.53,91.21,4.17,54.01,5.85,吝备,5,2,0.0345,0.0073
108,2025-10-06 14:00,17.28,93.4,4.44,55.7,6.32,吝备,5,4,0.0324,0.0084
108,2025-10-06 15:00,16.73,94.99,4.85,55.35,7.26,吝备,6,2,0.0324,0.009
108,2025-10-06 16:00,16.3,96,4.74,57.61,8.47,吝备,6,6,0.0313,0.0104
108,2025-10-06 17:00,15.99,96.42,4.94,58.51,10.22,吝备,5,2,0.0327,0.0096
108,2025-10-06 18:00,15.78,97.25,5.23,56.08,13.65,吝备,7,4,0.0357,0.008
108,2025-10-06 19:00,15.53,97.66,5.24,59,18.62,吝备,5,2,0.0337,0.0091
108,2025-10-06 20:00,15.4,97.49,5.03,61.94,22.26,吝备,7,4,0.0348,0.0085
108,2025-10-06 21:00,15.4,97.83,4.89,58.36,24.26,吝备,5,3,0.0357,0.0076
108,2025-10-06 22:00,15.4,98.22,4.8,58.22,26.87,吝备,4,1,0.0363,0.0065
108,2025-10-06 23:00,15.43,98.84,4.72,57.14,33.32,吝备,3,1,0.0368,0.0051
108,2025-10-07 0:00,15.67,99.01,3.9,61.39,1.52,吝备,3,1,0.0366,0.0054
108,2025-10-07 1:00,15.92,98.94,3.87,62.74,2.06,吝备,3,1,0.0382,0.0046
108,2025-10-07 2:00,16.15,98.57,4.67,57.53,3.41,吝备,3,1,0.04,0.0039
108,2025-10-07 3:00,16.34,97.1,4.71,58.73,3.65,吝备,3,1,0.0401,0.0041
108,2025-10-07 4:00,16.62,95.78,4.71,58.16,3.75,吝备,4,2,0.0398,0.0044
108,2025-10-07 5:00,16.7,97.3,4.69,56.5,4.19,吝备,3,1,0.0392,0.0049
108,2025-10-07 6:00,16.8,97.86,4.38,55.24,4.82,吝备,3,2,0.036,0.0083
108,2025-10-07 7:00,16.93,98.11,4.08,57.34,5.29,吝备,3,1,0.0349,0.0097
108,2025-10-07 8:00,17.29,96.63,3.8,56.73,5.6,吝备,5,1,0.0342,0.0098
108,2025-10-07 9:00,17.84,94.76,3.71,57.25,5.6,吝备,3,1,0.0338,0.0097
108,2025-10-07 10:00,18.48,92.47,3.6,58.63,5.6,吝备,3,1,0.0344,0.0087
108,2025-10-07 11:00,18.97,91.44,3.31,54.81,5.6,吝备,3,1,0.0347,0.0081
108,2025-10-07 12:00,19.56,90.22,3.7,56.54,5.6,吝备,6,4,0.0373,0.0069
108,2025-10-07 13:00,19.84,87.74,2.98,61.04,5.6,吝备,3,1,0.0373,0.0068
108,2025-10-07 14:00,19.64,91.16,2.56,58.51,5.64,吝备,8,5,0.0371,0.0075
108,2025-10-07 15:00,19.54,92.79,2.81,57.77,5.7,吝备,3,1,0.0352,0.0085
108,2025-10-07 16:00,19.5,92.72,2.21,46.62,5.72,吝备,6,2,0.0329,0.0102
108,2025-10-07 17:00,19.38,94.58,1.28,37.51,6.47,吝备,4,2,0.029,0.0128
108,2025-10-07 18:00,19.2,94.59,1.87,49.27,6.76,吝备,7,6,0.0275,0.0129
108,2025-10-07 19:00,19,94.59,2.15,53.05,6.8,吝备,6,4,0.0266,0.0117
108,2025-10-07 20:00,18.9,94.44,1.6,56.18,6.8,吝备,8,5,0.028,0.0095
108,2025-10-07 21:00,18.8,94.88,1.21,43.72,6.83,吝备,5,3,0.0268,0.0101
108,2025-10-07 22:00,18.8,95.07,0.85,59.25,7.01,吝备,7,2,0.0275,0.0087
108,2025-10-07 23:00,18.57,94.81,1.66,61.77,7.1,吝备,4,1,0.0267,0.0074
108,2025-10-08 0:00,18.46,94.01,0.9,68.26,0.12,吝备,4,1,0.0287,0.0067
108,2025-10-08 1:00,18.5,93.99,0.53,272.41,0,吝备,3,1,0.0247,0.0085
108,2025-10-08 2:00,18.48,94.55,0.85,275.73,0,吝备,6,2,0.0169,0.0112
108,2025-10-08 3:00,18.37,94.45,0.75,297.84,0,吝备,4,1,0.0256,0.0066
108,2025-10-08 4:00,18.2,93.87,0.48,357.52,0,吝备,5,3,0.0238,0.0076
108,2025-10-08 5:00,18.07,94.11,0.28,295.78,0,吝备,4,1,0.0203,0.0086
108,2025-10-08 6:00,17.58,94.02,1.25,63.61,0,吝备,4,1,0.0218,0.0081
108,2025-10-08 7:00,17.24,93.52,0.58,52.49,0,吝备,5,1,0.0222,0.0084
108,2025-10-08 8:00,18.59,92.92,1.22,48.5,0,吝备,4,1,0.0254,0.0083
108,2025-10-08 9:00,20.85,84.59,1.6,64.26,0,吝备,3,1,0.0304,0.0067
108,2025-10-08 10:00,22.79,76.25,2.16,62.68,0,吝备,6,5,0.0366,0.0058
108,2025-10-08 11:00,24.04,70.79,1.85,59.9,0,吝备,3,1,0.0394,0.0055
108,2025-10-08 12:00,25.45,64.78,2.06,64.52,0,吝备,6,2,0.0438,0.0067
108,2025-10-08 13:00,26.32,57.63,2.35,59.25,0,吝备,9,4,0.0473,0.006
108,2025-10-08 14:00,27.32,53.09,1.58,58.59,0,吝备,9,5,0.05,0.0072
108,2025-10-08 15:00,27.79,47.29,1.8,285.19,0,吝备,9,2,0.0493,0.0072
108,2025-10-08 16:00,27.29,46.71,1.96,314.37,0,吝备,11,4,0.051,0.0056
108,2025-10-08 17:00,25.43,50.82,3.38,319.35,0,吝备,13,4,0.0428,0.0061
108,2025-10-08 18:00,23.72,56.69,2.92,322.34,0,吝备,16,7,0.0397,0.0064
108,2025-10-08 19:00,22.55,61.81,1.27,285.36,0,吝备,16,6,0.0299,0.0151
108,2025-10-08 20:00,21.91,66.32,1.1,267.87,0,吝备,22,10,0.0242,0.0171
108,2025-10-08 21:00,21.5,68.13,0.71,305.98,0,吝备,19,9,0.0174,0.0227
108,2025-10-08 22:00,21.11,70.89,0.54,24.72,0,吝备,22,12,0.0117,0.0265
108,2025-10-08 23:00,20.88,67.75,1.84,54.09,0,吝备,25,11,0.0199,0.0205
108,2025-10-09 0:00,20.55,69.23,2.03,50.57,0,吝备,33,13,0.028,0.0142
108,2025-10-09 1:00,20.49,69.52,2.6,53.56,0,吝备,29,13,0.0245,0.0132
108,2025-10-09 2:00,20.43,68.71,3.08,55.7,0,吝备,26,10,0.0276,0.0089
108,2025-10-09 3:00,20.33,64.41,2.96,56.43,0,吝备,14,4,0.0318,0.0063
108,2025-10-09 4:00,20.13,61.16,2.78,57.46,0,吝备,14,5,0.0333,0.0078
108,2025-10-09 5:00,19.87,60.11,3.12,56.05,0,吝备,12,5,0.0348,0.007
108,2025-10-09 6:00,19.8,60.59,2.83,58.14,0,吝备,16,4,0.0336,0.0096
108,2025-10-09 7:00,19.88,64.82,2.81,62.17,0,吝备,15,6,0.0301,0.013
108,2025-10-09 8:00,20.02,67.97,2.83,60.06,0,吝备,18,8,0.028,0.0143
108,2025-10-09 9:00,20.53,68.85,3.44,59.23,0,吝备,14,6,0.0298,0.0113
108,2025-10-09 10:00,21.13,67.29,3.88,51.98,0,吝备,12,7,0.0302,0.0109
108,2025-10-09 11:00,21.65,66.22,3.44,55.05,0,吝备,10,3,0.0311,0.0103
108,2025-10-09 12:00,22.3,64.41,3.38,63.76,0,吝备,11,2,0.0326,0.0094
108,2025-10-09 13:00,22.47,64.51,3.24,58.46,0,吝备,10,4,0.0334,0.0092
108,2025-10-09 14:00,21.99,65.34,3.27,55.5,0,吝备,13,5,0.0326,0.0099
108,2025-10-09 15:00,21.35,67.08,3.72,55.05,0,吝备,8,3,0.0317,0.0096
108,2025-10-09 16:00,20.65,68.72,3.87,56.9,0,吝备,7,3,0.0313,0.0092
108,2025-10-09 17:00,20.25,68.66,3.52,59.4,0,吝备,4,1,0.0308,0.0082
108,2025-10-09 18:00,19.77,69.51,3.42,57.37,0,吝备,5,3,0.0286,0.01
108,2025-10-09 19:00,19.36,70.76,3.72,54.76,0,吝备,5,3,0.0259,0.0107
108,2025-10-09 20:00,19,72.69,3.35,56.54,0,吝备,9,5,0.0274,0.009
108,2025-10-09 21:00,18.23,78.41,4.11,54.6,0,吝备,7,2,0.0266,0.0085
108,2025-10-09 22:00,17.73,81.43,4.21,55.38,0,吝备,10,2,0.0264,0.0083
108,2025-10-09 23:00,17.08,87.34,4.12,54.79,0,吝备,6,2,0.0266,0.007
108,2025-10-10 0:00,16.66,91.88,3.88,55.52,0.25,吝备,6,3,0.0279,0.0058
108,2025-10-10 1:00,16.28,94.45,3.8,55.67,0.95,吝备,4,2,0.0287,0.0052
108,2025-10-10 2:00,16.1,96.01,3.21,54.06,2.72,吝备,5,2,0.0287,0.0057
108,2025-10-10 3:00,16.1,96.4,3.01,53.68,3.85,吝备,3,1,0.0274,0.0065
108,2025-10-10 4:00,16.1,96.5,3.12,54.12,4.21,吝备,5,1,0.0275,0.0077
108,2025-10-10 5:00,16.16,97.44,2.62,59.35,5.26,吝备,4,1,0.0246,0.0103
108,2025-10-10 6:00,16.26,97.48,2.47,60.27,6.01,吝备,5,1,0.0216,0.0133
108,2025-10-10 7:00,16.37,97.92,2.23,57.75,,吝备,4,1,0.0185,0.0174
108,2025-10-10 8:00,16.55,96.67,2.33,57.01,,吝备,8,3,0.0167,0.0199
108,2025-10-10 9:00,16.71,97.33,2.23,50.58,,吝备,8,3,0.0141,0.0229
108,2025-10-10 10:00,17.09,98.07,2.1,56.18,,吝备,12,6,0.0105,0.027
108,2025-10-10 11:00,17.42,96.99,2.7,51.31,,吝备,10,5,0.0137,0.0233
108,2025-10-10 12:00,17.54,97.64,2.12,50.64,,吝备,11,7,0.0153,0.0226
108,2025-10-10 13:00,17.66,97.73,2.78,52.15,,吝备,7,4,0.0188,0.0182
108,2025-10-10 14:00,17.6,97.74,2.85,49.21,,吝备,7,4,0.0198,0.0182
108,2025-10-10 15:00,17.59,98.18,2.78,47.6,,吝备,4,2,0.0202,0.0163
108,2025-10-10 16:00,17.46,98.27,2.78,50.95,,吝备,7,2,0.0182,0.0191
108,2025-10-10 17:00,17.36,98.56,2.91,50.8,,吝备,3,1,0.0192,0.0165
108,2025-10-10 18:00,17.26,98.67,3.23,52.39,,吝备,6,4,0.0194,0.0171
108,2025-10-10 19:00,17.29,99.11,3.05,54.76,,吝备,6,4,0.0185,0.0169
108,2025-10-10 20:00,17.3,99.4,3.39,53.26,,吝备,7,4,0.0183,0.0165
108,2025-10-10 21:00,17.3,99.56,3.49,55.39,,吝备,4,2,0.0199,0.0137
108,2025-10-10 22:00,17.3,99.67,3.1,58.72,,吝备,4,3,0.0213,0.0122
108,2025-10-10 23:00,17.3,99.66,3.18,55.16,,吝备,3,1,0.0234,0.0103
108,2025-10-11 0:00,17.3,99.56,2.79,58.39,0.63,吝备,3,2,0.0237,0.0103
108,2025-10-11 1:00,17.3,99.55,2.4,61.18,3.6,吝备,3,1,0.0244,0.0095
108,2025-10-11 2:00,17.3,99.69,2.12,61.6,6.98,吝备,3,1,0.0242,0.0087
108,2025-10-11 3:00,17.4,99.64,2,60.8,8.93,吝备,3,1,0.0249,0.0078
108,2025-10-11 4:00,17.48,99.73,1.78,53.94,10.92,吝备,3,1,0.023,0.0092
108,2025-10-11 5:00,17.63,99.57,1.54,51.94,12.3,吝备,3,1,0.0214,0.0105
108,2025-10-11 6:00,17.79,99.63,1.67,41.23,13.4,吝备,3,1,0.0175,0.0147
108,2025-10-11 7:00,17.97,99.68,1.36,37.81,14.83,吝备,4,1,0.0105,0.0228
108,2025-10-11 8:00,18.21,99.34,1.37,36.5,15.94,吝备,8,4,0.009,0.0239
108,2025-10-11 9:00,18.7,98.61,1.19,36.84,16.1,吝备,9,4,0.0099,0.025
108,2025-10-11 10:00,19.53,98.39,1.53,159.22,16.1,吝备,17,8,0.0109,0.0299
108,2025-10-11 11:00,20.71,95.89,2.76,196.22,16.1,吝备,22,9,0.0313,0.0187
108,2025-10-11 12:00,21.63,93.03,2.44,200.36,16.1,吝备,29,12,0.0378,0.0157
108,2025-10-11 13:00,23.18,82.64,3.87,206.87,16.1,吝备,23,9,0.0455,0.0133
108,2025-10-11 14:00,23.7,76.26,3.73,224.43,16.1,吝备,24,10,0.0498,0.0109
108,2025-10-11 15:00,23.64,75.68,3.75,221.72,16.1,吝备,21,7,0.0505,0.0106
108,2025-10-11 16:00,23.42,79.77,3.53,214.14,16.1,吝备,23,10,0.0424,0.0104
108,2025-10-11 17:00,23.05,85.97,3.84,212.93,16.37,吝备,25,7,0.0383,0.0121
108,2025-10-11 18:00,22.43,92.01,3.38,204.91,16.94,吝备,27,11,0.036,0.0124
108,2025-10-11 19:00,22.2,96.58,2.91,228.83,18.93,吝备,18,8,0.0327,0.0147
108,2025-10-11 20:00,21.75,95.06,2.06,292.48,21.22,吝备,13,4,0.0379,0.0098
108,2025-10-11 21:00,21.21,94.03,1.97,286.05,21.3,吝备,3,1,0.043,0.0079
108,2025-10-11 22:00,20.3,94.85,2.49,275.93,22.33,吝备,5,2,0.0354,0.0062
108,2025-10-11 23:00,19.78,94.34,1.91,266.75,22.5,吝备,3,1,0.0271,0.0095
108,2025-10-12 0:00,19.5,94.72,1.86,259.48,0.38,吝备,4,4,0.0211,0.0113
108,2025-10-12 1:00,19.06,94.85,2.19,258.08,0,吝备,5,1,0.0207,0.0086
108,2025-10-12 2:00,18.18,95.19,2.69,277.07,0,吝备,5,4,0.0218,0.0062
108,2025-10-12 3:00,17.71,95.59,1.98,271.27,0,吝备,4,1,0.0221,0.0063
108,2025-10-12 4:00,17.62,95.35,1.35,271.01,0,吝备,6,1,0.0203,0.0065
108,2025-10-12 5:00,17.62,95.14,0.9,258.41,0,吝备,5,1,0.017,0.0098
108,2025-10-12 6:00,17.64,95.03,1.09,274.29,0,吝备,9,1,0.0168,0.0088
108,2025-10-12 7:00,17.6,95.17,0.89,287.34,0.02,吝备,7,2,0.0139,0.0125
108,2025-10-12 8:00,17.8,94.88,0.89,72.1,0.1,吝备,8,4,0.0174,0.012
108,2025-10-12 9:00,18.17,92.89,0.96,324.96,0.1,吝备,5,1,0.021,0.009
108,2025-10-12 10:00,19.71,89.56,1.2,35.37,0.1,吝备,6,3,0.0243,0.0098
108,2025-10-12 11:00,20.6,85.32,1.88,62.82,0.1,吝备,6,2,0.0258,0.0087
108,2025-10-12 12:00,20.98,82.99,2.08,64.45,0.1,吝备,7,2,0.0246,0.0099
108,2025-10-12 13:00,21.33,79.42,2.09,66.79,0.1,吝备,8,3,0.0293,0.0091
108,2025-10-12 14:00,20.91,74.67,3.8,51.03,0.1,吝备,8,1,0.0297,0.0095
108,2025-10-12 15:00,20.62,73.98,3.54,52.69,0.1,吝备,6,2,0.0314,0.0085
108,2025-10-12 16:00,20.23,73.96,3.35,58.33,0.1,吝备,7,1,0.0303,0.0094
108,2025-10-12 17:00,19.67,75.18,3.58,56.43,0.1,吝备,5,1,0.0281,0.0106
108,2025-10-12 18:00,19.35,76.63,3.1,62.44,0.1,吝备,9,2,0.0294,0.0091
108,2025-10-12 19:00,19.08,78.28,2.96,63.05,0.1,吝备,5,3,0.0285,0.0097
108,2025-10-12 20:00,19,78.15,3.66,57.6,0.1,吝备,8,2,0.0287,0.0089
108,2025-10-12 21:00,18.92,78.14,3.17,56.67,0.1,吝备,4,1,0.0302,0.0086
108,2025-10-12 22:00,18.84,78.62,3.2,59.3,0.1,吝备,6,2,0.0284,0.0095
108,2025-10-12 23:00,18.6,80.48,3.12,57.84,0.1,吝备,5,1,0.0319,0.007
108,2025-10-13 0:00,17.96,85.61,3.09,52.69,0,吝备,7,4,0.0341,0.0055
108,2025-10-13 1:00,17.53,89.71,2.98,53.89,0.01,吝备,3,1,0.0338,0.0052
108,2025-10-13 2:00,17.05,93.11,3.17,52.49,0.19,吝备,4,1,0.0322,0.0048
108,2025-10-13 3:00,16.83,93.21,3.27,51.84,0.2,吝备,3,1,0.0321,0.0051
108,2025-10-13 4:00,16.83,93.94,2.44,51.54,1.15,吝备,3,2,0.031,0.006
108,2025-10-13 5:00,16.7,96.34,2.46,56.45,5.03,吝备,3,1,0.0289,0.0083
108,2025-10-13 6:00,16.58,96.8,3.26,54.34,6.7,吝备,3,1,0.0265,0.0112
108,2025-10-13 7:00,16.4,97.29,2.84,59.63,10.02,吝备,3,1,0.0218,0.0185
108,2025-10-13 8:00,16.4,95.51,3.52,52.6,10.5,吝备,4,1,0.0244,0.0177
108,2025-10-13 9:00,16.43,93.1,3.34,50.58,10.5,吝备,3,1,0.026,0.0183
108,2025-10-13 10:00,16.63,90.53,3.71,52.94,10.5,吝备,4,2,0.0288,0.0156
108,2025-10-13 11:00,16.9,88.47,3.44,51.36,10.5,吝备,4,1,0.0308,0.015
108,2025-10-13 12:00,16.76,90.5,3.5,51.82,10.7,吝备,7,4,0.0315,0.0153
108,2025-10-13 13:00,16.2,92.92,4.02,54.76,11.2,吝备,8,4,0.0331,0.014
108,2025-10-13 14:00,15.96,95.26,3.04,53.72,12.1,吝备,6,2,0.0289,0.018
108,2025-10-13 15:00,15.75,96.92,3.64,52.53,13.81,吝备,6,2,0.0272,0.0169
108,2025-10-13 16:00,15.26,96.86,4.27,53.92,15.21,吝备,7,3,0.028,0.0168
108,2025-10-13 17:00,14.7,96.42,4.45,57.12,19.08,吝备,5,1,0.0326,0.0163
108,2025-10-13 18:00,14.21,96.77,4.2,54.55,22.86,吝备,5,1,0.0331,0.0166
108,2025-10-13 19:00,14,96.55,4.5,53.29,24.25,吝备,5,3,0.035,0.0137
108,2025-10-13 20:00,13.91,96.77,3.64,58.21,25.03,吝备,3,1,0.0352,0.012
108,2025-10-13 21:00,14,95.21,3.68,58.71,25.1,吝备,3,1,0.0349,0.0116
108,2025-10-13 22:00,14.13,93.15,3.06,61.24,25.1,吝备,3,3,0.0345,0.0106
108,2025-10-13 23:00,14.31,91.29,3.25,58.09,25.1,吝备,3,1,0.0353,0.0093
108,2025-10-14 0:00,14.52,89.63,3.01,61.08,0.42,吝备,3,1,0.0366,0.0073
108,2025-10-14 1:00,14.69,89.05,2.66,57.59,0,吝备,3,1,0.0365,0.0067
108,2025-10-14 2:00,14.94,88.92,3.03,54.61,0,吝备,4,1,0.0362,0.0061
108,2025-10-14 3:00,14.85,91.59,2.96,55.36,0,吝备,3,1,0.0373,0.0053
108,2025-10-14 4:00,14.63,95.23,2.4,50.78,0.17,吝备,3,1,0.0348,0.0074
108,2025-10-14 5:00,14.6,95.83,3.08,55.36,0.39,吝备,3,1,0.0339,0.0079
108,2025-10-14 6:00,14.61,95.8,3.33,55.74,0.49,吝备,3,1,0.0308,0.0117
108,2025-10-14 7:00,14.85,94.47,3.06,54.85,0.6,吝备,3,1,0.0278,0.0165
108,2025-10-14 8:00,15.43,92.37,3.43,53.95,0.6,吝备,3,2,0.0286,0.0161
108,2025-10-14 9:00,16.58,86.59,3.66,53.77,0.6,吝备,4,1,0.0295,0.0153
108,2025-10-14 10:00,17.77,81.5,3.49,54.67,0.6,吝备,8,2,0.0298,0.0156
108,2025-10-14 11:00,19.29,75.86,3.33,58.89,0.6,吝备,3,1,0.0304,0.0166
108,2025-10-14 12:00,20.33,69.89,3.43,65.12,0.6,吝备,6,5,0.0346,0.0139
108,2025-10-14 13:00,20.67,68.62,3.67,58.23,0.6,吝备,7,4,0.04,0.0106
108,2025-10-14 14:00,20.68,68.8,3.92,51.85,0.6,吝备,7,4,0.036,0.014
108,2025-10-14 15:00,20.74,68.79,3.43,54.17,0.6,吝备,7,2,0.0388,0.0108
108,2025-10-14 16:00,20.63,69.51,3.2,52.62,0.6,吝备,6,1,0.0342,0.0139
108,2025-10-14 17:00,20.19,70.96,2.78,49.27,0.6,吝备,6,1,0.0315,0.0155
108,2025-10-14 18:00,19.7,73.3,2.46,43.64,0.6,吝备,5,2,0.0292,0.0166
108,2025-10-14 19:00,19.37,74.21,2.65,49.51,0.6,吝备,10,7,0.0276,0.0165
108,2025-10-14 20:00,19,74.52,2.11,46.56,0.6,吝备,8,7,0.0299,0.0128
108,2025-10-14 21:00,18.86,74.95,2.32,51.19,0.6,吝备,7,3,0.0306,0.0124
108,2025-10-14 22:00,18.63,76.91,2.98,52.24,0.6,吝备,3,1,0.0251,0.0159
108,2025-10-14 23:00,18.2,77.62,2.85,58.66,0.6,吝备,8,2,0.0272,0.0141
108,2025-10-15 0:00,18.01,77.46,2.67,59.75,0.01,吝备,4,3,0.0297,0.0107
108,2025-10-15 1:00,17.58,78.22,2.26,51.62,0,吝备,4,1,0.0312,0.01
108,2025-10-15 2:00,17.16,79.88,2.02,61.73,0,吝备,3,1,0.0298,0.0101
108,2025-10-15 3:00,16.77,82.19,2.39,52.72,0,吝备,4,1,0.0283,0.0108
108,2025-10-15 4:00,16.56,83.04,2.29,57.12,0,吝备,4,1,0.0253,0.0131
108,2025-10-15 5:00,16.33,83.98,2.27,52.67,0,吝备,5,1,0.0237,0.0145
108,2025-10-15 6:00,16.25,84.58,2.53,52.16,0,吝备,6,2,0.0207,0.0172
108,2025-10-15 7:00,16.95,82.85,3.17,54.7,0,吝备,6,1,0.0196,0.0196
108,2025-10-15 8:00,18.43,78.28,3.05,54.79,0,吝备,7,4,0.0169,0.0229
108,2025-10-15 9:00,20.12,72.39,3.13,58.44,0,吝备,9,2,0.0233,0.0184
108,2025-10-15 10:00,21.93,66.04,2.75,75.06,0,吝备,12,4,0.03,0.0143
108,2025-10-15 11:00,23.3,62.19,2.48,82.79,0,吝备,7,1,0.0357,0.0117
108,2025-10-15 12:00,24.34,59.12,2.47,90.39,0,吝备,12,7,0.0398,0.0113
108,2025-10-15 13:00,25.01,56.93,2.55,115.35,0,吝备,14,6,0.0433,0.0128
108,2025-10-15 14:00,24.88,57.28,2.75,125.61,0,吝备,11,7,0.0462,0.012
108,2025-10-15 15:00,24.07,59.92,2.28,115.63,0,吝备,12,4,0.0422,0.0159
108,2025-10-15 16:00,23.66,61.65,2.09,99.67,0,吝备,16,7,0.0363,0.0223
108,2025-10-15 17:00,23.17,63.58,1.95,81.92,0,吝备,15,6,0.0332,0.0225
108,2025-10-15 18:00,22.59,68.17,1.93,115.89,0.02,吝备,20,10,0.0268,0.0271
108,2025-10-15 19:00,20.95,78.57,2.6,137.26,0.2,吝备,23,15,0.0295,0.0196
108,2025-10-15 20:00,20.17,81.61,2.29,103.16,0.2,吝备,17,11,0.0282,0.0182
108,2025-10-15 21:00,19.88,83.89,1.98,102.77,0.2,吝备,12,6,0.0254,0.0198
108,2025-10-15 22:00,19.65,84.35,1.36,95.74,0.21,吝备,14,7,0.0286,0.0155
108,2025-10-15 23:00,19.15,89.23,2.49,50.3,0.96,吝备,12,6,0.0302,0.0132
108,2025-10-16 0:00,18.6,91.33,2.39,50.3,0.32,吝备,12,7,0.0314,0.0098
108,2025-10-16 1:00,18.25,91.72,2.18,59.35,0.92,吝备,7,2,0.0309,0.0072
108,2025-10-16 2:00,17.85,92.14,2.83,43.07,1.24,吝备,6,5,0.0304,0.006
108,2025-10-16 3:00,17.54,91.66,2.72,50.61,1.3,吝备,3,1,0.0319,0.0058
108,2025-10-16 4:00,17.34,90.41,1.29,41.46,1.3,吝备,3,2,0.03,0.0076
108,2025-10-16 5:00,17.42,89.15,1.14,46.12,1.3,吝备,3,1,0.0296,0.0086
108,2025-10-16 6:00,17.22,89.34,0.91,342.3,1.3,吝备,7,1,0.0261,0.0113
108,2025-10-16 7:00,17.02,89.83,0.96,37.47,1.3,吝备,4,1,0.0253,0.0139
108,2025-10-16 8:00,17.95,86.73,1.92,50.98,1.3,吝备,6,2,0.0213,0.0184
108,2025-10-16 9:00,19.83,78.06,2.07,66.81,1.3,吝备,5,1,0.0274,0.0145
108,2025-10-16 10:00,21.42,71.97,1.57,66.56,1.3,吝备,,,,
108,2025-10-16 11:00,22.87,66.53,1.81,59.37,1.3,吝备,,,,
108,2025-10-16 12:00,23.69,63.93,2.09,334.7,1.3,吝备,11,9,0.0443,0.0079
108,2025-10-16 13:00,23.54,65.43,2.17,335.07,1.3,吝备,10,6,0.0467,0.0075
108,2025-10-16 14:00,24.37,61.96,2.84,36.2,1.3,吝备,7,3,0.0473,0.0102
108,2025-10-16 15:00,23.96,62.8,3.49,5.2,1.3,吝备,7,3,0.0446,0.0105
108,2025-10-16 16:00,24.12,61.39,2.74,32.84,1.3,吝备,11,4,0.0394,0.0144
108,2025-10-16 17:00,22.61,65.5,2.32,39.99,1.3,吝备,7,4,0.0317,0.019
108,2025-10-16 18:00,21.28,69.92,2.42,39.94,1.3,吝备,9,6,0.0227,0.0248
108,2025-10-16 19:00,20.5,72.2,3.02,48.34,1.3,吝备,14,9,0.03,0.0187
108,2025-10-16 20:00,19.93,71.89,3.45,56.23,1.3,吝备,11,5,0.0327,0.0137
108,2025-10-16 21:00,19.48,70.77,3.96,56.58,1.3,吝备,5,2,0.035,0.0099
108,2025-10-16 22:00,18.88,71.55,3.57,57.17,1.3,吝备,5,1,0.0335,0.0102
108,2025-10-16 23:00,18.31,72.44,3.75,53.63,1.3,吝备,4,1,0.0351,0.009
108,2025-10-17 0:00,17.86,73.38,2.87,59.12,0.02,吝备,3,1,0.0364,0.008
108,2025-10-17 1:00,17.53,74.34,3.33,52.12,0,吝备,3,1,0.0371,0.0072
108,2025-10-17 2:00,17.31,74.91,2.67,61.83,0,吝备,4,1,0.0362,0.0073
108,2025-10-17 3:00,16.92,76.45,2.06,67.65,0,吝备,4,1,0.0327,0.0097
108,2025-10-17 4:00,16.39,78.72,2.04,49.66,0,吝备,7,2,0.0316,0.0101
108,2025-10-17 5:00,15.86,81.33,2.17,48.21,0,吝备,4,1,0.0288,0.0125
108,2025-10-17 6:00,15.61,82.83,2.32,49.08,0,吝备,6,5,0.0232,0.0177
108,2025-10-17 7:00,15.95,83.06,2.83,50.36,0,吝备,7,2,0.0213,0.0195
108,2025-10-17 8:00,17.58,77.46,2.85,61.62,0,吝备,9,4,0.0183,0.0226
108,2025-10-17 9:00,18.9,72.23,2.65,67.08,0,吝备,10,4,0.0234,0.0192
108,2025-10-17 10:00,20.95,67.38,2.97,61.13,0,吝备,16,7,0.0252,0.0197
108,2025-10-17 11:00,22.78,61.62,2.77,107.54,0,吝备,10,4,0.0381,0.0132
108,2025-10-17 12:00,23.81,57.54,3.67,115.21,0,吝备,19,12,0.0479,0.0111
108,2025-10-17 13:00,24.31,56.35,3.01,116.03,0,吝备,19,11,0.0495,0.0121
108,2025-10-17 14:00,24.42,55.97,2.96,124.15,0,吝备,19,10,0.0498,0.0127
108,2025-10-17 15:00,23.57,58.35,2.22,124.97,0,吝备,16,8,0.0484,0.0151
108,2025-10-17 16:00,23.2,60.93,1.63,133.14,0,吝备,19,9,0.0398,0.0224
108,2025-10-17 17:00,22.57,63.94,1.36,340.38,0,吝备,20,10,0.0401,0.0198
108,2025-10-17 18:00,21.41,76.57,1.36,300.73,0.34,吝备,20,11,0.0303,0.0253
108,2025-10-17 19:00,20.29,82.91,1.5,298.18,0.55,吝备,18,11,0.0215,0.0299
108,2025-10-17 20:00,19.66,84.67,1.61,50.05,0.76,吝备,18,12,0.0315,0.0191
108,2025-10-17 21:00,19.13,90.2,1.77,85.87,4.08,吝备,17,11,0.027,0.0214
108,2025-10-17 22:00,18.8,91.34,1.28,148.69,8.58,吝备,14,10,0.0291,0.0183
108,2025-10-17 23:00,18.61,90.39,0.71,46.16,11.13,吝备,9,5,0.035,0.0135
108,2025-10-18 0:00,18.45,92.48,1.08,346.76,0.96,吝备,7,5,0.0347,0.0123
108,2025-10-18 1:00,18.11,92.36,1.2,2.19,2.36,吝备,6,4,0.0397,0.0103
108,2025-10-18 2:00,17.87,93.45,1.9,307.56,4.04,吝备,4,4,0.0414,0.0083
108,2025-10-18 3:00,17.35,94.54,3.45,307.33,6.51,吝备,4,2,0.0382,0.006
108,2025-10-18 4:00,16.49,92.79,3.45,302.87,8.49,吝备,4,2,0.0432,0.0048
108,2025-10-18 5:00,16.05,94.11,2.39,290.28,10.19,吝备,3,2,0.0418,0.0067
108,2025-10-18 6:00,16.01,93.76,1.19,192.22,11,吝备,6,4,0.0317,0.0148
108,2025-10-18 7:00,15.72,93.66,3.19,290.15,11.2,吝备,7,4,0.0311,0.0123
108,2025-10-18 8:00,15.24,93.03,3.49,306.62,11.2,吝备,7,3,0.0366,0.0072
108,2025-10-18 9:00,15.41,91.84,1.98,293.52,11.2,吝备,7,4,0.0328,0.0093
108,2025-10-18 10:00,15.44,89.25,2.42,284.51,11.2,吝备,11,6,0.0326,0.0099
108,2025-10-18 11:00,15.59,87.85,2.28,299.46,11.2,吝备,9,7,0.0329,0.0078
108,2025-10-18 12:00,15.97,85.85,2.67,277.8,11.2,吝备,12,9,0.0336,0.0076
108,2025-10-18 13:00,16.06,83.82,3.1,281.3,11.2,吝备,11,8,0.0343,0.007
108,2025-10-18 14:00,16.35,81.96,2.84,282.6,11.2,吝备,15,12,0.0351,0.0071
108,2025-10-18 15:00,16.45,81.36,2.45,273.52,11.2,吝备,14,10,0.0334,0.0088
108,2025-10-18 16:00,16.3,80.55,2.33,296.48,11.2,吝备,18,12,0.0343,0.0075
108,2025-10-18 17:00,15.91,81.12,2.98,313,11.2,吝备,15,10,0.0362,0.0067
108,2025-10-18 18:00,15.71,82.6,2.37,314.56,11.2,吝备,12,10,0.0329,0.0077
108,2025-10-18 19:00,15.63,82.09,2.08,311.81,11.2,吝备,14,11,0.0308,0.0101
108,2025-10-18 20:00,15.31,83.26,1.32,293.58,11.2,吝备,15,10,0.0286,0.0087
108,2025-10-18 21:00,14.88,84.37,1.58,287.99,11.2,吝备,14,11,0.0254,0.0096
108,2025-10-18 22:00,14.47,85.81,1.14,329.41,11.2,吝备,15,11,0.025,0.0107
108,2025-10-18 23:00,14.31,86.23,1.42,50.03,11.2,吝备,18,12,0.024,0.0107
108,2025-10-19 0:00,14.21,87.52,2.03,56.46,0.19,吝备,19,11,0.0232,0.0092
108,2025-10-19 1:00,14.21,87.8,2.16,49.75,0,吝备,17,11,0.0223,0.0087
108,2025-10-19 2:00,14.12,87.37,2.44,47.98,0,吝备,15,9,0.0209,0.0087
108,2025-10-19 3:00,14.18,85.91,2.53,50.54,0,吝备,11,7,0.0204,0.0087
108,2025-10-19 4:00,13.81,85.58,2.47,48.78,0,吝备,10,6,0.0199,0.0086
108,2025-10-19 5:00,13.33,85.97,1.86,46.52,0,吝备,6,3,0.0179,0.0107
108,2025-10-19 6:00,12.97,87.09,1.41,47.59,0,吝备,5,2,0.019,0.0105
108,2025-10-19 7:00,13.03,89.89,1.4,64.95,0,吝备,5,1,0.0143,0.0151
108,2025-10-19 8:00,14.57,85.38,2.05,62.78,0,吝备,5,1,0.0155,0.0144
108,2025-10-19 9:00,16.7,77.01,1.57,62.22,0,吝备,5,1,0.0205,0.0128
108,2025-10-19 10:00,18.54,71.38,1.3,157.5,0,吝备,14,7,0.0242,0.0114
108,2025-10-19 11:00,18.43,71.74,2.47,287.28,0,吝备,7,3,0.0243,0.012
108,2025-10-19 12:00,18.56,71.83,2.68,299.88,0,吝备,14,9,0.0266,0.0108
108,2025-10-19 13:00,18.71,68.7,3.22,303.05,0,吝备,14,9,0.0388,0.0076
108,2025-10-19 14:00,18.96,62.63,3.3,264.39,0,吝备,19,13,0.0429,0.0074
108,2025-10-19 15:00,18.74,61.53,3.21,278.19,0,吝备,18,14,0.0442,0.007
108,2025-10-19 16:00,17.56,63.31,3.5,277.23,0,吝备,21,16,0.0401,0.008
108,2025-10-19 17:00,15.91,61.25,3.85,288.46,0,吝备,24,14,0.0379,0.0078
108,2025-10-19 18:00,14.16,61.17,3.89,290.89,0,吝备,30,17,0.034,0.0096
108,2025-10-19 19:00,12.87,61.42,3.78,307.71,0,吝备,32,17,0.0325,0.0078
108,2025-10-19 20:00,11.79,59.97,4.03,310.98,0,吝备,29,17,0.0331,0.007
108,2025-10-19 21:00,10.94,61.73,3.99,312.52,0,吝备,27,15,0.0327,0.0077
108,2025-10-19 22:00,10.13,66.43,3.44,318.9,0,吝备,30,18,0.0326,0.0069
108,2025-10-19 23:00,9.25,67.4,4.33,310.88,0,吝备,29,13,0.034,0.0055
108,2025-10-20 0:00,8.48,65.9,4.46,311.62,0,吝备,30,13,0.0343,0.0046
108,2025-10-20 1:00,7.71,70,3.1,304.44,0,吝备,22,10,0.031,0.0059
108,2025-10-20 2:00,6.97,71.58,3.16,297.37,0,吝备,22,13,0.03,0.0052
108,2025-10-20 3:00,6.41,72.2,3.25,287.58,0,吝备,20,11,0.0275,0.0066
108,2025-10-20 4:00,5.98,74.34,2.37,292.95,0,吝备,23,14,0.026,0.007
108,2025-10-20 5:00,5.76,75.79,1.89,291.42,0,吝备,20,12,0.022,0.0094
108,2025-10-20 6:00,5.47,77.83,1.56,280.16,0,吝备,22,13,0.0161,0.0151
108,2025-10-20 7:00,5.81,79.53,1.95,282.42,0,吝备,19,11,0.0123,0.0181
108,2025-10-20 8:00,6.96,76.61,2.13,274.59,0,吝备,21,12,0.0135,0.0171
108,2025-10-20 9:00,9.05,72.91,1.57,250.74,0,吝备,21,11,0.016,0.0158
108,2025-10-20 10:00,10.87,68.91,1.64,251.88,0,吝备,28,17,0.0175,0.0145
108,2025-10-20 11:00,12.64,64.88,2.32,266.38,0,吝备,22,12,0.0217,0.0115
108,2025-10-20 12:00,13.79,61.59,3.17,292.34,0,吝备,23,16,0.0269,0.0102
108,2025-10-20 13:00,14.67,60.75,3.33,283.77,0,吝备,25,14,0.0331,0.0089
108,2025-10-20 14:00,16.02,58.15,3.03,271.49,0,吝备,17,12,0.0348,0.0083
108,2025-10-20 15:00,16.03,57.64,2.98,277.74,0,吝备,15,8,0.0355,0.0075
108,2025-10-20 16:00,15.13,59.38,2.58,293.89,0,吝备,17,7,0.0337,0.0088
108,2025-10-20 17:00,14.18,61.58,2.9,319.2,0,吝备,14,8,0.0313,0.0086
108,2025-10-20 18:00,12.86,63.65,3.57,312.68,0,吝备,17,9,0.0304,0.0086
108,2025-10-20 19:00,11.71,57.7,3.69,301.47,0,吝备,22,12,0.0308,0.0112
108,2025-10-20 20:00,10.5,54.25,3.55,292.43,0,吝备,30,15,0.0317,0.01
108,2025-10-20 21:00,9.52,55.8,2.69,282.48,0,吝备,28,14,0.0288,0.0112
108,2025-10-20 22:00,8.62,58.2,1.75,277.49,0,吝备,33,15,0.0263,0.0136
108,2025-10-20 23:00,7.86,59.42,1.8,275.01,0,吝备,27,14,0.0278,0.0111
108,2025-10-21 0:00,7.11,62.01,1.66,274.24,0,吝备,29,14,0.0243,0.0135
108,2025-10-21 1:00,6.54,63,1.66,273.63,0,吝备,25,12,0.0268,0.0096
108,2025-10-21 2:00,6.01,65.89,1.22,270.09,0,吝备,28,14,0.0243,0.0113
108,2025-10-21 3:00,5.73,69.66,1.45,267.77,0,吝备,24,11,0.0187,0.015
108,2025-10-21 4:00,5.38,70.74,1.22,269.23,0,吝备,23,14,0.0174,0.0155
108,2025-10-21 5:00,4.96,72.99,1.27,270.06,0,吝备,23,11,0.0126,0.0199
108,2025-10-21 6:00,4.88,74.34,1.3,275.87,0,吝备,24,13,0.0103,0.0223
108,2025-10-21 7:00,4.98,77.28,0.76,265.96,0,吝备,22,12,0.0107,0.0222
108,2025-10-21 8:00,6.35,76,0.79,329.22,0,吝备,26,13,0.0098,0.0235
108,2025-10-21 9:00,8.58,70.11,0.92,303.15,0,吝备,28,13,0.0157,0.0179
108,2025-10-21 10:00,9.88,66.92,2,291.83,0,吝备,24,14,0.0148,0.0191
108,2025-10-21 11:00,11.53,64.91,1.92,276.35,0,吝备,24,12,0.0167,0.0181
108,2025-10-21 12:00,13.06,61.14,2.54,266.76,0,吝备,27,15,0.0219,0.0141
108,2025-10-21 13:00,13.64,60.48,2.6,277.54,0,吝备,26,15,0.0299,0.0125
108,2025-10-21 14:00,13.9,60.6,2.48,282.25,0,吝备,26,15,0.033,0.0121
108,2025-10-21 15:00,13.92,60.78,2.44,276.7,0,吝备,22,13,0.0363,0.0107
108,2025-10-21 16:00,13.7,58.42,2.17,275.03,0,吝备,18,12,0.0363,0.0113
108,2025-10-21 17:00,12.88,57.89,2.04,292.74,0,吝备,17,9,0.0302,0.0159
108,2025-10-21 18:00,11.44,64.18,2.38,289.13,0,吝备,32,16,0.026,0.0188
108,2025-10-21 19:00,10.46,65.78,2.04,279.19,0,吝备,36,18,0.022,0.0219
108,2025-10-21 20:00,9.68,65.32,1.3,270.04,0,吝备,36,17,0.019,0.0225
108,2025-10-21 21:00,8.81,70.64,1.12,270.68,0,吝备,36,17,0.0125,0.0286
108,2025-10-21 22:00,8.24,76.22,0.9,268.38,0,吝备,36,17,0.0057,0.0332
108,2025-10-21 23:00,7.79,81.51,1.15,270.24,0,吝备,33,17,0.0049,0.032
108,2025-10-22 0:00,7.39,82.04,1.59,271.23,0,吝备,29,15,0.0039,0.03
108,2025-10-22 1:00,6.96,82.4,0.87,276.51,0,吝备,27,15,0.0042,0.0276
108,2025-10-22 2:00,6.8,84.9,0.86,281.38,0,吝备,28,17,0.0029,0.0263
108,2025-10-22 3:00,6.68,85.34,0.67,278.08,0,吝备,26,15,0.0057,0.0229
108,2025-10-22 4:00,6.68,86.94,0.75,84.41,0,吝备,27,15,0.0066,0.0227
108,2025-10-22 5:00,6.83,88.45,0.94,6.34,0,吝备,20,11,0.0076,0.0227
108,2025-10-22 6:00,6.9,89.96,0.5,335.65,0,吝备,18,12,0.0036,0.0267
108,2025-10-22 7:00,7.23,89.8,0.7,16.65,0,吝备,16,10,0.0049,0.0278
108,2025-10-22 8:00,8.93,85.6,1.37,57.88,0,吝备,17,8,0.0119,0.0234
108,2025-10-22 9:00,12.15,73.07,2.15,61.65,0,吝备,12,7,0.0206,0.0167
108,2025-10-22 10:00,14.42,64.85,2.5,59.12,0,吝备,13,7,0.024,0.0154
108,2025-10-22 11:00,16.08,60.53,2.05,60.83,0,吝备,6,2,0.0239,0.0166
108,2025-10-22 12:00,17.46,58.07,2.4,49.15,0,吝备,13,6,0.0288,0.0153
108,2025-10-22 13:00,18.04,55.52,2.18,46.82,0,吝备,12,7,0.0368,0.0104
108,2025-10-22 14:00,18.25,55.38,1.78,28.49,0,吝备,8,4,0.0378,0.0103
108,2025-10-22 15:00,18.54,54.65,1.56,31.53,0,吝备,6,1,0.0373,0.0106
108,2025-10-22 16:00,18.11,56.77,1.81,353.18,0,吝备,7,2,0.0348,0.0123
108,2025-10-22 17:00,17.2,60.36,1.61,332.78,0,吝备,6,3,0.0292,0.0166
108,2025-10-22 18:00,16.52,63.12,1.42,3.9,0,吝备,7,6,0.0196,0.0241
108,2025-10-22 19:00,15.69,68.41,1.08,9.88,0,吝备,11,8,0.0079,0.0346
108,2025-10-22 20:00,15.21,70.63,1.59,38.86,0,吝备,16,11,0.008,0.0332
108,2025-10-22 21:00,14.64,72.23,2.12,50.25,0,吝备,13,8,0.0088,0.0289
108,2025-10-22 22:00,14.25,73.25,2.23,51.27,0,吝备,15,8,0.0126,0.0232
108,2025-10-22 23:00,13.75,74.41,2.42,51.98,0,吝备,12,7,0.0131,0.0223
108,2025-10-23 0:00,13.14,75.59,2.06,55.37,0,吝备,11,6,0.0197,0.0147
108,2025-10-23 1:00,12.6,77.52,1.77,63.75,0,吝备,7,4,0.0214,0.0125
108,2025-10-23 2:00,12.41,78.86,2.07,63.95,0,吝备,8,2,0.0227,0.0104
108,2025-10-23 3:00,12.1,79.11,1.51,69.2,0,吝备,6,3,0.0209,0.0112
108,2025-10-23 4:00,11.92,80.16,1.58,59.37,0,吝备,9,3,0.0186,0.0142
108,2025-10-23 5:00,11.95,80.89,1.73,55.84,0,吝备,5,3,0.0175,0.0145
108,2025-10-23 6:00,12.11,80.17,1.71,59.28,0,吝备,7,6,0.013,0.0198
108,2025-10-23 7:00,12.43,79.12,2.09,55.55,0,吝备,7,4,0.0111,0.024
108,2025-10-23 8:00,13.57,75.94,2.35,54.34,0,吝备,10,5,0.0141,0.0222
108,2025-10-23 9:00,14.32,73.37,2.09,47.77,0,吝备,8,3,0.0216,0.0176
108,2025-10-23 10:00,15.75,69.16,2.1,53.69,0,吝备,9,3,0.0252,0.0153
108,2025-10-23 11:00,17.59,63.34,2,56.68,0,吝备,6,2,0.025,0.0186
108,2025-10-23 12:00,17.9,62.3,1.43,8.43,0,吝备,11,6,0.033,0.0145
108,2025-10-23 13:00,18.17,61.32,1.28,324.57,0,吝备,16,9,0.0387,0.0126
108,2025-10-23 14:00,18.91,59,2.03,294.95,0,吝备,12,7,0.0425,0.0111
108,2025-10-23 15:00,18.86,59.71,1.94,293.2,0,吝备,12,5,0.0468,0.0102
108,2025-10-23 16:00,19.39,55.55,2.54,293.79,0,吝备,13,6,0.0493,0.0104
108,2025-10-23 17:00,18.09,56.89,2.55,324.84,0,吝备,11,6,0.0461,0.0098
108,2025-10-23 18:00,16.89,63.98,2.89,314.08,0,吝备,13,8,0.0355,0.0108
108,2025-10-23 19:00,16.04,68.32,2.02,321.27,0,吝备,10,5,0.0281,0.0162
108,2025-10-23 20:00,15.06,69.62,1.57,39,0,吝备,13,7,0.0206,0.0214
108,2025-10-23 21:00,14.2,71.25,1.88,52.3,0,吝备,13,8,0.0228,0.0148
108,2025-10-23 22:00,13.56,73.16,2.28,61.26,0,吝备,17,6,0.0233,0.0137
108,2025-10-23 23:00,12.97,75.22,2.31,54.7,0,吝备,11,7,0.0228,0.0135
108,2025-10-24 0:00,12.56,76.38,2.72,53.2,0,吝备,11,7,0.0233,0.0138
108,2025-10-24 1:00,12.4,76.21,3.3,55.34,0,吝备,8,5,0.0275,0.0111
108,2025-10-24 2:00,12.22,75.97,3.04,54.46,0,吝备,7,1,0.0298,0.0092
108,2025-10-24 3:00,12.26,75.03,2.73,55.59,0,吝备,3,1,0.0318,0.0083
108,2025-10-24 4:00,12.15,74.97,2.49,55.36,0,吝备,4,1,0.0309,0.0099
108,2025-10-24 5:00,11.83,76.41,2.01,60.24,0,吝备,3,1,0.0259,0.0143
108,2025-10-24 6:00,11.46,78.14,2.03,58.41,0,吝备,3,2,0.0204,0.0202
108,2025-10-24 7:00,11.56,78.9,2.29,55.54,0,吝备,6,3,0.017,0.0256
108,2025-10-24 8:00,13.29,73.86,2.54,53.41,0,吝备,5,2,0.0249,0.0203
108,2025-10-24 9:00,15.26,67.37,2.42,65.84,0,吝备,7,3,0.0271,0.0192
108,2025-10-24 10:00,16.59,63.55,3.08,54.96,0,吝备,,,,
108,2025-10-24 11:00,18.1,58.09,2.47,74.03,0,吝备,,,,
108,2025-10-24 12:00,18.96,56.07,2.6,58.35,0,吝备,10,8,0.0411,0.0103
108,2025-10-24 13:00,20.04,53.29,1.85,81.7,0,吝备,8,5,0.0431,0.0117
108,2025-10-24 14:00,20.88,50.72,2.03,67.8,0,吝备,9,5,0.0446,0.013
108,2025-10-24 15:00,21.2,48.88,1.56,123.3,0,吝备,8,4,0.0445,0.0135
108,2025-10-24 16:00,19.89,52.51,1.25,348.11,0,吝备,9,6,0.0421,0.015
108,2025-10-24 17:00,18.58,58.28,0.92,311.3,0,吝备,14,7,0.0302,0.0277
108,2025-10-24 18:00,17.38,64.57,1.32,307.19,0,吝备,16,11,0.0158,0.0381
108,2025-10-24 19:00,16.8,67,2.67,289.06,0,吝备,13,7,0.0291,0.0226
108,2025-10-24 20:00,16.09,68.78,2.04,289.08,0,吝备,16,8,0.0325,0.0158
108,2025-10-24 21:00,15.54,70.57,0.71,261.28,0,吝备,15,7,0.0246,0.021
108,2025-10-24 22:00,15.05,72.82,0.8,60.97,0,吝备,19,11,0.0137,0.0298
108,2025-10-24 23:00,14.73,75.01,0.8,6.53,0,吝备,15,9,0.0064,0.0365
108,2025-10-25 0:00,14.65,77.55,0.78,308.29,0,吝备,16,11,0.0065,0.034
108,2025-10-25 1:00,14.4,78.18,0.85,355.9,0,吝备,13,7,0.0071,0.0324
108,2025-10-25 2:00,14.1,78.88,1.53,35.11,0,吝备,14,8,0.0069,0.0313
108,2025-10-25 3:00,13.46,80.97,1.4,44.33,0,吝备,11,6,0.0084,0.0286
108,2025-10-25 4:00,13.21,83.7,1.04,335.76,0,吝备,12,6,0.0072,0.0277
108,2025-10-25 5:00,12.83,86.27,1.93,266.86,0,吝备,12,8,0.0044,0.0277
108,2025-10-25 6:00,12.85,85.02,1.78,268.24,0,吝备,16,10,0.0077,0.0233
108,2025-10-25 7:00,12.67,84.93,2.18,251.92,0,吝备,18,9,0.0068,0.0208
108,2025-10-25 8:00,12.79,84.54,1.49,232.01,0,吝备,23,11,0.0089,0.0197
108,2025-10-25 9:00,13.34,82.38,2.22,268.18,0,吝备,18,9,0.0105,0.0195
108,2025-10-25 10:00,14.55,78.59,2.25,252.57,0,吝备,19,9,0.0203,0.0145
108,2025-10-25 11:00,16.25,70.76,2,271.9,0,吝备,14,8,0.0351,0.0097
108,2025-10-25 12:00,16.74,64.14,2.89,267.9,0,吝备,14,7,0.0439,0.0064
108,2025-10-25 13:00,16.55,62.72,2.53,274.99,0,吝备,22,12,0.0464,0.0074
108,2025-10-25 14:00,16.41,60.24,2.3,285.01,0,吝备,22,11,0.0502,0.0072
108,2025-10-25 15:00,17.48,51.27,2.98,269.4,0,吝备,24,11,0.0534,0.0067
108,2025-10-25 16:00,17.1,46.59,2.9,270.21,0,吝备,23,10,0.0513,0.0078
108,2025-10-25 17:00,15.62,50.38,2.07,295.09,0,吝备,26,14,0.0441,0.0115
108,2025-10-25 18:00,14.48,56.33,1.96,298.18,0,吝备,24,13,0.0354,0.0162
108,2025-10-25 19:00,13.96,58.54,2.38,302.05,0,吝备,26,14,0.0303,0.02
108,2025-10-25 20:00,13.98,55.27,2.94,315.11,0,吝备,29,16,0.0409,0.0107
108,2025-10-25 21:00,13.92,53.81,3.46,315.57,0,吝备,29,13,0.045,0.008
108,2025-10-25 22:00,13.5,56.17,2.21,301.64,0,吝备,32,18,0.043,0.0099
108,2025-10-25 23:00,13.09,57.35,2.39,297.26,0,吝备,34,17,0.0389,0.0137
108,2025-10-26 0:00,12.77,57.34,2.13,290.51,0,吝备,39,18,0.0429,0.0088
108,2025-10-26 1:00,12.29,59.38,1.08,270.1,0,吝备,38,20,0.0404,0.009
108,2025-10-26 2:00,11.98,61.04,1.57,267.48,0,吝备,40,19,0.0365,0.0127
108,2025-10-26 3:00,11.83,61.41,1.86,265.83,0,吝备,38,20,0.0368,0.0134
108,2025-10-26 4:00,11.7,62.03,1.65,250.59,0,吝备,39,20,0.0379,0.0103
108,2025-10-26 5:00,11.51,61.75,0.85,359.27,0,吝备,37,21,0.0356,0.0125
108,2025-10-26 6:00,11.37,63.04,1.15,333.88,0,吝备,37,22,0.0254,0.0188
108,2025-10-26 7:00,11.59,64.77,0.93,280.93,0,吝备,37,19,0.0202,0.0258
108,2025-10-26 8:00,12.19,63.28,2.03,281.32,0,吝备,53,23,0.0244,0.023
108,2025-10-26 9:00,12.72,55.53,1.74,287.76,0,吝备,36,21,0.0366,0.0119
108,2025-10-26 10:00,13.09,52.37,1.28,278.44,0,吝备,33,18,0.0432,0.011
108,2025-10-26 11:00,12.6,63.24,1.45,262,0.08,吝备,35,21,0.0437,0.0139
108,2025-10-26 12:00,12.42,71.25,1.23,241.97,0.33,吝备,35,24,0.0403,0.0158
108,2025-10-26 13:00,13.18,75.09,1.57,42.59,0.5,吝备,34,24,0.0368,0.021
108,2025-10-26 14:00,13.81,73.22,1.79,286.45,0.5,吝备,39,31,0.0361,0.0225
108,2025-10-26 15:00,13.54,76.49,2.77,281.42,0.5,吝备,37,26,0.0398,0.0201
108,2025-10-26 16:00,13.47,78.78,2.02,275.74,0.5,吝备,29,25,0.0472,0.0132
108,2025-10-26 17:00,13.07,81.28,1.7,270.28,0.5,吝备,33,27,0.0423,0.0168
108,2025-10-26 18:00,12.48,84.15,1.56,278.56,0.5,吝备,34,29,0.0339,0.0231
108,2025-10-26 19:00,12.31,84.18,0.64,267.24,0.5,吝备,35,28,0.0328,0.022
108,2025-10-26 20:00,12.41,84.91,1.67,250.5,0.5,吝备,38,32,0.0239,0.0269
108,2025-10-26 21:00,12.41,84.36,2.33,249.56,0.5,吝备,42,33,0.0271,0.024
108,2025-10-26 22:00,12.42,79.36,3.62,271.66,0.5,吝备,44,32,0.0409,0.0123
108,2025-10-26 23:00,11.24,66.21,3,284.42,0.5,吝备,44,32,0.0482,0.0064
108,2025-10-27 0:00,10.15,58.27,3,267.84,0.01,吝备,39,25,0.0425,0.0064
108,2025-10-27 1:00,9.38,54.99,3.48,276.06,0,吝备,29,15,0.0392,0.0062
108,2025-10-27 2:00,8.23,48.47,3.28,276.55,0,吝备,35,13,0.0368,0.0062
108,2025-10-27 3:00,7.07,50.03,2.99,279.86,0,吝备,32,13,0.0344,0.0069
108,2025-10-27 4:00,6.04,52.93,2.68,267.49,0,吝备,34,15,0.0312,0.0082
108,2025-10-27 5:00,5.22,53.31,2.67,273.35,0,吝备,37,17,0.0288,0.0096
108,2025-10-27 6:00,4.36,53.55,1.94,284.43,0,吝备,35,21,0.027,0.0107
108,2025-10-27 7:00,3.78,52.81,1.93,280.86,0,吝备,35,19,0.024,0.0134
108,2025-10-27 8:00,4.41,50.59,2.04,283.66,0,吝备,36,19,0.0242,0.0134
108,2025-10-27 9:00,6.26,43.77,2.53,290.08,0,吝备,35,18,0.0256,0.0135
108,2025-10-27 10:00,9.06,31.14,3.27,286.45,0,吝备,34,22,0.0333,0.0081
108,2025-10-27 11:00,9.74,27.38,4.3,295.07,0,吝备,18,6,0.0371,0.0048
108,2025-10-27 12:00,10.37,29.37,4.53,288.86,0,吝备,23,7,0.0382,0.005
108,2025-10-27 13:00,11.05,32.15,3.73,280.52,0,吝备,27,10,0.0378,0.0063
108,2025-10-27 14:00,11.96,34.38,3.99,252.51,0,吝备,25,10,0.0362,0.0088
108,2025-10-27 15:00,11.7,36.23,3.4,270.04,0,吝备,23,7,0.0376,0.0082
108,2025-10-27 16:00,11.64,41.04,3.09,255.69,0,吝备,30,9,0.0361,0.0095
108,2025-10-27 17:00,10.73,44.99,3.42,253.55,0,吝备,23,6,0.0331,0.0131
108,2025-10-27 18:00,9.85,46.85,3.28,259.63,0,吝备,23,4,0.031,0.0142
108,2025-10-27 19:00,9.31,47.12,2.33,277.8,0,吝备,21,5,0.0309,0.0129
108,2025-10-27 20:00,8.44,50.16,1.45,304.51,0,吝备,20,8,0.0288,0.0131
108,2025-10-27 21:00,7.51,53.73,0.8,328.27,0,吝备,24,6,0.0282,0.0139
108,2025-10-27 22:00,7.09,55.22,1.9,328.32,0,吝备,22,5,0.032,0.0105
108,2025-10-27 23:00,7.03,52.52,2.38,323.96,0,吝备,32,5,0.0342,0.0085
108,2025-10-28 0:00,6.2,55.07,1.33,312.95,0,吝备,,8,0.0333,0.0099
108,2025-10-28 1:00,5.48,59.87,0.8,300.09,0,吝备,20,6,0.0291,0.0126
108,2025-10-28 2:00,4.87,62.39,1.19,282.24,0,吝备,21,9,0.0211,0.0171
108,2025-10-28 3:00,4.39,61.29,0.94,267.57,0,吝备,20,7,0.0213,0.0164
108,2025-10-28 4:00,3.91,66.29,1.08,273.44,0,吝备,20,6,0.0128,0.0225
108,2025-10-28 5:00,3.52,68.61,1.15,277.41,0,吝备,21,8,0.0138,0.0219
108,2025-10-28 6:00,3.34,67.96,0.67,292.95,0,吝备,21,11,0.0063,0.0308
108,2025-10-28 7:00,3.12,65.49,1.15,11.6,0,吝备,30,9,0.0068,0.0297
108,2025-10-28 8:00,4.34,64.18,2.03,41.74,0,吝备,29,7,0.0038,0.0357
108,2025-10-28 9:00,7.26,53.44,1.68,46.85,0,吝备,29,12,0.0083,0.0334
108,2025-10-28 10:00,9.64,40.32,1.06,346.89,0,吝备,33,15,0.0138,0.0303
108,2025-10-28 11:00,11.77,28.02,1.89,229.54,0,吝备,15,7,0.028,0.0166
108,2025-10-28 12:00,12.71,27.56,2.07,266.24,0,吝备,16,7,0.0315,0.0141
108,2025-10-28 13:00,13.54,27.45,2.38,279.33,0,吝备,25,12,0.0344,0.0129
108,2025-10-28 14:00,14.23,26.47,2.16,271.85,0,吝备,24,12,0.0404,0.0101
108,2025-10-28 15:00,13.74,28.76,2.48,295.99,0,吝备,15,6,0.0454,0.008
108,2025-10-28 16:00,13.14,35.05,1.96,283.05,0,吝备,21,9,0.0467,0.0093
108,2025-10-28 17:00,12.12,40.28,1.08,275.53,0,吝备,21,9,0.038,0.0148
108,2025-10-28 18:00,11.06,50.42,1.81,267.5,0,吝备,25,11,0.0298,0.0212
108,2025-10-28 19:00,10.23,55.57,0.85,283.55,0,吝备,22,10,0.022,0.0246
108,2025-10-28 20:00,9.33,60.09,0.9,270.22,0,吝备,25,12,0.0073,0.0402
108,2025-10-28 21:00,8.63,63.55,1.06,343.04,0,吝备,25,15,0.0004,0.0413
108,2025-10-28 22:00,8.02,65.01,1.39,34.18,0,吝备,23,13,0.0031,0.0411
108,2025-10-28 23:00,7.42,65.53,1.34,47.77,0,吝备,25,12,0.0026,0.0391
108,2025-10-29 0:00,7.23,66.86,1.47,36.14,0,吝备,27,17,0.0001,0.04
108,2025-10-29 1:00,7,68.53,1.35,38.82,0,吝备,23,13,0.0017,0.0374
108,2025-10-29 2:00,6.51,72.88,1.84,50.63,0,吝备,23,13,0.0015,0.0367
108,2025-10-29 3:00,6.32,73.15,1.85,48.83,0,吝备,22,12,0.0058,0.0293
108,2025-10-29 4:00,6.37,73.32,2.35,52.13,0,吝备,22,12,0.0086,0.0261
108,2025-10-29 5:00,6.51,72.19,2.37,53.81,0,吝备,21,13,0.0085,0.0254
108,2025-10-29 6:00,6.54,70.51,2.46,58.41,0,吝备,21,13,0.0044,0.0312
108,2025-10-29 7:00,7.01,68.34,2.47,52.01,0,吝备,22,13,0.0076,0.0282
108,2025-10-29 8:00,7.95,65.52,2.67,51.64,0,吝备,25,14,0.0092,0.0288
108,2025-10-29 9:00,9.37,62.48,2.08,59.48,0,吝备,25,14,0.0082,0.0317
108,2025-10-29 10:00,11.93,57.08,1.92,75.08,0,吝备,33,19,0.013,0.0317
108,2025-10-29 11:00,13.89,53.51,1.76,60.78,0,吝备,32,16,0.0175,0.0319
108,2025-10-29 12:00,15.45,51.86,1.34,74.64,0,吝备,,20,0.0296,0.0254
108,2025-10-29 13:00,17.17,50.14,1.86,193.01,0,吝备,34,19,0.0389,0.0221
108,2025-10-29 14:00,17.8,48.14,1.43,164.7,0,吝备,30,17,0.0433,0.0209
108,2025-10-29 15:00,18.08,46.43,1.63,239.7,0,吝备,25,14,0.0493,0.0165
108,2025-10-29 16:00,17.36,48.27,1.24,194.04,0,吝备,26,14,0.042,0.024
108,2025-10-29 17:00,15.8,56.16,0.88,284,0,吝备,27,15,0.041,0.0241
108,2025-10-29 18:00,14.12,62.98,1.01,285.56,0,吝备,33,19,0.0145,0.0481
108,2025-10-29 19:00,13.12,66.68,1.2,265.5,0,吝备,31,18,0.0068,0.0584
108,2025-10-29 20:00,12.31,71.34,0.82,311.54,0,吝备,36,23,0.0078,0.0513
108,2025-10-29 21:00,11.69,73.72,1.35,27.97,0,吝备,31,20,0.0048,0.0496
108,2025-10-29 22:00,11.04,74.55,1.24,36.84,0,吝备,35,20,0.0027,0.0496
108,2025-10-29 23:00,10.51,76.09,1.37,38.19,0,吝备,32,21,0.0024,0.048
108,2025-10-30 0:00,9.92,79.06,1.27,40.39,0,吝备,36,21,0.0034,0.0483
108,2025-10-30 1:00,9.46,80.68,1.61,29.57,0,吝备,31,20,0.0028,0.0447
108,2025-10-30 2:00,8.96,82.5,1.4,41.75,0,吝备,32,19,0.003,0.0438
108,2025-10-30 3:00,8.64,83.99,1.83,51.94,0,吝备,27,18,0.0047,0.0395
108,2025-10-30 4:00,8.44,83.19,1.59,58.41,0,吝备,30,21,0.0072,0.0342
108,2025-10-30 5:00,8.08,84.25,1.57,55.19,0,吝备,30,17,0.0091,0.0324
108,2025-10-30 6:00,7.82,85.1,1.67,53.53,0,吝备,28,19,0.0074,0.0339
108,2025-10-30 7:00,7.92,84.66,1.52,56.86,0,吝备,29,19,0.0058,0.0378
108,2025-10-30 8:00,9.27,79.61,1.58,62.95,0,吝备,29,19,0.0086,0.0356
108,2025-10-30 9:00,11.6,69.38,1.66,58.38,0,吝备,31,19,0.0108,0.038
108,2025-10-30 10:00,13.61,61.23,2.28,47.73,0,吝备,37,26,0.0162,0.0376
108,2025-10-30 11:00,15.31,55.49,1.9,45.97,0,吝备,34,21,0.0253,0.0322
108,2025-10-30 12:00,16.74,52.17,1.33,49.73,0,吝备,39,26,0.0302,0.0312
108,2025-10-30 13:00,17.93,50.16,1.36,29.34,0,吝备,36,23,0.0365,0.0273
108,2025-10-30 14:00,18.02,50.48,1.74,235.13,0,吝备,36,23,0.0347,0.0321
108,2025-10-30 15:00,17.5,51.48,1.73,279.77,0,吝备,34,20,0.0377,0.0317
108,2025-10-30 16:00,17.12,54,1.26,275.56,0,吝备,42,22,0.0344,0.036
108,2025-10-30 17:00,16.09,60.19,1.46,274.02,0,吝备,40,23,0.0284,0.0454
108,2025-10-30 18:00,15.11,66.73,1.3,292.22,0,吝备,47,24,0.0327,0.0367
108,2025-10-30 19:00,14.54,69.65,0.97,273.35,0,吝备,41,24,0.0334,0.034
108,2025-10-30 20:00,13.96,72.32,1.45,341.51,0,吝备,42,27,0.0342,0.0286
108,2025-10-30 21:00,13.52,73.29,1.24,25.89,0,吝备,40,28,0.0161,0.0417
108,2025-10-30 22:00,13.04,77.22,0.72,318.42,0,吝备,43,31,0.0071,0.0492
108,2025-10-30 23:00,12.64,78.07,1.09,30.68,0,吝备,42,30,0.0131,0.037
108,2025-10-31 0:00,12.28,77.66,1.02,16.55,0,吝备,45,31,0.0056,0.0437
108,2025-10-31 1:00,11.98,79.58,1.29,31.76,0,吝备,42,29,0.0047,0.045
108,2025-10-31 2:00,11.78,82.03,1.11,35.16,0,吝备,41,32,0.0047,0.0442
108,2025-10-31 3:00,11.57,83.91,1.43,25.94,0,吝备,41,30,0.0057,0.0401
108,2025-10-31 4:00,11.4,84.74,1.5,38.16,0,吝备,43,32,0.0048,0.0393
108,2025-10-31 5:00,11.4,85.46,1.43,39.6,0,吝备,43,32,0.0043,0.0365
108,2025-10-31 6:00,11.32,85.89,1.5,40.16,0,吝备,43,32,0.0049,0.0359
108,2025-10-31 7:00,11.49,85.44,1.59,52.33,0,吝备,47,34,0.0051,0.037
108,2025-10-31 8:00,12.24,83.45,1.98,65.73,0,吝备,53,36,0.0093,0.039
108,2025-10-31 9:00,13.88,76.29,2.54,73.72,0,吝备,46,33,0.0137,0.0394
108,2025-10-31 10:00,15.1,70.36,1.94,76.16,0,吝备,47,32,0.0218,0.0341
108,2025-10-31 11:00,16.97,58.78,2.09,68.61,0,吝备,35,24,0.0346,0.0265
108,2025-10-31 12:00,18.48,52.91,1.86,48.28,0,吝备,35,24,0.0436,0.0199
108,2025-10-31 13:00,19.71,47.64,1.32,27.01,0,吝备,31,21,0.0513,0.016
108,2025-10-31 14:00,20.36,46.27,1.32,321.89,0,吝备,29,20,0.0574,0.0124
108,2025-10-31 15:00,19.95,50.07,1.85,281.62,0,吝备,31,17,0.0511,0.0208
108,2025-10-31 16:00,18.72,55.34,2.02,294.42,0,吝备,37,22,0.0507,0.0223
108,2025-10-31 17:00,17.68,55.88,2.63,313.45,0,吝备,29,15,0.0518,0.0156
108,2025-10-31 18:00,17.05,58.23,3.19,313.96,0,吝备,26,16,0.0443,0.0185
108,2025-10-31 19:00,16.51,60.37,3.02,306.32,0,吝备,27,16,0.0444,0.0165
108,2025-10-31 20:00,15.82,67.62,2.82,302.75,0,吝备,28,22,0.0454,0.0141
108,2025-10-31 21:00,15.12,69.39,3.66,302.89,0,吝备,28,20,0.0516,0.0097
108,2025-10-31 22:00,14.22,72.52,3.52,307.53,0,吝备,25,19,0.0581,0.0063
108,2025-10-31 23:00,13.66,74.98,2.03,325.36,0,吝备,19,16,0.0598,0.0063
108,2025-11-01 0:00,13.07,80.54,0.87,275.88,0.52,吝备,18,14,0.0548,0.0102
108,2025-11-01 1:00,12.82,83.04,1.06,265.28,0.7,吝备,18,15,0.0495,0.0105
108,2025-11-01 2:00,12.56,85.86,1.93,266.6,0.7,吝备,19,16,0.0474,0.0091
108,2025-11-01 3:00,12.41,86.99,2.73,257.22,0.7,吝备,19,16,0.0493,0.0069
108,2025-11-01 4:00,12.2,86.75,3.44,261.24,0.7,吝备,18,16,0.0518,0.0052
108,2025-11-01 5:00,11.82,86.2,2.45,261.68,0.7,吝备,16,13,0.0485,0.0066
108,2025-11-01 6:00,11.21,85.79,2.42,257.49,0.7,吝备,20,15,0.0396,0.0111
108,2025-11-01 7:00,10.6,83.45,1.7,247.84,0.7,吝备,18,13,0.0308,0.0169
108,2025-11-01 8:00,10.99,81.46,1.99,240.83,0.7,吝备,21,16,0.0291,0.0177
108,2025-11-01 9:00,12.49,73.13,2.69,275.89,0.7,吝备,23,15,0.0341,0.0117
108,2025-11-01 10:00,13.85,64.31,3,285.55,0.7,吝备,29,18,0.0373,0.0125
108,2025-11-01 11:00,14.92,53.56,3.25,278.81,0.7,吝备,21,14,0.0429,0.0094
108,2025-11-01 12:00,16.16,44.3,3.21,267.74,0.7,吝备,19,14,0.043,0.013
108,2025-11-01 13:00,16.87,36.88,3.52,260.11,0.7,吝备,23,14,0.0476,0.0108
108,2025-11-01 14:00,17.4,37.06,3.38,256.69,0.7,吝备,22,11,0.0502,0.0096
108,2025-11-01 15:00,16.91,34.48,3.36,248.25,0.7,吝备,16,8,0.0473,0.012
108,2025-11-01 16:00,15.47,45.1,3.62,259.51,0.7,吝备,21,9,0.0464,0.0176
108,2025-11-01 17:00,13.11,68.51,3.12,278.91,1.19,吝备,28,13,0.0529,0.0089
108,2025-11-01 18:00,11.72,76.95,1.5,257.05,2.2,吝备,17,11,0.0379,0.0214
108,2025-11-01 19:00,11.4,83.04,0.65,282.83,2.2,吝备,19,13,0.0189,0.0375
108,2025-11-01 20:00,11.17,82.05,0.82,252.24,2.2,吝备,28,19,0.0134,0.04
108,2025-11-01 21:00,11.56,80.16,1.2,212.7,2.2,吝备,24,17,0.0209,0.0324
108,2025-11-01 22:00,11.82,77.76,2.24,261.28,2.26,吝备,22,15,0.0378,0.0153
108,2025-11-01 23:00,10.95,81.31,1.32,284.34,2.4,吝备,21,13,0.0356,0.0134
108,2025-11-02 0:00,10.32,83.25,1.62,319.37,0.2,吝备,20,14,0.0333,0.0127
108,2025-11-02 1:00,9.49,82.96,1.36,287.84,0.2,吝备,12,8,0.0384,0.0103
108,2025-11-02 2:00,8.93,84.37,0.53,281.49,0.2,吝备,10,11,0.0252,0.015
108,2025-11-02 3:00,8.78,84.9,0.56,250.18,0.2,吝备,7,5,0.0244,0.0182
108,2025-11-02 4:00,8.46,84.42,0.94,260.08,0.2,吝备,11,8,0.0342,0.013
108,2025-11-02 5:00,8.2,83.74,1.11,249.13,0.2,吝备,11,8,0.0338,0.0101
108,2025-11-02 6:00,8.39,76.7,2.64,258.43,0.2,吝备,18,11,0.0307,0.0098
108,2025-11-02 7:00,8.04,71.47,2.77,279.63,0.2,吝备,28,11,0.0279,0.0089
108,2025-11-02 8:00,8.2,69.03,3.31,299.66,0.2,吝备,37,13,0.0279,0.0071
108,2025-11-02 9:00,9.08,59.62,3.95,284.22,0.2,吝备,54,10,0.0298,0.0065
108,2025-11-02 10:00,10.05,50.62,4.54,272.14,0.2,吝备,67,8,0.0332,0.0053
108,2025-11-02 11:00,10.65,47,5.24,262.22,0.2,吝备,65,7,0.0354,0.005
108,2025-11-02 12:00,10.83,44.68,4.65,285.87,0.2,吝备,53,9,0.0373,0.005
108,2025-11-02 13:00,11.13,42.72,5.02,263.24,0.2,吝备,41,12,0.0385,0.0053
108,2025-11-02 14:00,10.99,40.21,4.77,260.47,0.2,吝备,35,11,0.0393,0.0048
108,2025-11-02 15:00,10.47,39.34,4.48,266.52,0.2,吝备,29,8,0.0394,0.0052
108,2025-11-02 16:00,9.91,41.01,3.62,277.54,0.2,吝备,23,6,0.0388,0.0061
108,2025-11-02 17:00,8.5,42.07,4.11,272.23,0.2,吝备,17,6,0.0396,0.0062
108,2025-11-02 18:00,7.45,47.37,3.29,281.92,0.2,吝备,19,9,0.0368,0.0071
108,2025-11-02 19:00,6.78,49.64,2.93,282.7,0.2,吝备,19,9,0.0344,0.0075
108,2025-11-02 20:00,6.04,45.46,2.8,296.06,0.2,吝备,19,13,0.0339,0.0064
108,2025-11-02 21:00,5.11,47.01,2.32,343.2,0.2,吝备,17,9,0.0318,0.0061
108,2025-11-02 22:00,4.59,44.51,4.18,319.11,0.2,吝备,16,10,0.0322,0.0045
108,2025-11-02 23:00,3.97,45.36,3.23,320.92,0.2,吝备,13,8,0.0312,0.0039
108,2025-11-03 0:00,3.49,47.48,3.26,320.54,0,吝备,15,7,0.03,0.0043
108,2025-11-03 1:00,3.08,48.77,2.77,305.58,0,吝备,11,7,0.029,0.0044
108,2025-11-03 2:00,2.6,51,1.66,297.94,0,吝备,15,8,0.0281,0.0046
108,2025-11-03 3:00,1.71,56.23,1.03,289.78,0,吝备,12,7,0.0205,0.0107
108,2025-11-03 4:00,1.32,59.67,0.86,10.59,0,吝备,13,10,0.0172,0.0124
108,2025-11-03 5:00,0.84,63.36,0.74,37.83,0,吝备,15,8,0.0147,0.0149
108,2025-11-03 6:00,0.7,66.43,1.92,52.32,0,吝备,16,9,0.0065,0.0236
108,2025-11-03 7:00,0.8,65.79,1.58,52.91,0,吝备,15,10,0.0038,0.0254
108,2025-11-03 8:00,2.14,62.41,1.38,59.75,0,吝备,16,8,0.0068,0.0249
108,2025-11-03 9:00,5.5,52.74,1.76,49.72,0,吝备,21,12,0.0117,0.0218
108,2025-11-03 10:00,8.1,45.95,1.62,63.13,0,吝备,27,,0.0141,0.0203
108,2025-11-03 11:00,10.21,42.72,1.91,81.09,0,吝备,19,11,0.0173,0.0188
108,2025-11-03 12:00,11.59,41.98,1.79,68.49,0,吝备,19,12,0.0218,0.0171
108,2025-11-03 13:00,12.66,39.78,1.35,52.67,0,吝备,25,17,0.0233,0.0184
108,2025-11-03 14:00,14.15,37.91,1.29,278.53,0,吝备,34,15,0.0272,0.0177
108,2025-11-03 15:00,14.55,36.05,1.52,237.47,0,吝备,,12,0.0238,0.0212
108,2025-11-03 16:00,13.94,37.29,1.15,266.48,0,吝备,25,15,0.0216,0.0266
108,2025-11-03 17:00,11.89,43.41,1.7,275.71,0,吝备,23,14,0.0148,0.0344
108,2025-11-03 18:00,10.16,50.14,1.6,264.63,0,吝备,29,19,0.0085,0.0389
108,2025-11-03 19:00,9.1,54.22,1.15,260.92,0,吝备,29,16,0.0057,0.0433
108,2025-11-03 20:00,8.26,59.92,0.97,319.21,0,吝备,31,17,0.0054,0.0413
108,2025-11-03 21:00,7.75,62.73,0.98,9.18,0,吝备,27,16,0.0029,0.0424
108,2025-11-03 22:00,7.29,64.73,1.08,13.62,0,吝备,26,18,0.0025,0.0389
108,2025-11-03 23:00,6.85,65.81,1.37,41.47,0,吝备,23,15,0.0028,0.0405
108,2025-11-04 0:00,6.71,68.7,1.52,37.08,0,吝备,25,15,0.0024,0.0416
108,2025-11-04 1:00,6.56,70.61,1.55,39.94,0,吝备,24,15,0.0027,0.0404
108,2025-11-04 2:00,6.46,70.92,1.49,39.87,0,吝备,26,16,0.0028,0.0387
108,2025-11-04 3:00,6.39,71.83,1.35,37.48,0,吝备,22,15,0.0028,0.037
108,2025-11-04 4:00,6.1,73.5,1.8,20.45,0,吝备,24,15,0.0029,0.0345
,2025-11-04 5:00,,,,,,吝备,21,13,0.0028,0.0344
,2025-11-04 6:00,,,,,,吝备,22,14,0.0027,0.0345
,2025-11-04 7:00,,,,,,吝备,26,14,0.0035,0.0345
,2025-11-04 8:00,,,,,,吝备,32,15,0.0054,0.0337
,2025-11-04 9:00,,,,,,吝备,30,19,0.0077,0.0372
,2025-11-04 10:00,,,,,,吝备,42,23,0.0094,0.0412
,2025-11-04 11:00,,,,,,吝备,35,21,0.0203,0.0347
,2025-11-04 12:00,,,,,,吝备,29,21,0.0219,0.0383
,2025-11-04 13:00,,,,,,吝备,40,25,0.0326,0.0304
,2025-11-04 14:00,,,,,,吝备,37,25,0.0407,0.0304
,2025-11-04 15:00,,,,,,吝备,34,22,0.0419,0.0277
,2025-11-04 16:00,,,,,,吝备,39,25,0.0405,0.0277
,2025-11-04 17:00,,,,,,吝备,34,22,0.0454,0.0217
,2025-11-04 18:00,,,,,,吝备,28,21,0.0398,0.0192
,2025-11-04 19:00,,,,,,吝备,24,15,0.0324,0.0211
,2025-11-04 20:00,,,,,,吝备,25,17,0.0221,0.028
,2025-11-04 21:00,,,,,,吝备,23,15,0.0068,0.0421
,2025-11-04 22:00,,,,,,吝备,32,20,0.0036,0.0455
,2025-11-04 23:00,,,,,,吝备,26,17,0.0036,0.0422
108,2025-11-05 0:00,7.95,61.59,0.98,9.02,0,吝备,28,17,0.0061,0.0405
108,2025-11-05 1:00,7.68,61.03,1.45,21.44,0,吝备,24,16,0.0046,0.0409
108,2025-11-05 2:00,7.3,63.97,1.72,23.1,0,吝备,26,18,0.0047,0.0398
108,2025-11-05 3:00,6.91,67.45,1.42,21.22,0,吝备,20,14,0.0037,0.0396
108,2025-11-05 4:00,6.61,70.2,1.38,23.57,0,吝备,23,14,0.004,0.0378
108,2025-11-05 5:00,6.25,72.42,1.55,28.05,0,吝备,23,16,0.0037,0.0368
108,2025-11-05 6:00,5.91,74.48,1.94,29.37,0,吝备,26,17,0.0042,0.0361
108,2025-11-05 7:00,5.77,76.84,2.03,31.19,0,吝备,31,20,0.0048,0.0411
108,2025-11-05 8:00,6.67,76.63,2.02,38.23,0,吝备,40,30,0.0072,0.0379
108,2025-11-05 9:00,9.59,66.92,1.07,48.44,0,吝备,40,27,0.0087,0.0448
108,2025-11-05 10:00,12.7,57.01,0.93,78.1,0,吝备,50,32,0.0162,0.0404
108,2025-11-05 11:00,15.11,50.59,1.19,149.39,0,吝备,36,23,0.0269,0.0315
108,2025-11-05 12:00,16.67,45.96,1.43,48.07,0,吝备,36,23,0.0366,0.0245
108,2025-11-05 13:00,17.61,43.29,1.41,80.85,0,吝备,43,26,0.0474,0.0167
108,2025-11-05 14:00,18.58,39.2,1.33,59.56,0,吝备,,,,
108,2025-11-05 15:00,18.76,38.66,1.31,217.61,0,吝备,,,,
108,2025-11-05 16:00,18.18,41.39,1.48,203.73,0,吝备,55,30,0.0425,0.0264
108,2025-11-05 17:00,16.17,46.57,2.35,313.87,0,吝备,44,25,0.0415,0.0173
108,2025-11-05 18:00,14.31,50.33,1.23,281.06,0,吝备,36,20,0.0338,0.0204
108,2025-11-05 19:00,13.09,55.32,0.99,275.4,0,吝备,36,22,0.0274,0.0253
108,2025-11-05 20:00,12.34,61.93,0.92,307.12,0,吝备,39,24,0.0152,0.0366
108,2025-11-05 21:00,11.67,62.93,0.89,6.84,0,吝备,40,28,0.0058,0.0452
108,2025-11-05 22:00,11.05,64.68,1.3,280.08,0,吝备,38,24,0.0043,0.0466
108,2025-11-05 23:00,10.39,67.45,0.79,1.3,0,吝备,39,27,0.0048,0.0434
108,2025-11-06 0:00,9.96,67.66,0.91,36.19,0,吝备,39,25,0.0049,0.0431
108,2025-11-06 1:00,9.58,69.8,1.06,29.46,0,吝备,41,27,0.0044,0.0448
108,2025-11-06 2:00,8.95,72.43,1.59,18.86,0,吝备,39,28,0.0045,0.0417
108,2025-11-06 3:00,8.54,75.91,0.99,353.39,0,吝备,37,27,0.0044,0.0395
108,2025-11-06 4:00,8.04,78.21,1.63,31.08,0,吝备,35,22,0.0043,0.0376
108,2025-11-06 5:00,7.94,80.19,1.43,21.3,0,吝备,38,25,0.004,0.0359
108,2025-11-06 6:00,7.69,82,0.95,359.38,0,吝备,38,25,0.0041,0.0358
108,2025-11-06 7:00,7.45,82.58,1.6,29.93,0,吝备,39,24,0.0046,0.0355
108,2025-11-06 8:00,8.25,83,1.39,12.34,0,吝备,45,26,0.0054,0.0398
108,2025-11-06 9:00,10.29,77.15,1.44,47.5,0,吝备,55,32,0.0111,0.0372
108,2025-11-06 10:00,12.23,69.51,0.92,93.61,0,吝备,61,36,0.0167,0.0349
108,2025-11-06 11:00,14.82,62.25,1.27,160.14,0,吝备,62,38,0.0165,0.0434
108,2025-11-06 12:00,16.83,56.05,1.85,253.37,0,吝备,64,40,0.0154,0.0478
108,2025-11-06 13:00,18,52.61,2.28,250.25,0,吝备,76,50,0.034,0.0303
108,2025-11-06 14:00,18.48,49.98,3.2,270.66,0,吝备,72,40,0.0573,0.0124
108,2025-11-06 15:00,18.3,50.45,2.8,286.3,0,吝备,64,38,0.0556,0.0119
108,2025-11-06 16:00,17.35,54.66,2.69,291.33,0,吝备,63,36,0.0489,0.0144
108,2025-11-06 17:00,16.02,60.59,2.01,294.86,0,吝备,66,40,0.0419,0.0194
108,2025-11-06 18:00,14.78,65.95,1.61,269.82,0,吝备,67,39,0.0372,0.0232
108,2025-11-06 19:00,13.99,69.19,0.9,277.19,0,吝备,73,45,0.0248,0.0349
108,2025-11-06 20:00,13.43,73.38,1.16,275.42,0,吝备,74,49,0.0101,0.0491
108,2025-11-06 21:00,12.79,75.56,1.81,262.77,0,吝备,75,47,0.0061,0.0512
108,2025-11-06 22:00,12.39,77.57,1.15,247.9,0,吝备,73,53,0.0043,0.0533
108,2025-11-06 23:00,11.65,79.86,0.84,20.93,0,吝备,76,51,0.0061,0.0472
108,2025-11-07 0:00,10.81,78.93,1.29,47.22,0,吝备,67,48,0.0054,0.0482
108,2025-11-07 1:00,10.31,81.06,1,14.64,0,吝备,67,47,0.0047,0.0458
108,2025-11-07 2:00,9.98,82.8,1.11,28.93,0,吝备,66,46,0.0063,0.0379
108,2025-11-07 3:00,9.44,84.48,1.62,18.19,0,吝备,64,44,0.0052,0.037
108,2025-11-07 4:00,9.18,86.05,1.59,29.46,0,吝备,62,46,0.0041,0.0384
108,2025-11-07 5:00,9.11,86.53,1.51,33.07,0,吝备,65,49,0.0042,0.0373
108,2025-11-07 6:00,8.82,86.91,1.82,33.54,0,吝备,67,47,0.0051,0.0361
108,2025-11-07 7:00,8.53,88.52,1.86,46.28,0,吝备,72,48,0.0046,0.0376
108,2025-11-07 8:00,9.7,86.24,1.61,64.61,0,吝备,71,50,0.0073,0.038
108,2025-11-07 9:00,11.96,75.61,1.54,68.2,0,吝备,59,42,0.0128,0.0345
108,2025-11-07 10:00,14.31,65.54,2.05,61.02,0,吝备,56,39,0.019,0.033
108,2025-11-07 11:00,16.05,59.33,1.86,65.71,0,吝备,56,39,0.023,0.0318
108,2025-11-07 12:00,17.81,53.62,1.64,59.44,0,吝备,48,35,0.0303,0.0293
108,2025-11-07 13:00,19.04,48.45,1.86,62.13,0,吝备,53,41,0.0439,0.0226
108,2025-11-07 14:00,19.68,44.27,1.98,55.33,0,吝备,47,34,0.0491,0.0208
108,2025-11-07 15:00,19.83,42.64,1.92,51.9,0,吝备,41,29,0.0518,0.0176
108,2025-11-07 16:00,19.42,44.31,2.07,29.45,0,吝备,41,26,0.0498,0.0183
108,2025-11-07 17:00,17.57,49.55,1.97,24.56,0,吝备,36,26,0.0338,0.0331
108,2025-11-07 18:00,16.18,54.12,1.76,27.86,0,吝备,43,33,0.0184,0.048
108,2025-11-07 19:00,14.95,57.31,1.64,58.8,0,吝备,57,44,0.0102,0.0555
108,2025-11-07 20:00,14.46,59.78,2.55,59.03,0,吝备,56,43,0.0169,0.042
108,2025-11-07 21:00,14.29,59.74,3.14,56.93,0,吝备,39,29,0.0274,0.0258
108,2025-11-07 22:00,13.95,61.94,3.15,56.44,0,吝备,40,26,0.0342,0.0183
108,2025-11-07 23:00,13.47,64.54,2.83,48.1,0,吝备,38,28,0.0363,0.0159
108,2025-11-08 0:00,13,66.96,2.81,54.32,0,吝备,36,27,0.0353,0.0164
108,2025-11-08 1:00,13.07,67.78,3.15,57.2,0,吝备,33,23,0.0407,0.0107
108,2025-11-08 2:00,12.74,69.18,2.5,52.98,0,吝备,32,25,0.0407,0.0092
108,2025-11-08 3:00,12.39,72.37,2.26,54.47,0,吝备,30,20,0.0379,0.0095
108,2025-11-08 4:00,12.43,74.11,2.53,55.42,0,吝备,26,20,0.0352,0.011
108,2025-11-08 5:00,12.71,74.78,2.7,53.89,0,吝备,27,17,0.031,0.0134
108,2025-11-08 6:00,12.8,75.14,2.99,52.56,0,吝备,23,15,0.0272,0.016
108,2025-11-08 7:00,12.97,75.16,3.11,53.5,0,吝备,22,15,0.0218,0.0208
108,2025-11-08 8:00,13.38,74.53,2.88,55.72,0,吝备,19,11,0.019,0.0228
108,2025-11-08 9:00,14.34,71.82,2.68,54.39,0,吝备,18,11,0.0211,0.0211
108,2025-11-08 10:00,15.05,69.14,2.29,57.43,0,吝备,23,13,0.0213,0.0225
108,2025-11-08 11:00,15.54,67.56,2.08,49.79,0,吝备,21,12,0.0276,0.0182
108,2025-11-08 12:00,16.55,63.7,2.35,66.38,0,吝备,26,15,0.0301,0.0176
108,2025-11-08 13:00,16.86,62.03,2.23,55.9,0,吝备,24,17,0.0317,0.0192
108,2025-11-08 14:00,16.95,61.07,1.8,57.76,0,吝备,28,19,0.0307,0.0217
108,2025-11-08 15:00,16.92,61.11,1.93,21.03,0,吝备,29,15,0.031,0.0216
108,2025-11-08 16:00,16.64,61.44,1.48,32.87,0,吝备,30,17,0.0298,0.0226
108,2025-11-08 17:00,16.11,63.37,1.62,28.18,0,吝备,30,20,0.0187,0.0328
108,2025-11-08 18:00,15.64,65.11,1.34,35.12,0,吝备,33,18,0.0182,0.0329
108,2025-11-08 19:00,15.26,67.02,1.46,36.06,0,吝备,35,24,0.018,0.0294
108,2025-11-08 20:00,14.83,69.13,1.24,20.31,0,吝备,31,23,0.0138,0.0312
108,2025-11-08 21:00,14.48,70.67,1.48,57.35,0,吝备,29,23,0.0097,0.034
108,2025-11-08 22:00,14.16,71.66,1.73,35.94,0,吝备,28,18,0.0086,0.0336
108,2025-11-08 23:00,13.64,73.79,1.79,34.75,0,吝备,31,19,0.006,0.0339
108,2025-11-09 0:00,13.03,75.06,0.83,27.84,0,吝备,27,17,0.0118,0.0265
108,2025-11-09 1:00,12.61,77.41,1,17.78,0,吝备,24,13,0.0114,0.0238
108,2025-11-09 2:00,12.34,79.97,1.43,312.58,0,吝备,18,14,0.0102,0.0266
108,2025-11-09 3:00,12.5,78.69,0.8,271.62,0,吝备,22,13,0.0134,0.0238
108,2025-11-09 4:00,12.69,77.94,1.02,283.38,0,吝备,21,14,0.0163,0.0198
108,2025-11-09 5:00,12.57,78.23,1.98,289.02,0,吝备,24,18,0.015,0.0181
108,2025-11-09 6:00,11.75,79.77,1.56,245.18,0,吝备,26,19,0.0089,0.024
108,2025-11-09 7:00,11,82.91,1.4,277.9,0,吝备,23,18,0.0097,0.022
108,2025-11-09 8:00,11.44,83.64,1.32,273.41,0,吝备,25,18,0.0188,0.0168
108,2025-11-09 9:00,13.11,79.94,2.88,287.43,0,吝备,28,21,0.0347,0.0085
108,2025-11-09 10:00,14.5,71.44,2.39,291.89,0,吝备,38,25,0.0401,0.0075
108,2025-11-09 11:00,15.84,59.49,3.06,290.14,0,吝备,40,26,0.0456,0.0069
108,2025-11-09 12:00,16.89,45.29,3.25,269.45,0,吝备,40,25,0.0489,0.0054
108,2025-11-09 13:00,17.21,35.49,3.56,285.01,0,吝备,52,19,0.0505,0.0047
108,2025-11-09 14:00,17.17,41.45,4.23,263.22,0,吝备,60,24,0.0515,0.0059
108,2025-11-09 15:00,16.7,45.69,4.15,250.61,0,吝备,58,23,0.0522,0.0068
108,2025-11-09 16:00,15.39,57.63,3.92,249.3,0,吝备,62,27,0.051,0.0088
108,2025-11-09 17:00,14.4,52.92,2.98,245.93,0,吝备,68,26,0.049,0.0104
108,2025-11-09 18:00,13.85,64.11,3.37,248.74,0,吝备,78,31,0.0497,0.0116
108,2025-11-09 19:00,13.52,69.34,2.96,247.73,0,吝备,78,33,0.0487,0.0117
108,2025-11-09 20:00,13,68.47,3.56,260.38,0,吝备,77,34,0.0483,0.0098
108,2025-11-09 21:00,12.22,55.86,4.4,264.34,0,吝备,64,25,0.0464,0.0062
108,2025-11-09 22:00,11.32,54.06,3.41,255.67,0,吝备,43,16,0.0422,0.0069
108,2025-11-09 23:00,10.72,54.16,3.31,248.37,0,吝备,40,17,0.0406,0.0071
108,2025-11-10 0:00,10.24,54.95,3.37,255.81,0,吝备,33,14,0.0393,0.0072
108,2025-11-10 1:00,9.69,48.22,3.02,281.38,0,吝备,27,10,0.0368,0.0053
108,2025-11-10 2:00,8.79,45.75,1.77,316.24,0,吝备,26,12,0.0344,0.0055
108,2025-11-10 3:00,7.49,45.55,0.71,234.75,0,吝备,21,14,0.0315,0.0072
108,2025-11-10 4:00,6.5,46.17,0.61,262.01,0,吝备,22,11,0.0285,0.0096
108,2025-11-10 5:00,6.21,45.3,1.36,303.8,0,吝备,18,8,0.0266,0.0107
108,2025-11-10 6:00,5.83,42.39,1.57,275.79,0,吝备,22,10,0.024,0.0126
108,2025-11-10 7:00,5.58,39.82,2.15,233.44,0,吝备,22,9,0.0188,0.0176
108,2025-11-10 8:00,6.37,38.62,2.69,259.36,0,吝备,,5,0.0193,0.0183
108,2025-11-10 9:00,8.04,31.62,3.42,279.73,0,吝备,,8,0.028,0.01
108,2025-11-10 10:00,9.31,28.69,2.85,280.6,0,吝备,21,7,0.032,0.0071
108,2025-11-10 11:00,10.15,27.3,3.01,297.95,0,吝备,15,6,0.0341,0.0062
108,2025-11-10 12:00,10.85,27.65,3.17,286.95,0,吝备,16,1,0.0353,0.0066
108,2025-11-10 13:00,11.47,26.63,3.02,287.29,0,吝备,24,8,0.0357,0.0065
108,2025-11-10 14:00,12.21,24.59,2.61,270,0,吝备,25,7,0.0365,0.0063
108,2025-11-10 15:00,12.07,24.24,3.21,268.02,0,吝备,20,10,0.0344,0.0085
108,2025-11-10 16:00,11.2,25.73,3,251.73,0,吝备,20,6,0.0335,0.0095
108,2025-11-10 17:00,9.56,31.73,2.49,248.27,0,吝备,24,8,0.0314,0.0115
108,2025-11-10 18:00,8.58,37.48,2.77,251.07,0,吝备,25,8,0.0256,0.0169
108,2025-11-10 19:00,8.04,42.04,2.96,260.2,0,吝备,20,8,0.0231,0.0192
108,2025-11-10 20:00,7.59,43.58,2.36,262.39,0,吝备,22,7,0.0229,0.0181
108,2025-11-10 21:00,6.97,44.05,1.56,304.69,0,吝备,21,5,0.0242,0.0164
108,2025-11-10 22:00,6.71,41.64,3.43,330.28,0,吝备,21,7,0.0318,0.007
108,2025-11-10 23:00,6.09,41.75,2.77,317.73,0,吝备,16,5,0.0325,0.0063
108,2025-11-11 0:00,5.05,45.87,1.01,273.99,0,吝备,12,4,0.0247,0.0144
108,2025-11-11 1:00,4.46,50.43,1.03,295.24,0,吝备,13,7,0.0213,0.0165
108,2025-11-11 2:00,4.17,52.71,0.79,311.5,0,吝备,13,4,0.0226,0.0153
108,2025-11-11 3:00,3.98,53.64,0.92,343.64,0,吝备,12,5,0.0201,0.017
108,2025-11-11 4:00,3.99,53.29,1.39,9.44,0,吝备,13,10,0.0152,0.0208
108,2025-11-11 5:00,4.22,56.54,1.33,35.21,0,吝备,17,4,0.0129,0.0237
108,2025-11-11 6:00,4.22,54.99,1.7,25.34,0,吝备,16,7,0.0088,0.0295
108,2025-11-11 7:00,3.99,56.57,0.81,337.86,0,吝备,,7,0.0066,0.0327
108,2025-11-11 8:00,4.77,55.06,1.5,22.35,0,吝备,,7,0.0079,0.0335
108,2025-11-11 9:00,7.46,51.36,1.5,36.25,0,吝备,37,13,0.0079,0.0393
108,2025-11-11 10:00,10.4,43.64,1.26,146.24,0,吝备,37,18,0.0108,0.0365
108,2025-11-11 11:00,12.9,41.04,1.83,214.95,0,吝备,31,15,0.016,0.0324
108,2025-11-11 12:00,13.8,43.43,2.23,279.82,0,吝备,27,10,0.0275,0.0201
108,2025-11-11 13:00,14.29,44.83,2.59,287.54,0,吝备,33,10,0.0343,0.014
108,2025-11-11 14:00,14.9,45.11,2.55,273.93,0,吝备,26,11,0.0358,0.0148
108,2025-11-11 15:00,14.3,45.97,2.54,256,0,吝备,34,12,0.0404,0.018
108,2025-11-11 16:00,13.39,48.43,2.19,254.69,0,吝备,38,16,0.0381,0.0177
108,2025-11-11 17:00,12.33,55.71,1.81,253.65,0,吝备,28,12,0.028,0.0234
108,2025-11-11 18:00,11.35,63.07,1.43,283.82,0,吝备,29,12,0.0215,0.0289
108,2025-11-11 19:00,10.51,67.88,1.5,276.96,0,吝备,30,8,0.0112,0.0412
108,2025-11-11 20:00,9.68,72.39,1.74,274.69,0,吝备,28,10,0.011,0.039
108,2025-11-11 21:00,9.1,74.55,1.21,3.75,0,吝备,26,12,0.013,0.0335
108,2025-11-11 22:00,8.77,76.55,0.89,13.45,0,吝备,28,13,0.0063,0.0388
108,2025-11-11 23:00,8.19,76.89,1.92,31.26,0,吝备,29,13,0.0047,0.0414
108,2025-11-12 0:00,7.74,77.78,1.52,39.72,0,吝备,30,15,0.0038,0.0439
108,2025-11-12 1:00,7.46,79.64,1.5,34.96,0,吝备,30,15,0.0042,0.0418
108,2025-11-12 2:00,7.19,81.45,1.76,34.59,0,吝备,27,14,0.0038,0.0411
108,2025-11-12 3:00,6.84,82.55,1.44,41.47,0,吝备,31,16,0.0091,0.0329
108,2025-11-12 4:00,6.55,83.48,1.56,29.3,0,吝备,31,17,0.0071,0.0337
108,2025-11-12 5:00,6.16,85.16,1.63,32.18,0,吝备,32,18,0.0042,0.0364
108,2025-11-12 6:00,6.06,85.79,1.7,43.87,0,吝备,30,13,0.007,0.0327
108,2025-11-12 7:00,6.21,84.07,2.01,58.48,0,吝备,32,17,0.006,0.0345
108,2025-11-12 8:00,7.15,79.53,1.59,67.44,0,吝备,29,16,0.0091,0.0324
108,2025-11-12 9:00,9.17,70.28,1.79,55.33,0,吝备,40,17,0.0138,0.0305
108,2025-11-12 10:00,11.5,60.96,1.39,61.89,0,吝备,42,22,0.0198,0.0304
108,2025-11-12 11:00,13.93,55.51,1.38,141.66,0,吝备,43,22,0.0267,0.0281
108,2025-11-12 12:00,15.62,50.32,1.68,210.38,0,吝备,38,18,0.0344,0.0233
108,2025-11-12 13:00,16.91,45.67,1.91,204.29,0,吝备,47,24,0.0389,0.023
108,2025-11-12 14:00,17.43,39.8,2.07,220.38,0,吝备,42,21,0.0399,0.0233
108,2025-11-12 15:00,17.34,38.13,2.12,244.58,0,吝备,33,19,0.042,0.0236
108,2025-11-12 16:00,16.13,48.17,2.43,263.85,0,吝备,46,25,0.0404,0.0358
108,2025-11-12 17:00,14.21,57.18,2.94,262.16,0,吝备,53,29,0.0429,0.0324
108,2025-11-12 18:00,12.85,63.52,2.34,270.87,0,吝备,56,29,0.0367,0.0374
108,2025-11-12 19:00,11.9,69.95,1.69,275.03,0,吝备,57,33,0.0327,0.0354
108,2025-11-12 20:00,11.05,64.05,1.78,273.97,0,吝备,41,22,0.0335,0.0252
108,2025-11-12 21:00,10.03,66.68,1.38,267.88,0,吝备,29,18,0.0282,0.0266
108,2025-11-12 22:00,9.29,70.83,1.42,264.37,0,吝备,30,18,0.0147,0.0395
108,2025-11-12 23:00,8.49,70.82,1.57,262.15,0,吝备,32,20,0.0087,0.0446
108,2025-11-13 0:00,7.92,68.48,0.55,258.58,0,吝备,27,18,0.0106,0.0377
108,2025-11-13 1:00,7.51,66.1,0.69,11.04,0,吝备,19,17,0.0144,0.0308
108,2025-11-13 2:00,7.19,69.93,0.77,355,0,吝备,21,11,0.0126,0.0338
108,2025-11-13 3:00,7.16,75.16,0.69,355.65,0,吝备,22,14,0.0055,0.0428
108,2025-11-13 4:00,7.04,76.71,1.47,26.85,0,吝备,29,18,0.0047,0.0447
108,2025-11-13 5:00,7.05,80.97,1.27,28.89,0,吝备,32,21,0.0043,0.0461
108,2025-11-13 6:00,7.8,80.76,1.63,31.46,0,吝备,37,26,0.0043,0.0451
108,2025-11-13 7:00,7.79,80.51,1.93,33.2,0,吝备,44,28,0.0046,0.0435
108,2025-11-13 8:00,8.68,81.22,1.81,45.21,0,吝备,48,32,0.0055,0.0448
108,2025-11-13 9:00,10.01,78.59,1.15,28.69,0,吝备,56,39,0.0061,0.0471
108,2025-11-13 10:00,11.79,75.59,0.91,303.89,0,吝备,59,39,0.0083,0.0502
108,2025-11-13 11:00,14.32,71.27,1.81,187.73,0,吝备,65,42,0.0199,0.0444
108,2025-11-13 12:00,16.16,59.77,2.52,211.66,0,吝备,74,45,0.0322,0.0359
108,2025-11-13 13:00,16.91,42.28,3.18,253.6,0,吝备,,,,
108,2025-11-13 14:00,17.35,36.95,2.46,267.91,0,吝备,,,,
108,2025-11-13 15:00,17.02,38.46,3.14,272.58,0,吝备,52,27,0.0559,0.0127
108,2025-11-13 16:00,15.49,40.97,2.59,274.81,0,吝备,55,30,0.0525,0.0103
108,2025-11-13 17:00,13.97,49.97,2.14,263.4,0,吝备,58,31,0.0479,0.0157
108,2025-11-13 18:00,12.85,59.99,2.11,247.42,0,吝备,70,37,0.0431,0.0193
108,2025-11-13 19:00,11.88,62.86,1.64,294.78,0,吝备,59,28,0.0362,0.0235
108,2025-11-13 20:00,11.26,61.46,2.68,294.97,0,吝备,59,25,0.0323,0.0241
108,2025-11-13 21:00,10.52,57.42,2.28,311.3,0,吝备,58,28,0.032,0.0211
108,2025-11-13 22:00,9.31,58,1.52,268.18,0,吝备,57,25,0.0327,0.0163
108,2025-11-13 23:00,8.16,61.73,0.97,257.41,0,吝备,58,28,0.0293,0.0186
108,2025-11-14 0:00,7.4,65.54,2.32,269.37,0,吝备,51,23,0.0275,0.0181
108,2025-11-14 1:00,6.95,66.82,2.28,279.09,0,吝备,47,20,0.0238,0.0203
108,2025-11-14 2:00,6.84,66.41,2.94,286.37,0,吝备,44,22,0.0279,0.0141
108,2025-11-14 3:00,6.26,65.91,1.59,282.87,0,吝备,39,16,0.0283,0.0131
108,2025-11-14 4:00,5.72,68.4,1.61,283.36,0,吝备,37,15,0.0288,0.0113
108,2025-11-14 5:00,5.34,68.91,1.07,281.72,0,吝备,30,13,0.0175,0.0216
108,2025-11-14 6:00,4.92,67.88,1.36,279.99,0,吝备,30,11,0.0081,0.0315
108,2025-11-14 7:00,4.65,69.52,1.05,252.31,0,吝备,30,12,0.0131,0.0268
108,2025-11-14 8:00,5.3,67.3,0.76,259.42,0,吝备,27,11,0.0217,0.0168
108,2025-11-14 9:00,8.11,53.95,1.88,282.03,0,吝备,28,12,0.0218,0.0187
108,2025-11-14 10:00,10.52,45.84,2.13,291.49,0,吝备,30,14,0.0265,0.0166
108,2025-11-14 11:00,12.17,37.09,2.87,294.38,0,吝备,20,6,0.0323,0.0109
108,2025-11-14 12:00,12.97,32.1,3.45,299.32,0,吝备,17,8,0.0377,0.0112
108,2025-11-14 13:00,14.02,31.12,3.08,289.09,0,吝备,28,15,0.0456,0.0117
108,2025-11-14 14:00,14.66,32,2.63,270.92,0,吝备,34,19,0.0457,0.0154
108,2025-11-14 15:00,14.66,32.47,2.56,267.58,0,吝备,29,13,0.0457,0.0103
108,2025-11-14 16:00,13.61,33.49,2.4,271.69,0,吝备,26,12,0.0433,0.0125
108,2025-11-14 17:00,11.9,38.56,2,267.45,0,吝备,26,15,0.039,0.014
108,2025-11-14 18:00,10.73,47.95,1.48,264.21,0,吝备,30,13,0.028,0.0253
108,2025-11-14 19:00,9.82,54.77,0.88,298.18,0,吝备,29,19,0.0155,0.0394
108,2025-11-14 20:00,9.14,59.6,1.31,291.15,0,吝备,32,18,0.0104,0.0439
108,2025-11-14 21:00,8.54,62.25,1.25,280,0,吝备,31,17,0.0144,0.0392
108,2025-11-14 22:00,7.88,64.99,1.01,282.86,0,吝备,31,19,0.012,0.0392
108,2025-11-14 23:00,7.18,64.61,1.03,269.67,0,吝备,33,19,0.005,0.0463
108,2025-11-15 0:00,6.56,66.74,1.05,291.26,0,吝备,30,19,0.0071,0.0398
108,2025-11-15 1:00,6.19,68.37,0.5,292.3,0,吝备,30,15,0.0099,0.0333
108,2025-11-15 2:00,5.8,69.18,0.77,8.5,0,吝备,29,18,0.0121,0.0299
108,2025-11-15 3:00,5.47,67.94,1.42,35.88,0,吝备,29,18,0.0095,0.0339
108,2025-11-15 4:00,4.98,68.72,0.82,29.43,0,吝备,29,17,0.0072,0.0368
108,2025-11-15 5:00,4.75,69.16,1.25,18.85,0,吝备,35,20,0.0059,0.0376
108,2025-11-15 6:00,4.24,70.85,1.91,26.28,0,吝备,34,22,0.0055,0.038
108,2025-11-15 7:00,3.7,73.05,2.07,40.1,0,吝备,35,23,0.0059,0.0374
108,2025-11-15 8:00,4.57,70.88,2.19,49.64,0,吝备,39,21,0.0095,0.0352
108,2025-11-15 9:00,7.4,59.02,2.08,54.71,0,吝备,46,23,0.0128,0.0342
108,2025-11-15 10:00,10.04,48.63,1.38,68.37,0,吝备,44,26,0.0173,0.034
108,2025-11-15 11:00,12.52,40.74,0.86,70.95,0,吝备,43,23,0.0253,0.0294
108,2025-11-15 12:00,14.97,33.28,1.13,106.41,0,吝备,36,22,0.0294,0.0258
108,2025-11-15 13:00,15.83,28.97,1.32,126.17,0,吝备,43,28,0.0295,0.0277
108,2025-11-15 14:00,16.88,25.59,1.18,211.22,0,吝备,34,16,0.0334,0.025
108,2025-11-15 15:00,17.14,22.56,1.68,204.43,0,吝备,34,18,0.0392,0.0199
108,2025-11-15 16:00,15.95,22.87,1.58,264.5,0,吝备,28,17,0.039,0.0216
108,2025-11-15 17:00,13.73,27.69,1.41,292.57,0,吝备,30,12,0.0306,0.0317
108,2025-11-15 18:00,12.38,32.07,0.92,263.8,0,吝备,33,19,0.0219,0.0383
108,2025-11-15 19:00,11.15,38.32,0.87,292.23,0,吝备,40,26,0.0054,0.0565
108,2025-11-15 20:00,10.03,41.67,1.24,249.79,0,吝备,47,30,0.0044,0.0545
108,2025-11-15 21:00,9.23,46.02,1.09,282.99,0,吝备,46,30,0.0044,0.0517
108,2025-11-15 22:00,8.75,47.76,1.2,4.04,0,吝备,42,27,0.0048,0.0486
108,2025-11-15 23:00,8.22,47.97,1.38,39.51,0,吝备,41,26,0.0046,0.0472
108,2025-11-16 0:00,7.74,51.01,1.53,23.25,0,吝备,41,28,0.0044,0.0485
108,2025-11-16 1:00,7.23,54.28,1.5,34.21,0,吝备,41,25,0.0043,0.0468
108,2025-11-16 2:00,6.6,56.57,1.8,33.92,0,吝备,38,24,0.0051,0.0446
108,2025-11-16 3:00,6.47,56.26,1.3,52.52,0,吝备,35,24,0.005,0.043
108,2025-11-16 4:00,6.39,56.75,1.6,40.39,0,吝备,31,23,0.0072,0.0373
108,2025-11-16 5:00,5.9,59.44,1.75,43.05,0,吝备,30,21,0.0062,0.0384
108,2025-11-16 6:00,5.82,60.69,1.36,52.87,0,吝备,34,24,0.0052,0.0394
108,2025-11-16 7:00,5.61,61.19,1.35,46.6,0,吝备,34,23,0.0105,0.0326
108,2025-11-16 8:00,6.37,59.22,1.53,61.87,0,吝备,35,22,0.0124,0.0311
108,2025-11-16 9:00,9.15,51.7,1.85,58.62,0,吝备,38,21,0.0165,0.0294
108,2025-11-16 10:00,11.79,45.58,2.02,52.05,0,吝备,38,29,0.02,0.0312
108,2025-11-16 11:00,14.5,40.77,1.67,100.84,0,吝备,38,27,0.0244,0.0329
108,2025-11-16 12:00,17.37,32.42,2.39,192.69,0,吝备,35,26,0.0403,0.0202
108,2025-11-16 13:00,18.25,25.59,3.66,231.61,0,吝备,38,24,0.0501,0.0123
108,2025-11-16 14:00,17.87,38.74,4.2,243.38,0,吝备,37,22,0.0557,0.0115
108,2025-11-16 15:00,17.43,49.02,3.68,229.7,0,吝备,32,16,0.0546,0.0104
108,2025-11-16 16:00,16.09,58.23,3.17,236.36,0,吝备,25,13,0.0525,0.0104
108,2025-11-16 17:00,15.4,64.95,2.9,206.03,0,吝备,24,13,0.0489,0.0125
108,2025-11-16 18:00,14.96,71.53,2.88,195.89,0,吝备,24,13,0.0459,0.0147
108,2025-11-16 19:00,14.84,75.22,2.7,202.59,0.04,吝备,26,15,0.0423,0.0174
108,2025-11-16 20:00,14.38,80.13,3.15,216.76,0.26,吝备,29,17,0.0419,0.0149
108,2025-11-16 21:00,13.93,83.8,2.58,229.14,0.3,吝备,39,24,0.0433,0.0158
108,2025-11-16 22:00,13.36,79.62,3.44,255.78,0.3,吝备,118,79,0.051,0.0108
108,2025-11-16 23:00,10.93,64.99,4.5,297.86,0.3,吝备,113,73,0.0341,0.0071
108,2025-11-17 0:00,9.01,55.71,3.24,278.46,0.01,吝备,57,20,0.0328,0.0068
108,2025-11-17 1:00,8.12,54.09,3.24,281.98,0,吝备,44,14,0.0318,0.0069
108,2025-11-17 2:00,7,41.13,4.41,281.38,0,吝备,44,19,0.0333,0.0063
108,2025-11-17 3:00,5.8,34.15,3.68,279.79,0,吝备,47,20,0.0316,0.0071
108,2025-11-17 4:00,4.84,29.7,3.27,266.05,0,吝备,44,21,0.0291,0.0067
108,2025-11-17 5:00,4.25,25.97,3.62,271.37,0,吝备,37,8,0.0269,0.0071
108,2025-11-17 6:00,3.96,27.22,3.53,283.49,0,吝备,41,10,0.0246,0.0077
108,2025-11-17 7:00,3.52,28.93,2.99,290.94,0,吝备,46,8,0.022,0.0098
108,2025-11-17 8:00,3.33,30,3.89,288.82,0,吝备,48,6,0.0219,0.0089
108,2025-11-17 9:00,3.33,33.96,3.96,289.74,0,吝备,60,7,0.0223,0.0078
108,2025-11-17 10:00,3.64,31.7,5.16,283.01,0,吝备,53,7,0.0239,0.0063
108,2025-11-17 11:00,3.83,32.16,4.26,273.67,0,吝备,47,5,0.0243,0.0063
108,2025-11-17 12:00,3.85,29.47,4.55,293.57,0,吝备,41,7,0.0265,0.0056
108,2025-11-17 13:00,4.59,31.95,4.31,282.14,0,吝备,43,12,0.0272,0.0067
108,2025-11-17 14:00,5.09,32.18,4.79,261.41,0,吝备,47,12,0.0275,0.0078
108,2025-11-17 15:00,4.97,32.82,4.42,272.35,0,吝备,43,11,0.0284,0.0073
108,2025-11-17 16:00,4.44,34.56,3.99,269.94,0,吝备,41,12,0.0265,0.009
108,2025-11-17 17:00,3.35,40.26,3.55,268,0,吝备,36,13,0.0247,0.0107
108,2025-11-17 18:00,2.69,44.32,3.41,270.33,0,吝备,39,13,0.0249,0.0102
108,2025-11-17 19:00,1.94,46.97,4.06,289.52,0,吝备,39,11,0.0252,0.0089
108,2025-11-17 20:00,0.9,48.55,3.43,293.12,0,吝备,42,14,0.025,0.0075
108,2025-11-17 21:00,0.39,50.89,2.78,267.65,0,吝备,35,14,0.0242,0.0079
108,2025-11-17 22:00,0.12,51.79,2.47,287.67,0,吝备,29,12,0.0239,0.0078
108,2025-11-17 23:00,-0.41,53.52,1.46,281.49,0,吝备,31,11,0.0227,0.0083
108,2025-11-18 0:00,-0.9,54.75,1.59,276.14,0,吝备,34,14,0.022,0.0091
108,2025-11-18 1:00,-1.26,55.39,1.3,264.52,0,吝备,33,12,0.0205,0.0094
108,2025-11-18 2:00,-1.39,55.45,1.79,279.13,0,吝备,30,13,0.0204,0.0092
108,2025-11-18 3:00,-1.54,54.92,1.87,288.05,0,吝备,29,12,0.0204,0.0087
108,2025-11-18 4:00,-1.68,54.14,1.98,273.21,0,吝备,30,15,0.0203,0.0087
108,2025-11-18 5:00,-1.86,55.06,2.17,266.19,0,吝备,30,16,0.0176,0.0122
108,2025-11-18 6:00,-1.85,56.53,2.78,260.22,0,吝备,31,15,0.0168,0.013
108,2025-11-18 7:00,-1.79,56.22,2.34,281.64,0,吝备,30,16,0.016,0.0143
108,2025-11-18 8:00,-1.55,54.68,1.95,304.13,0,吝备,32,15,0.0186,0.0121
108,2025-11-18 9:00,0.12,43.63,3.02,305.98,0,吝备,30,14,0.0249,0.0072
108,2025-11-18 10:00,2.2,36.6,2.69,296.89,0,吝备,26,8,0.0263,0.0072
108,2025-11-18 11:00,3.71,32.18,2.92,284.3,0,吝备,21,7,0.0276,0.0065
108,2025-11-18 12:00,4.76,31.75,2.81,285.55,0,吝备,16,5,0.0301,0.0058
108,2025-11-18 13:00,5.48,31.55,3.2,283.48,0,吝备,27,10,0.0321,0.0065
108,2025-11-18 14:00,6.14,32.23,2.89,282.81,0,吝备,26,10,0.0289,0.01
108,2025-11-18 15:00,5.92,34.82,3.94,253.49,0,吝备,30,10,0.0305,0.009
108,2025-11-18 16:00,5.01,38.03,2.55,272.07,0,吝备,32,14,0.028,0.0121
108,2025-11-18 17:00,3.79,41.53,2.29,265.23,0,吝备,34,14,0.0254,0.0148
108,2025-11-18 18:00,3.13,46.24,2.46,255.05,0,吝备,35,14,0.0208,0.0192
108,2025-11-18 19:00,2.71,49.71,2.16,255.55,0,吝备,33,14,0.0224,0.0175
108,2025-11-18 20:00,2.32,53.63,1.35,301.33,0,吝备,34,15,0.0208,0.0187
108,2025-11-18 21:00,2.04,54.84,1.12,284.14,0,吝备,32,15,0.0195,0.0193
108,2025-11-18 22:00,1.97,51.25,2.08,301.85,0,吝备,40,17,0.0247,0.0126
108,2025-11-18 23:00,1.14,52.48,1.81,333.74,0,吝备,41,16,0.0238,0.0118
108,2025-11-19 0:00,0.57,54.16,2.02,328.65,0,吝备,39,18,0.0246,0.0104
108,2025-11-19 1:00,0.22,53.28,1.55,338.74,0,吝备,38,18,0.0266,0.0083
108,2025-11-19 2:00,-0.32,54.33,1.12,323.88,0,吝备,40,17,0.0266,0.0087
108,2025-11-19 3:00,-0.61,57.2,1.23,293.25,0,吝备,35,12,0.0237,0.013
108,2025-11-19 4:00,-0.96,57.2,0.65,314.32,0,吝备,36,13,0.0217,0.0146
108,2025-11-19 5:00,-1.1,55.99,1.07,15.62,0,吝备,33,12,0.0129,0.0227
108,2025-11-19 6:00,-1.34,58.1,1.49,40.54,0,吝备,32,15,0.0073,0.03
108,2025-11-19 7:00,-1.47,60.45,1.87,43.48,0,吝备,37,13,0.0041,0.0338
108,2025-11-19 8:00,-0.91,61.99,1.74,43.28,0,吝备,37,16,0.0067,0.0342
108,2025-11-19 9:00,1.63,51.43,0.74,359.34,0,吝备,37,18,0.0147,0.0257
108,2025-11-19 10:00,4.26,36.71,2.02,255.7,0,吝备,32,16,0.0264,0.0132
108,2025-11-19 11:00,5.47,33.08,1.98,295.73,0,吝备,23,12,0.0317,0.0084
108,2025-11-19 12:00,7,30.73,2.5,247.28,0,吝备,17,9,0.0317,0.0103
108,2025-11-19 13:00,7.93,29.95,2.31,247.87,0,吝备,31,16,0.0276,0.0157
108,2025-11-19 14:00,8.33,27.81,2.48,239.19,0,吝备,27,15,0.033,0.0128
108,2025-11-19 15:00,8.43,30.11,2.24,250.84,0,吝备,27,15,0.0268,0.0207
108,2025-11-19 16:00,7.3,34.95,2.69,261.67,0,吝备,32,15,0.0315,0.0166
108,2025-11-19 17:00,5.72,44.47,2.38,276.96,0,吝备,30,13,0.0283,0.0201
108,2025-11-19 18:00,4.69,50.84,1.86,264.44,0,吝备,32,18,0.0264,0.0215
108,2025-11-19 19:00,4.05,54.77,1.6,280.25,0,吝备,34,19,0.0244,0.0234
108,2025-11-19 20:00,3.46,57.11,0.47,327.59,0,吝备,35,19,0.0234,0.0233
108,2025-11-19 21:00,2.96,60.48,0.5,329.46,0,吝备,35,22,0.0096,0.0366
108,2025-11-19 22:00,2.6,62.44,0.66,326.32,0,吝备,37,19,0.0063,0.0385
108,2025-11-19 23:00,2.33,62.4,1.32,20.46,0,吝备,33,19,0.0143,0.0298
108,2025-11-20 0:00,1.93,64.14,1.42,41.14,0,吝备,34,20,0.0067,0.0393
108,2025-11-20 1:00,1.72,65,1.36,42.68,0,吝备,32,23,0.0051,0.0423
108,2025-11-20 2:00,2.23,64.54,1.6,43.94,0,吝备,35,23,0.0043,0.0445
108,2025-11-20 3:00,2.82,63.74,1.84,43.46,0,吝备,34,21,0.0046,0.0432
108,2025-11-20 4:00,3.14,63.34,2,44.39,0,吝备,37,23,0.0043,0.0419
108,2025-11-20 5:00,3.46,63.85,2.1,41.15,0,吝备,40,24,0.0042,0.0407
108,2025-11-20 6:00,3.66,64.51,1.8,43.83,0,吝备,40,24,0.0041,0.0412
108,2025-11-20 7:00,3.8,65.97,1.97,45.19,0,吝备,43,24,0.0045,0.0422
108,2025-11-20 8:00,4.52,66.31,2.08,51.74,0,吝备,44,25,0.0056,0.0419
108,2025-11-20 9:00,6.15,63.78,1.31,67.52,0,吝备,46,26,0.007,0.0425
108,2025-11-20 10:00,8.61,58.76,1.3,70.54,0,吝备,51,28,0.0085,0.0437
108,2025-11-20 11:00,11.47,56.37,1.96,191.44,0,吝备,51,33,0.0097,0.0431
108,2025-11-20 12:00,12.7,55.86,3.27,211.1,0,吝备,54,35,0.0168,0.0352
108,2025-11-20 13:00,13.62,56.73,4.19,217.01,0,吝备,61,33,0.0247,0.0278
108,2025-11-20 14:00,13.99,55.92,4.01,215.31,0,吝备,68,36,0.0299,0.0253
108,2025-11-20 15:00,14.15,52.89,3.4,228,0,吝备,69,35,0.0295,0.0292
108,2025-11-20 16:00,12.95,47.37,3.55,257.74,0,吝备,61,30,0.0384,0.0168
108,2025-11-20 17:00,11.25,55.76,3.64,253.49,0,吝备,53,24,0.0366,0.0171
108,2025-11-20 18:00,10.09,58.27,3.3,267.34,0,吝备,58,30,0.031,0.0194
108,2025-11-20 19:00,8.69,40.33,4.08,261.36,0,吝备,44,21,0.0345,0.0122
108,2025-11-20 20:00,7.56,43.52,3.29,257.94,0,吝备,24,7,0.0334,0.0113
108,2025-11-20 21:00,6.2,52.45,3.27,284,0,吝备,29,12,0.0354,0.0082
108,2025-11-20 22:00,5.03,51.92,2.26,293.44,0,吝备,26,10,0.0358,0.0086
108,2025-11-20 23:00,4.17,53.57,0.84,287.61,0,吝备,21,9,0.0337,0.0099
108,2025-11-21 0:00,3.26,56.06,0.63,213.48,0,吝备,21,8,0.0321,0.0126
108,2025-11-21 1:00,2.8,58.35,0.6,273.67,0,吝备,20,8,0.0309,0.0138
108,2025-11-21 2:00,2.45,61.1,0.35,279.32,0,吝备,17,7,0.0269,0.017
108,2025-11-21 3:00,2.11,63.97,0.82,298.13,0,吝备,19,11,0.022,0.0194
108,2025-11-21 4:00,1.73,64.57,0.6,298.08,0,吝备,16,9,0.0129,0.0281
108,2025-11-21 5:00,1.5,67.12,0.84,269.62,0,吝备,21,11,0.0107,0.0339
108,2025-11-21 6:00,1.19,67.84,0.63,234.66,0,吝备,23,10,0.0069,0.0368
108,2025-11-21 7:00,1.13,69.88,0.61,323.55,0,吝备,24,12,0.0074,0.0367
108,2025-11-21 8:00,1.87,67.57,0.9,271.04,0,吝备,23,10,0.0072,0.0422
108,2025-11-21 9:00,4.62,54.18,1.63,255.91,0,吝备,34,14,0.0175,0.03
108,2025-11-21 10:00,7.58,40.19,1.97,210.43,0,吝备,30,18,0.0167,0.0337
108,2025-11-21 11:00,9.89,33.38,2.48,187.33,0,吝备,29,14,0.0165,0.0368
108,2025-11-21 12:00,11.24,32.33,3.51,227.06,0,吝备,24,13,0.027,0.025
108,2025-11-21 13:00,11.73,36.99,3.9,222.22,0,吝备,29,15,0.0359,0.0146
108,2025-11-21 14:00,11.9,42.8,4.3,230.77,0,吝备,25,9,0.0349,0.0163
108,2025-11-21 15:00,11.69,46.62,3.67,252.57,0,吝备,22,7,0.0319,0.0195
108,2025-11-21 16:00,10.88,50.65,3.4,256.59,0,吝备,20,9,0.035,0.016
108,2025-11-21 17:00,10.43,55.49,2.83,246.6,0,吝备,21,8,0.0239,0.0282
108,2025-11-21 18:00,10.39,58.59,2.27,241.58,0,吝备,23,9,0.0195,0.0313
108,2025-11-21 19:00,10.26,61.58,2.32,235.49,0,吝备,27,11,0.0237,0.0257
108,2025-11-21 20:00,10.38,65.07,2.08,231.98,0,吝备,29,12,0.0201,0.0292
108,2025-11-21 21:00,10.38,68.42,2.06,235.81,0,吝备,33,15,0.0234,0.0257
108,2025-11-21 22:00,9.99,70.84,1.83,239.71,0,吝备,36,16,0.0207,0.0287
108,2025-11-21 23:00,9.44,72.56,1.35,242.65,0,吝备,41,19,0.0174,0.0325
108,2025-11-22 0:00,9.08,73.45,1.14,239,0,吝备,43,19,0.0156,0.0343
108,2025-11-22 1:00,8.26,77.3,0.64,235.1,0,吝备,44,23,0.01,0.0367
108,2025-11-22 2:00,7.51,79.63,0.79,230.05,0,吝备,40,19,0.0045,0.0403
108,2025-11-22 3:00,7.04,81.8,0.49,229.03,0,吝备,38,22,0.0068,0.0335
108,2025-11-22 4:00,6.81,83.25,1.01,17.63,0,吝备,37,20,0.0084,0.0316
108,2025-11-22 5:00,6.54,82.9,1.27,33.44,0,吝备,37,19,0.0047,0.0366
108,2025-11-22 6:00,5.92,83.62,1.45,29.1,0,吝备,37,18,0.0044,0.0383
108,2025-11-22 7:00,5.53,84.57,1.75,29.91,0,吝备,34,17,0.0043,0.0384
108,2025-11-22 8:00,5.95,85.19,1.46,49.19,0,吝备,35,18,0.0056,0.0419
108,2025-11-22 9:00,7.31,81.62,1.95,42.52,0,吝备,46,25,0.0055,0.0448
108,2025-11-22 10:00,9.08,74.49,1.91,40.47,0,吝备,57,28,0.0074,0.0475
108,2025-11-22 11:00,12.07,62.27,1.55,119.74,0,吝备,55,32,0.0134,0.0441
108,2025-11-22 12:00,13.51,54.79,2.13,194.26,0,吝备,45,23,0.0207,0.0368
108,2025-11-22 13:00,13.82,47.1,3.3,232.49,0,吝备,48,27,0.0282,0.0325
108,2025-11-22 14:00,14.91,40.78,3.67,218.13,0,吝备,39,19,0.0394,0.0227
108,2025-11-22 15:00,14.67,38.77,3.35,225.02,0,吝备,36,16,0.0435,0.0193
108,2025-11-22 16:00,13.56,37.53,3.02,231.01,0,吝备,41,22,0.0387,0.026
108,2025-11-22 17:00,12.15,43.22,2.3,223.02,0,吝备,45,26,0.0349,0.0316
108,2025-11-22 18:00,11.15,48.84,1.33,240.17,0,吝备,44,29,0.0402,0.0261
108,2025-11-22 19:00,10.06,53.95,1,244.34,0,吝备,50,33,0.0194,0.0475
108,2025-11-22 20:00,9.22,58.47,0.94,233.54,0,吝备,57,36,0.0054,0.0625
108,2025-11-22 21:00,8.76,62.72,0.98,186,0,吝备,60,39,0.006,0.0581
108,2025-11-22 22:00,8.56,66.46,1.05,64.05,0,吝备,60,41,0.0072,0.0545
108,2025-11-22 23:00,7.96,69.02,1.41,27.66,0,吝备,57,39,0.0059,0.0548
108,2025-11-23 0:00,7.64,69.69,1.72,30.24,0,吝备,56,39,0.0046,0.0575
108,2025-11-23 1:00,7.2,70.24,1.62,43.85,0,吝备,55,39,0.0052,0.0553
108,2025-11-23 2:00,6.72,72.07,1.43,44.81,0,吝备,53,37,0.0075,0.0482
108,2025-11-23 3:00,6.94,74.46,1.04,53.75,0,吝备,53,39,0.0064,0.048
108,2025-11-23 4:00,7.37,74.52,1,44.31,0,吝备,48,36,0.0151,0.0361
108,2025-11-23 5:00,7.9,74.81,1.55,45.63,0,吝备,50,35,0.014,0.037
108,2025-11-23 6:00,8.18,74.11,1.74,45.74,0,吝备,49,34,0.0144,0.0362
108,2025-11-23 7:00,8.28,75,1.83,49.5,0,吝备,49,33,0.0118,0.04
108,2025-11-23 8:00,8.52,75.39,1.85,49.61,0,吝备,50,33,0.0133,0.038
108,2025-11-23 9:00,9.28,73.14,1.66,50.75,0,吝备,52,36,0.012,0.0408
108,2025-11-23 10:00,10.7,68.92,1.72,45.39,0,吝备,54,36,0.017,0.0379
108,2025-11-23 11:00,11.72,65.83,1.4,55.53,0,吝备,57,41,0.0173,0.0415
108,2025-11-23 12:00,12.92,63.72,2.81,184.84,0,吝备,50,34,0.0385,0.0244
108,2025-11-23 13:00,13.66,61.96,3.6,189.3,0,吝备,41,24,0.0523,0.015
108,2025-11-23 14:00,14.15,60.11,3.28,204.1,0,吝备,38,24,0.0544,0.014
108,2025-11-23 15:00,14.16,61.11,3.52,199.1,0,吝备,42,23,0.0563,0.0121
108,2025-11-23 16:00,13.8,61.31,3.18,208.07,0,吝备,41,24,0.0551,0.0143
108,2025-11-23 17:00,13.21,64.71,2.94,194.04,0,吝备,48,30,0.0553,0.0159
108,2025-11-23 18:00,12.79,67.37,2.58,195.73,0,吝备,51,32,0.0534,0.0187
108,2025-11-23 19:00,12.46,69.14,1.93,192.34,0,吝备,51,34,0.0464,0.0242
108,2025-11-23 20:00,12.33,70.31,1.92,193.99,0,吝备,55,35,0.046,0.0244
108,2025-11-23 21:00,12.42,72.78,2.64,193.24,0,吝备,60,41,0.0505,0.0218
108,2025-11-23 22:00,12.44,73.31,1.24,136.85,0,吝备,60,38,0.0582,0.017
108,2025-11-23 23:00,12.15,72.85,1.1,121.94,0,吝备,62,40,0.056,0.0167
108,2025-11-24 0:00,11.92,73.52,0.98,46.64,0,吝备,61,40,0.0578,0.0155
108,2025-11-24 1:00,11.8,74.33,0.61,99.59,0,吝备,59,42,0.057,0.0175
108,2025-11-24 2:00,11.73,75.1,0.58,55.32,0,吝备,60,44,0.0568,0.02
108,2025-11-24 3:00,11.53,75.84,1.24,30.5,0,吝备,58,41,0.0555,0.0191
108,2025-11-24 4:00,11.34,75.79,1.38,31.94,0,吝备,61,42,0.046,0.0265
108,2025-11-24 5:00,11.3,75.21,1.52,37.85,0,吝备,66,46,0.0436,0.0282
108,2025-11-24 6:00,11.23,74.88,1.28,54.07,0,吝备,66,50,0.0431,0.0282
108,2025-11-24 7:00,10.69,76.2,1.68,42.62,0,吝备,67,51,0.0267,0.0459
108,2025-11-24 8:00,10.63,78.68,1.68,54.36,0,吝备,69,51,0.0221,0.0535
108,2025-11-24 9:00,11.52,76.98,1.23,58.5,0,吝备,74,52,0.0239,0.0536
108,2025-11-24 10:00,12.55,74.48,1.13,72.78,0,吝备,73,51,0.0295,0.0483
108,2025-11-24 11:00,13.87,72.93,1.65,163.59,0,吝备,72,49,0.0384,0.0416
108,2025-11-24 12:00,14.98,69.64,2.54,195.46,0,吝备,75,54,0.0532,0.0305
108,2025-11-24 13:00,15.9,64.02,2.77,225.57,0,吝备,81,57,0.0557,0.0291
108,2025-11-24 14:00,16.63,54.61,3.63,217.46,0,吝备,83,58,0.0547,0.0312
108,2025-11-24 15:00,16.38,45.75,3.51,216.97,0,吝备,91,60,0.0486,0.0405
108,2025-11-24 16:00,15.32,40.88,2.79,238.56,0,吝备,101,74,0.0574,0.0331
108,2025-11-24 17:00,13.87,54.87,2.49,246.78,0,吝备,96,66,0.0524,0.0337
108,2025-11-24 18:00,12.73,62.79,2.13,239.68,0,吝备,105,66,0.0419,0.0408
108,2025-11-24 19:00,11.97,70.41,2.06,242.19,0,吝备,111,76,0.0484,0.0305
108,2025-11-24 20:00,11.33,78.69,2.03,224.06,0,吝备,111,75,0.0509,0.0236
108,2025-11-24 21:00,11.04,83.05,1.52,238.94,0,吝备,115,76,0.0452,0.025
108,2025-11-24 22:00,10.44,84.33,1.36,231.41,0,吝备,119,83,0.0388,0.0303
108,2025-11-24 23:00,9.87,85.35,0.86,221.95,0,吝备,126,88,0.0319,0.0336
108,2025-11-25 0:00,9.37,87.51,0.46,230.21,0,吝备,122,91,0.0196,0.0376
108,2025-11-25 1:00,9.01,88.99,0.4,275.14,0,吝备,121,90,0.0122,0.042
108,2025-11-25 2:00,8.68,89.53,0.24,281.02,0,吝备,120,89,0.0125,0.0407
108,2025-11-25 3:00,8.43,90.3,0.81,36.2,0,吝备,124,95,0.0154,0.0363
108,2025-11-25 4:00,8.3,90.58,1.64,33.93,0,吝备,132,100,0.0141,0.0385
108,2025-11-25 5:00,8.38,91.19,1.55,32.24,0,吝备,131,101,0.0105,0.0441
108,2025-11-25 6:00,8.6,91.52,2.42,273.68,2.11,吝备,123,92,0.0312,0.0275
108,2025-11-25 7:00,8.17,92.06,1.16,62.26,4.78,吝备,62,43,0.0282,0.0324
108,2025-11-25 8:00,8.29,92.69,0.93,145.03,5.99,吝备,56,39,0.0267,0.0338
108,2025-11-25 9:00,8.26,90.56,2.42,253.75,7.17,吝备,52,38,0.0304,0.0274
108,2025-11-25 10:00,7.99,89.22,3.45,261.74,7.8,吝备,28,23,0.0329,0.0233
108,2025-11-25 11:00,8.24,84.6,3.85,270.6,7.8,吝备,48,34,0.0386,0.0154
108,2025-11-25 12:00,8.47,76.89,3.77,259.72,7.8,吝备,96,80,0.0395,0.0141
108,2025-11-25 13:00,8.11,73.77,5.03,273.33,7.8,吝备,94,83,0.037,0.0121
108,2025-11-25 14:00,7.62,73.25,3.75,276.65,7.8,吝备,70,60,0.0334,0.0142
108,2025-11-25 15:00,7.1,72.33,3.96,275.87,7.8,吝备,69,58,0.0354,0.0127
108,2025-11-25 16:00,6.74,72.98,3.91,280.04,7.8,吝备,66,51,0.0347,0.0128
108,2025-11-25 17:00,6.41,74.5,3.21,277.36,7.8,吝备,65,52,0.0343,0.0122
108,2025-11-25 18:00,6.17,76.54,2.84,289.62,7.8,吝备,70,56,0.0326,0.0123
108,2025-11-25 19:00,5.95,76.36,2.67,309.22,7.8,吝备,74,64,0.0332,0.0122
108,2025-11-25 20:00,5.78,76.13,2.83,322.09,7.8,吝备,79,68,0.0342,0.011
108,2025-11-25 21:00,5.7,76.39,3.01,300.22,7.8,吝备,83,72,0.0326,0.0121
108,2025-11-25 22:00,5.57,74.46,2.72,284.55,7.8,吝备,84,76,0.032,0.0135
108,2025-11-25 23:00,5.35,71.92,2.57,288.74,7.8,吝备,79,72,0.0362,0.0113
108,2025-11-26 0:00,5.24,70.96,2.08,284.55,0.13,吝备,76,65,0.0359,0.0115
108,2025-11-26 1:00,5.29,70.25,2.18,289.24,0,吝备,76,63,0.0361,0.0105
108,2025-11-26 2:00,5.2,70.47,1.3,259.54,0,吝备,69,61,0.0351,0.0129
108,2025-11-26 3:00,5.2,70.67,1.22,271.71,0,吝备,63,55,0.0373,0.0134
108,2025-11-26 4:00,5.33,69.71,1.23,293.33,0,吝备,57,49,0.0398,0.0105
108,2025-11-26 5:00,4.96,69.64,1.04,288.96,0,吝备,61,52,0.036,0.014
108,2025-11-26 6:00,4.08,73.07,0.73,278.76,0,吝备,59,47,0.0275,0.0242
108,2025-11-26 7:00,3.64,78.06,0.86,286.01,0,吝备,57,42,0.0082,0.0411
108,2025-11-26 8:00,3.79,80.39,1.07,23.63,0,吝备,58,45,0.0127,0.0374
108,2025-11-26 9:00,5.56,72.58,1.51,54.65,0,吝备,57,45,0.0197,0.0304
108,2025-11-26 10:00,7.46,61.26,1.27,12.04,0,吝备,37,28,0.0295,0.0189
108,2025-11-26 11:00,8.95,53.26,2.03,249.55,0,吝备,25,16,0.036,0.0112
108,2025-11-26 12:00,10.42,49.5,2.54,214.55,0,吝备,22,16,0.0275,0.0221
108,2025-11-26 13:00,9.97,49.82,1.94,260.75,0,吝备,33,23,0.0243,0.0266
108,2025-11-26 14:00,9.53,52.36,2.41,209.98,0,吝备,32,23,0.0218,0.029
108,2025-11-26 15:00,9.67,51.66,2.72,210.43,0,吝备,,,,
108,2025-11-26 16:00,9.2,52.34,2.15,210.25,0,吝备,,,,
108,2025-11-26 17:00,8.18,55.92,1.51,253.71,0,吝备,31,16,0.0201,0.0253
108,2025-11-26 18:00,7.22,59.78,0.75,241.79,0,吝备,33,20,0.0167,0.031
108,2025-11-26 19:00,6.5,65.33,0.92,257.96,0,吝备,26,17,0.0117,0.0357
108,2025-11-26 20:00,5.91,70.16,0.38,300.66,0,吝备,37,23,0.0028,0.0442
108,2025-11-26 21:00,5.43,73.68,0.67,21.27,0,吝备,32,20,0.0014,0.0422
108,2025-11-26 22:00,5.25,73.39,1.12,47.9,0,吝备,31,20,0.0021,0.0441
108,2025-11-26 23:00,4.76,75.15,1.66,35.19,0,吝备,35,22,0.0021,0.0436
108,2025-11-27 0:00,4.11,78.06,1.74,32.84,0,吝备,40,23,0.0025,0.0432
108,2025-11-27 1:00,3.92,80.01,1.15,32.72,0,吝备,37,24,0.0023,0.0427
108,2025-11-27 2:00,3.88,80.13,2.71,45.08,0,吝备,43,29,0.0025,0.0392
108,2025-11-27 3:00,4.02,78.92,2.12,59.97,0,吝备,41,28,0.0027,0.0346
108,2025-11-27 4:00,4.58,77.19,2.18,61.38,0,吝备,43,28,0.0043,0.0311
108,2025-11-27 5:00,4.83,75.42,2.94,64.69,0,吝备,39,28,0.0064,0.0291
108,2025-11-27 6:00,5.14,74.82,2.9,67.85,0,吝备,41,29,0.0077,0.0302
108,2025-11-27 7:00,5.24,80.16,2.63,63.17,0.1,吝备,38,28,0.0107,0.0288
108,2025-11-27 8:00,5.62,79.28,2.94,62.16,0.1,吝备,35,22,0.0109,0.0319
108,2025-11-27 9:00,6.02,80.54,2.37,67.16,0.31,吝备,34,24,0.0106,0.0317
108,2025-11-27 10:00,5.91,88.42,2,129.54,3.02,吝备,34,23,0.0107,0.0345
108,2025-11-27 11:00,6.3,92.11,2,210.49,6.48,吝备,18,11,0.0097,0.0363
108,2025-11-27 12:00,7.74,90.78,2.19,216.28,7.5,吝备,25,21,0.0109,0.0369
108,2025-11-27 13:00,8.41,86.8,2.69,225.57,7.74,吝备,40,29,0.0182,0.0309
108,2025-11-27 14:00,6.73,87.32,3.58,262.46,9.7,吝备,36,19,0.035,0.0121
108,2025-11-27 15:00,6.51,86.18,2.85,249.42,10,吝备,25,11,0.0295,0.0169
108,2025-11-27 16:00,6.79,79.69,4.26,256.12,10,吝备,32,12,0.0316,0.0129
108,2025-11-27 17:00,6.26,69.35,4.32,272.13,10,吝备,40,18,0.0338,0.0105
108,2025-11-27 18:00,5.33,67.48,3.95,266.66,10,吝备,48,27,0.0316,0.0117
108,2025-11-27 19:00,4.69,69.51,3.57,259.63,10,吝备,49,25,0.0274,0.014
108,2025-11-27 20:00,4.74,70.34,4.21,268.14,10,吝备,47,23,0.0279,0.0101
108,2025-11-27 21:00,4.2,66.87,4.17,267.98,10,吝备,35,19,0.028,0.0081
108,2025-11-27 22:00,3.32,64.75,3.92,263.52,10,吝备,24,16,0.0273,0.0078
108,2025-11-27 23:00,2.69,64.48,3.99,258.37,10,吝备,21,14,0.027,0.0077
108,2025-11-28 0:00,2.21,67.88,3.06,273.25,0.17,吝备,22,14,0.0251,0.0083
108,2025-11-28 1:00,1.72,67.84,2.63,296.8,0,吝备,21,15,0.0265,0.0058
108,2025-11-28 2:00,1.05,68.94,2.78,311.59,0,吝备,23,16,0.0241,0.0053
108,2025-11-28 3:00,0.4,70.2,2.57,318.42,0,吝备,24,17,0.0236,0.0052
108,2025-11-28 4:00,-0.16,71.24,1.17,318.17,0,吝备,21,17,0.0218,0.0068
108,2025-11-28 5:00,-0.53,71.23,1.79,317.41,0,吝备,22,15,0.0213,0.007
108,2025-11-28 6:00,-0.8,69.45,1.85,310.22,0,吝备,23,15,0.0175,0.0113
108,2025-11-28 7:00,-1.19,70.95,1.45,318.07,0,吝备,23,16,0.0129,0.0175
108,2025-11-28 8:00,-0.9,71.06,1.76,301.4,0,吝备,21,18,0.0137,0.0164
108,2025-11-28 9:00,0.53,62.67,2.38,284.65,0,吝备,24,15,0.0183,0.0131
108,2025-11-28 10:00,2.81,53.12,1.68,230.56,0,吝备,24,17,0.0194,0.014
108,2025-11-28 11:00,4.45,43.01,1.55,258.33,0,吝备,18,11,0.0222,0.0132
108,2025-11-28 12:00,5.57,40.37,1.99,266.58,0,吝备,16,9,0.0213,0.0145
108,2025-11-28 13:00,6.54,34.86,2.81,265.81,0,吝备,24,13,0.0284,0.0109
108,2025-11-28 14:00,6.55,34.89,2.74,280.58,0,吝备,23,11,0.0273,0.013
108,2025-11-28 15:00,6.68,35.75,2.14,302.41,0,吝备,22,12,0.0307,0.0122
108,2025-11-28 16:00,5.99,38.97,1.95,287.91,0,吝备,21,11,0.0337,0.0098
108,2025-11-28 17:00,4.81,42.49,1.08,311.87,0,吝备,18,10,0.0313,0.0132
108,2025-11-28 18:00,3.69,47.87,0.62,282.31,0,吝备,23,15,0.0211,0.0224
108,2025-11-28 19:00,2.9,52.12,1.19,338.74,0,吝备,26,15,0.011,0.0322
108,2025-11-28 20:00,2.12,55.1,1.78,30,0,吝备,30,19,0.0022,0.0409
108,2025-11-28 21:00,1.62,58.93,2.26,34.74,0,吝备,30,18,,0.0454
108,2025-11-28 22:00,1.32,60.95,1.98,42.66,0,吝备,29,20,,0.0452
108,2025-11-28 23:00,0.99,62.73,1.86,36.37,0,吝备,27,16,,0.0433
108,2025-11-29 0:00,0.85,63.78,2.62,46.71,0,吝备,26,16,,0.0424
108,2025-11-29 1:00,0.78,61.32,2.66,51.53,0,吝备,23,13,0.006,0.0312
108,2025-11-29 2:00,0.56,60.65,2.07,66.35,0,吝备,24,15,0.0062,0.0295
108,2025-11-29 3:00,0.6,61.51,2.63,54.51,0,吝备,23,13,0.0096,0.0272
108,2025-11-29 4:00,0.61,61.53,2.06,63.23,0,吝备,25,15,0.0069,0.0305
108,2025-11-29 5:00,0.49,61.65,2.16,60.66,0,吝备,22,13,0.0082,0.0281
108,2025-11-29 6:00,0.36,63.3,2.51,54.66,0,吝备,25,14,0.0035,0.0324
108,2025-11-29 7:00,0.33,62.85,2.46,59.46,0,吝备,23,14,0.0038,0.0329
108,2025-11-29 8:00,1.03,60.34,2.48,56.77,0,吝备,26,13,0.0063,0.0293
108,2025-11-29 9:00,2.97,54.81,2.31,71.2,0,吝备,29,15,0.008,0.0312
108,2025-11-29 10:00,4.92,49.34,2.42,68.32,0,吝备,34,19,0.0098,0.0312
108,2025-11-29 11:00,6.31,46.01,2.71,60.79,0,吝备,32,17,0.0127,0.0294
108,2025-11-29 12:00,7.21,44.04,2.46,56.88,0,吝备,34,20,0.0126,0.0315
108,2025-11-29 13:00,8.27,43.46,2.62,61.09,0,吝备,27,16,0.0161,0.029
108,2025-11-29 14:00,8.96,45.08,2.42,50.97,0,吝备,31,17,0.0144,0.0324
108,2025-11-29 15:00,8.97,47.15,2.89,43.72,0,吝备,31,17,0.0126,0.0347
108,2025-11-29 16:00,8.8,49.29,2.77,52.14,0,吝备,32,17,0.0086,0.0379
108,2025-11-29 17:00,8.6,52.14,2.46,51.35,0,吝备,32,18,0.006,0.0406
108,2025-11-29 18:00,8.53,53.9,2.4,44.41,0,吝备,35,22,0.006,0.0415
108,2025-11-29 19:00,8.61,55.21,2.09,55.75,0,吝备,36,23,0.0062,0.0412
108,2025-11-29 20:00,8.7,56.07,1.6,41.09,0,吝备,36,22,0.0067,0.0408
108,2025-11-29 21:00,8.84,59.42,1.19,42.65,0,吝备,37,24,0.0056,0.0433
108,2025-11-29 22:00,9.05,64.88,1.31,34.48,0.09,吝备,37,22,0.0049,0.0426
108,2025-11-29 23:00,9.24,68.05,1.25,13.27,0.1,吝备,34,20,0.0044,0.0429
108,2025-11-30 0:00,9.19,69.02,0.89,32.89,0,吝备,38,20,0.0044,0.0412
108,2025-11-30 1:00,9.4,71.73,0.77,51.08,0,吝备,34,19,0.0042,0.04
108,2025-11-30 2:00,9.82,79.32,0.4,188.68,0,吝备,34,20,0.0045,0.0404
108,2025-11-30 3:00,10.12,84.53,0.42,65.64,0,吝备,39,18,0.0044,0.0414
108,2025-11-30 4:00,10.62,89.7,1.48,244.72,0,吝备,44,20,0.0044,0.0421
108,2025-11-30 5:00,10.65,88.88,0.92,218.21,0,吝备,52,17,0.0048,0.0411
108,2025-11-30 6:00,10.29,89.12,0.55,190.76,0,吝备,53,20,0.0046,0.0415
108,2025-11-30 7:00,10.09,88.09,0.97,14.24,0,吝备,55,19,0.0045,0.0408
108,2025-11-30 8:00,9.87,87.84,1.18,32.71,0,吝备,61,22,0.0054,0.0443
108,2025-11-30 9:00,10.74,88.32,1.4,29.21,0,吝备,70,26,0.0064,0.0466
108,2025-11-30 10:00,12.83,82.39,1.44,110.37,0,吝备,92,34,0.023,0.0321
108,2025-11-30 11:00,13.68,76.71,2.13,208.69,0,吝备,107,29,0.0405,0.0171
108,2025-11-30 12:00,14.89,69.75,2.81,186.95,0,吝备,109,33,0.0461,0.0147
108,2025-11-30 13:00,15.51,63.48,2.86,193.06,0,吝备,108,39,0.05,0.0161
108,2025-11-30 14:00,15.92,60.37,3.22,192.69,0,吝备,112,44,0.0525,0.0146
108,2025-11-30 15:00,15.77,60.55,3.2,200.23,0,吝备,114,44,0.0559,0.014
108,2025-11-30 16:00,15.27,62.78,2.68,197.18,0,吝备,110,39,0.0599,0.0141
108,2025-11-30 17:00,14.33,68.2,1.85,217.84,0,吝备,102,34,0.0544,0.0203
108,2025-11-30 18:00,13.6,72.78,2.62,196.26,0,吝备,101,35,0.0551,0.0181
108,2025-11-30 19:00,13.3,78.91,2.67,220.42,0,吝备,90,26,0.053,0.0171
108,2025-11-30 20:00,13.08,82.74,2.89,202.7,0,吝备,91,26,0.0497,0.0153
108,2025-11-30 21:00,12.7,85.7,2.95,197.49,0,吝备,86,24,0.0472,0.0155
108,2025-11-30 22:00,12.6,86.49,2.77,204.18,0,吝备,89,26,0.0464,0.0169
108,2025-11-30 23:00,12.5,86.08,2.64,231.47,0,吝备,95,32,0.0462,0.0167
108,2025-12-01 0:00,11.82,81.86,2.92,250.51,0,吝备,128,56,0.0527,0.0129
108,2025-12-01 1:00,10.61,75.99,4.58,277.66,0,吝备,150,77,0.0444,0.0088
108,2025-12-01 2:00,8.37,54.78,3.59,284.58,0,吝备,109,43,0.0355,0.0072
108,2025-12-01 3:00,7.08,51.38,2.79,276.2,0,吝备,71,23,0.0353,0.0071
108,2025-12-01 4:00,5.93,51.54,2.5,279.29,0,吝备,56,15,0.0334,0.0083
108,2025-12-01 5:00,5.13,52.81,2.71,264.33,0,吝备,43,10,0.0301,0.0108
108,2025-12-01 6:00,4.53,62.74,2.76,269.94,0,吝备,44,13,0.0231,0.016
108,2025-12-01 7:00,3.99,63.68,2.9,297.15,0,吝备,46,15,0.0225,0.0149
108,2025-12-01 8:00,3.73,63.6,3.63,309.92,0,吝备,41,13,0.0227,0.0136
108,2025-12-01 9:00,4.08,64.17,3.56,305.02,0,吝备,41,17,0.0251,0.0086
108,2025-12-01 10:00,5.15,60,3.04,293.89,0,吝备,45,24,0.0233,0.0109
108,2025-12-01 11:00,6.44,54.15,3.09,286.05,0,吝备,43,22,0.0259,0.0109
108,2025-12-01 12:00,7.43,48.49,2.8,287.94,0,吝备,41,19,0.0302,0.0105
108,2025-12-01 13:00,8.56,43.41,3.19,263.29,0,吝备,41,19,0.0317,0.0118
108,2025-12-01 14:00,8.82,34.38,3.15,281.44,0,吝备,33,15,0.0341,0.011
108,2025-12-01 15:00,8.88,38.43,3.15,263.32,0,吝备,30,15,0.0322,0.0126
108,2025-12-01 16:00,7.78,35.7,2.99,283.67,0,吝备,30,14,0.0337,0.0095
108,2025-12-01 17:00,6.36,41.53,2.34,313.77,0,吝备,23,11,0.033,0.0094
108,2025-12-01 18:00,5.46,48.71,2.09,288.83,0,吝备,27,15,0.0258,0.017
108,2025-12-01 19:00,4.78,54.25,2.24,275.19,0,吝备,28,15,0.0201,0.023
108,2025-12-01 20:00,4.43,55.88,2.31,265.61,0,吝备,27,18,0.0186,0.0236
108,2025-12-01 21:00,4.15,50.55,3.69,312.96,0,吝备,22,12,0.023,0.0147
108,2025-12-01 22:00,3.29,44.29,4.22,319.75,0,吝备,20,14,0.0245,0.0094
108,2025-12-01 23:00,2.6,43.94,3.87,314.65,0,吝备,17,9,0.027,0.0059
108,2025-12-02 0:00,2.19,43.67,2.11,316.61,0,吝备,15,8,0.0289,0.0048
108,2025-12-02 1:00,2.28,49.21,1.71,309.02,0,吝备,13,6,0.0291,0.0051
108,2025-12-02 2:00,2.45,51.96,1.54,317.02,0,吝备,15,7,0.0285,0.0052
108,2025-12-02 3:00,2.3,53.13,1.1,296.53,0,吝备,14,7,0.027,0.007
108,2025-12-02 4:00,2.06,53.41,1.65,287.7,0,吝备,14,6,0.0262,0.0073
108,2025-12-02 5:00,1.63,53.46,3.04,314.39,0,吝备,15,7,0.0257,0.0067
108,2025-12-02 6:00,1.01,51.99,3.43,319.18,0,吝备,19,11,0.0226,0.0091
108,2025-12-02 7:00,0.54,41.02,2.41,325.28,0,吝备,20,10,0.0204,0.0142
108,2025-12-02 8:00,0.54,37.12,3.09,313.12,0,吝备,17,8,0.0253,0.0105
108,2025-12-02 9:00,1.06,34.82,3.52,316.86,0,吝备,18,9,0.0269,0.0084
108,2025-12-02 10:00,1.91,27.59,3.16,303.29,0,吝备,22,,0.031,0.0075
108,2025-12-02 11:00,2.61,27.65,3.67,292.28,0,吝备,20,13,0.0327,0.0086
108,2025-12-02 12:00,2.88,26.14,4.06,288.6,0,吝备,21,14,0.0359,0.0066
108,2025-12-02 13:00,2.74,26.9,4.92,292.24,0,吝备,25,8,0.0371,0.0064
108,2025-12-02 14:00,2.94,26.72,3.96,285.22,0,吝备,26,7,0.0383,0.0065
108,2025-12-02 15:00,2.36,30.08,4.3,277.61,0,吝备,23,6,0.0355,0.0094
108,2025-12-02 16:00,1.05,31.04,4.4,292.95,0,吝备,22,7,0.0368,0.0075
108,2025-12-02 17:00,-0.12,32.23,3.68,275.1,0,吝备,19,6,0.0339,0.0105
108,2025-12-02 18:00,-0.97,32.75,3.17,276.17,0,吝备,14,6,0.0335,0.0107
108,2025-12-02 19:00,-1.8,34.65,3.83,280.5,0,吝备,15,5,0.0328,0.0109
108,2025-12-02 20:00,-2.69,38.6,4.09,295.84,0,吝备,15,6,0.0313,0.0085
108,2025-12-02 21:00,-4.05,45.99,4.61,304.64,0,吝备,15,6,0.0286,0.0066
108,2025-12-02 22:00,-4.76,53.92,3.85,296.64,0,吝备,16,10,0.0252,0.007
108,2025-12-02 23:00,-5.17,57.77,4.25,297.59,0,吝备,15,8,0.0257,0.0062
108,2025-12-03 0:00,-5.54,59.32,3.08,301.51,0,吝备,21,10,0.0258,0.0057
108,2025-12-03 1:00,-5.92,61.26,3.33,314.95,0,吝备,17,9,0.0256,0.0052
108,2025-12-03 2:00,-6.02,49.02,4,309.96,0,吝备,17,10,0.0261,0.0049
108,2025-12-03 3:00,-6.55,43.67,2.72,326.9,0,吝备,15,5,0.0259,0.0053
108,2025-12-03 4:00,-7.13,40.46,2.79,342.4,0,吝备,17,5,0.0262,0.0052
108,2025-12-03 5:00,-7.52,37.58,1.87,329.62,0,吝备,15,6,0.0251,0.0067
108,2025-12-03 6:00,-7.72,34.51,1.38,323.9,0,吝备,17,7,0.022,0.0108
108,2025-12-03 7:00,-7.37,32.46,2.13,315.36,0,吝备,14,5,0.0242,0.0086
108,2025-12-03 8:00,-6.95,30.57,2.76,321.75,0,吝备,16,6,0.0254,0.0078
108,2025-12-03 9:00,-6.14,29.64,2.67,342.41,0,吝备,16,5,0.0261,0.0068
108,2025-12-03 10:00,-5.42,29,2.72,288.15,0,吝备,18,7,0.0265,0.007
108,2025-12-03 11:00,-4.6,30.6,3.42,291.96,0,吝备,17,7,0.0262,0.0073
108,2025-12-03 12:00,-4.29,30.86,4.3,290.35,0,吝备,20,7,0.0295,0.0056
108,2025-12-03 13:00,-3.56,32.2,3.96,289.97,0,吝备,26,11,0.0297,0.0058
108,2025-12-03 14:00,-3.09,34.69,4.53,272.12,0,吝备,27,11,0.0298,0.0065
108,2025-12-03 15:00,-3.14,37.93,4.6,277.68,0,吝备,27,12,0.028,0.0082
108,2025-12-03 16:00,-3.7,42.06,4.08,281.54,0,吝备,30,14,0.0256,0.01
108,2025-12-03 17:00,-4.37,47.02,4.14,274.93,0,吝备,26,12,0.0232,0.0121
108,2025-12-03 18:00,-5.12,48.79,4.22,290.47,0,吝备,20,11,0.0246,0.0089
108,2025-12-03 19:00,-5.94,51.07,3.42,285.03,0,吝备,19,8,0.0235,0.0092
108,2025-12-03 20:00,-6.47,52.79,3.96,276.66,0,吝备,18,10,0.0241,0.0084
108,2025-12-03 21:00,-6.77,52.97,3.26,292.83,0,吝备,18,9,0.0241,0.0077
108,2025-12-03 22:00,-7.31,51.3,2.56,334.12,0,吝备,19,10,0.0238,0.0084
108,2025-12-03 23:00,-7.74,50.7,1.74,329.41,0,吝备,18,9,0.0241,0.0073
108,2025-12-04 0:00,-8.46,51.96,1.57,46.36,0,吝备,17,9,0.0236,0.0073
108,2025-12-04 1:00,-8.6,45.26,1.68,349.17,0,吝备,14,7,0.0247,0.0063
108,2025-12-04 2:00,-8.78,42.66,1.61,325.08,0,吝备,13,8,0.025,0.0063
108,2025-12-04 3:00,-8.56,38.34,2.12,302.04,0,吝备,14,5,0.0252,0.006
108,2025-12-04 4:00,-8.59,37.56,2.08,292.55,0,吝备,13,8,0.024,0.0071
108,2025-12-04 5:00,-8.89,38.19,1.35,314.05,0,吝备,14,6,0.0234,0.0074
108,2025-12-04 6:00,-9.27,41.43,1.5,258.18,0,吝备,16,10,0.0204,0.0104
108,2025-12-04 7:00,-9.12,44.42,1.59,354.4,0,吝备,19,7,0.0196,0.0109
108,2025-12-04 8:00,-8.84,45.87,2.18,31.88,0,吝备,24,6,0.0062,0.027
108,2025-12-04 9:00,-6.42,44.97,2.19,53.24,0,吝备,24,10,0.0044,0.0323
108,2025-12-04 10:00,-4.15,39.01,1.66,3.06,0,吝备,32,16,0.0057,0.033
108,2025-12-04 11:00,-2,32.95,1.53,179.07,0,吝备,29,15,0.0056,0.0343
108,2025-12-04 12:00,0.2,29.04,2.19,177.41,0,吝备,31,15,0.0104,0.0291
108,2025-12-04 13:00,1.44,24.66,1.84,205.12,0,吝备,27,13,0.0127,0.0293
108,2025-12-04 14:00,2.65,22.95,2.4,200.56,0,吝备,21,9,0.0167,0.0262
108,2025-12-04 15:00,3.36,28.82,2.53,186.24,0,吝备,17,7,0.0191,0.0243
108,2025-12-04 16:00,2.53,35.74,2.76,190.99,0,吝备,21,7,0.0116,0.0334
108,2025-12-04 17:00,1.78,53.17,3.04,176.26,0,吝备,29,15,0.0114,0.0349
108,2025-12-04 18:00,0.95,73.17,2.39,187.05,0.24,吝备,41,23,0.01,0.0351
108,2025-12-04 19:00,0.44,87.02,1.22,249.58,3.17,吝备,30,19,0.0081,0.0334
108,2025-12-04 20:00,0.48,85.69,2.62,272.08,4,吝备,23,18,0.0144,0.0265
108,2025-12-04 21:00,-0.84,79.09,4.06,279.2,4,吝备,23,16,0.0238,0.0142
108,2025-12-04 22:00,-2.33,72.06,5.44,278.73,4,吝备,34,20,0.0247,0.0103
108,2025-12-04 23:00,-3.42,72.14,3.89,283.3,4,吝备,33,22,0.0222,0.011
108,2025-12-05 0:00,-4.23,67.98,3.47,282.63,0.07,吝备,32,22,0.0224,0.0101
108,2025-12-05 1:00,-4.83,65.88,2.42,273.39,0,吝备,26,18,0.0214,0.011
108,2025-12-05 2:00,-5.33,64.82,2.15,257.5,0,吝备,26,18,0.0213,0.0114
108,2025-12-05 3:00,-5.49,64.21,2.65,258.23,0,吝备,28,18,0.0209,0.0114
108,2025-12-05 4:00,-5.6,63.23,2.61,252.85,0,吝备,32,20,0.0192,0.0122
108,2025-12-05 5:00,-6.03,63.7,1.46,335.79,0,吝备,32,18,0.0161,0.0162
108,2025-12-05 6:00,-6.63,65.95,0.79,331.58,0,吝备,33,18,0.0179,0.0143
108,2025-12-05 7:00,-6.81,66.15,1.09,314.28,0,吝备,29,17,0.0139,0.0204
108,2025-12-05 8:00,-6.52,62.53,1.47,32.77,0,吝备,31,16,0.0192,0.0156
108,2025-12-05 9:00,-4.93,55.98,1.57,304.25,0,吝备,27,13,0.0248,0.0111
108,2025-12-05 10:00,-2.92,49.27,1.92,285.86,0,吝备,32,18,0.0223,0.0155
108,2025-12-05 11:00,-1.37,44.61,2.13,261.16,0,吝备,29,13,0.0214,0.0171
108,2025-12-05 12:00,-0.31,41.97,1.71,270.83,0,吝备,23,11,0.0196,0.0186
108,2025-12-05 13:00,0.65,37.89,2.43,280.23,0,吝备,28,14,0.0247,0.0124
108,2025-12-05 14:00,1.57,36.93,2.02,282.74,0,吝备,22,13,0.024,0.0135
108,2025-12-05 15:00,2.15,36.51,1.75,274.8,0,吝备,,,,
108,2025-12-05 16:00,1.44,38.24,2.04,285.39,0,吝备,,,,
108,2025-12-05 17:00,0.33,42.08,1.09,336.02,0,吝备,19,9,0.0175,0.0183
108,2025-12-05 18:00,-0.49,48.52,0.68,339.42,0,吝备,22,12,0.0085,0.0334
108,2025-12-05 19:00,-1.2,51.11,1.23,21.08,0,吝备,25,17,0.0047,0.0401
108,2025-12-05 20:00,-1.85,53.7,1.22,35.72,0,吝备,28,20,0.0037,0.0414
108,2025-12-05 21:00,-1.75,57.63,1.83,35.52,0,吝备,25,17,0.0037,0.0439
108,2025-12-05 22:00,-1.62,60.56,2.12,38.86,0,吝备,33,21,0.0043,0.0469
108,2025-12-05 23:00,-2.02,62.48,1.93,38.37,0,吝备,29,18,0.004,0.0455
108,2025-12-06 0:00,-1.73,63.94,2.6,36.44,0,吝备,28,19,0.0035,0.0443
108,2025-12-06 1:00,-1.2,63.25,2.43,44.3,0,吝备,24,15,0.0029,0.0423
108,2025-12-06 2:00,-0.92,62.71,2.48,43.65,0,吝备,24,18,0.0022,0.0397
108,2025-12-06 3:00,-0.71,60.98,2.08,53.45,0,吝备,22,13,0.0019,0.0361
108,2025-12-06 4:00,-0.6,61.01,2.06,56.73,0,吝备,22,15,0.0021,0.0358
108,2025-12-06 5:00,-0.75,61.9,2.44,48.37,0,吝备,21,14,0.0017,0.0347
108,2025-12-06 6:00,-0.72,63.57,2.46,52.44,0,吝备,24,15,0.0026,0.0349
108,2025-12-06 7:00,-0.73,64.11,2.37,53.38,0,吝备,23,15,0.0027,0.0349
108,2025-12-06 8:00,-0.61,63.95,2.13,56.14,0,吝备,29,17,0.0044,0.0343
108,2025-12-06 9:00,0.57,62.43,2.47,58.5,0,吝备,29,19,0.0065,0.0331
108,2025-12-06 10:00,2.01,59.68,2.3,56.25,0,吝备,35,20,0.0101,0.0347
108,2025-12-06 11:00,2.58,60.38,2.4,45.6,0,吝备,30,19,0.0111,0.0338
108,2025-12-06 12:00,3.07,61.21,2.41,44.4,0,吝备,30,18,0.0122,0.0368
108,2025-12-06 13:00,3.5,62.34,2.56,41.34,0,吝备,31,21,0.0121,0.0377
108,2025-12-06 14:00,3.93,62.41,2.41,43.21,0,吝备,36,22,0.0117,0.0429
108,2025-12-06 15:00,4.22,63.7,1.79,46.25,0,吝备,34,22,0.0104,0.0433
108,2025-12-06 16:00,4.22,78.04,2.18,38.86,0.44,吝备,35,22,0.0096,0.0433
108,2025-12-06 17:00,4.22,82.33,1.78,58.17,0.53,吝备,31,22,0.0108,0.0432
108,2025-12-06 18:00,3.95,82.66,1.55,47.89,0.6,吝备,39,29,0.0125,0.0427
108,2025-12-06 19:00,3.79,83.81,1.55,31.75,0.6,吝备,44,34,0.0134,0.0433
108,2025-12-06 20:00,3.63,85.07,1.39,26.73,0.6,吝备,44,34,0.0129,0.0431
108,2025-12-06 21:00,3.81,85.82,0.99,34.3,0.6,吝备,39,29,0.0115,0.0408
108,2025-12-06 22:00,4,85.78,1.01,38.63,0.6,吝备,38,26,0.0111,0.0403
108,2025-12-06 23:00,3.87,86.88,0.88,55.3,0.6,吝备,35,25,0.0115,0.0403
108,2025-12-07 0:00,4.13,88.92,0.84,214.43,0.01,吝备,37,28,0.0114,0.041
108,2025-12-07 1:00,4.89,92.72,1.75,241.19,0,吝备,35,26,0.0112,0.0409
108,2025-12-07 2:00,5.41,90.32,1.71,258.64,0,吝备,49,31,0.0123,0.0424
108,2025-12-07 3:00,5.08,89.73,1.37,244.13,0,吝备,59,39,0.0118,0.042
108,2025-12-07 4:00,4.98,90.33,1.29,253.89,0,吝备,66,44,0.013,0.0387
108,2025-12-07 5:00,4.47,90.33,0.46,315.22,0,吝备,59,42,0.0121,0.04
108,2025-12-07 6:00,4.09,91.01,0.82,357.84,0,吝备,64,46,0.0128,0.0388
108,2025-12-07 7:00,3.62,92.07,1.21,24.15,0,吝备,72,50,0.0128,0.0386
108,2025-12-07 8:00,3.47,93.51,1.25,35.4,0,吝备,79,52,0.0141,0.0434
108,2025-12-07 9:00,4.53,94.44,1.32,44.21,0,吝备,76,56,0.0158,0.0508
108,2025-12-07 10:00,6.72,89.06,1.32,32.25,0,吝备,90,68,0.0189,0.0536
108,2025-12-07 11:00,9.74,74.74,1.43,143.37,0,吝备,94,73,0.0229,0.0516
108,2025-12-07 12:00,12.06,59.73,2.35,184.76,0,吝备,78,54,0.0394,0.0272
108,2025-12-07 13:00,13.08,54.77,3.44,195.73,0,吝备,80,52,0.0563,0.0179
108,2025-12-07 14:00,13.15,57.85,3.73,210.98,0,吝备,84,52,0.0634,0.0127
108,2025-12-07 15:00,12.55,66.48,3.31,214.7,0,吝备,81,49,0.0644,0.0139
108,2025-12-07 16:00,12.21,68.44,3.2,210.53,0,吝备,96,59,0.063,0.0159
108,2025-12-07 17:00,11.75,71.33,2.86,215.04,0,吝备,101,67,0.0576,0.0211
108,2025-12-07 18:00,11.35,75.86,2.85,202.82,0,吝备,105,74,0.0544,0.0232
108,2025-12-07 19:00,11.08,79.9,2.52,225.11,0,吝备,110,76,0.0583,0.0206
108,2025-12-07 20:00,10.59,80.3,2.93,241.81,0,吝备,134,97,0.0644,0.0195
108,2025-12-07 21:00,9.6,82.28,2.87,249.74,,吝备,145,109,0.0578,0.0185
108,2025-12-07 22:00,8.62,77.61,3.09,254.84,,吝备,135,101,0.0509,0.0161
108,2025-12-07 23:00,7.76,67.39,3.35,274.04,,吝备,102,75,0.0479,0.0118
108,2025-12-08 0:00,6.71,55.24,2.58,285.27,0,吝备,79,56,0.044,0.0103
108,2025-12-08 1:00,5.79,52.03,1.79,307.04,0,吝备,58,36,0.0422,0.01
108,2025-12-08 2:00,4.8,56.12,1.3,318.66,,吝备,61,37,0.0386,0.0122
108,2025-12-08 3:00,4.01,57.39,1.33,259.66,,吝备,57,36,0.0363,0.0129
108,2025-12-08 4:00,3.06,58.22,1.36,221.53,,吝备,57,35,0.0307,0.0168
108,2025-12-08 5:00,2.75,57.44,1.29,273.18,,吝备,51,31,0.028,0.0183
108,2025-12-08 6:00,2.12,57.77,1.58,288.25,,吝备,54,29,0.0237,0.0205
108,2025-12-08 7:00,1.56,59.1,1.55,299.1,,吝备,43,24,0.0145,0.0261
108,2025-12-08 8:00,1.34,59.82,2.19,297.31,,吝备,43,23,0.0188,0.021
108,2025-12-08 9:00,2.44,52.7,3.99,311.76,,吝备,38,18,0.0246,0.0119
108,2025-12-08 10:00,3.23,47.83,3.22,300.04,,吝备,39,18,0.024,0.014
108,2025-12-08 11:00,4.34,41.78,2.83,287.26,,吝备,36,14,0.026,0.0119
108,2025-12-08 12:00,5.28,36.99,2.73,288.99,,吝备,29,13,0.0279,0.0102
108,2025-12-08 13:00,6.23,34.92,2.64,283.32,,吝备,30,13,0.0254,0.0134
108,2025-12-08 14:00,6.78,31.7,2.64,280.81,,吝备,30,13,0.0282,0.0106
108,2025-12-08 15:00,6.92,31.57,3.05,257.67,,吝备,23,8,0.024,0.0131
108,2025-12-08 16:00,5.8,30.76,3.09,268.84,,吝备,22,9,0.0251,0.0102
108,2025-12-08 17:00,4.21,33.62,2.4,268.27,,吝备,16,6,0.0227,0.0126
108,2025-12-08 18:00,3.26,36.89,2.06,256.87,,吝备,16,6,0.0173,0.0178
108,2025-12-08 19:00,2.57,42.27,1.82,247.56,,吝备,17,8,0.0133,0.0235
108,2025-12-08 20:00,2.02,44.59,1.56,324.76,,吝备,18,6,0.0126,0.0225
108,2025-12-08 21:00,1.55,40.62,1.82,319.73,,吝备,14,7,0.0151,0.0179
108,2025-12-08 22:00,1.46,36.58,2.62,322.09,,吝备,10,4,0.0233,0.0086
108,2025-12-08 23:00,1.18,40.01,2.83,319.42,,吝备,8,6,0.0235,0.0088
108,2025-12-09 0:00,0.39,44.54,1.64,298.3,0,吝备,14,6,0.0194,0.0137
108,2025-12-09 1:00,-0.41,49.14,1.5,265.2,0,吝备,13,8,0.0199,0.0139
108,2025-12-09 2:00,-0.97,53.11,1.14,339.34,0,吝备,24,22,0.0168,0.0175
108,2025-12-09 3:00,-1.52,55.24,1.9,41.82,0,吝备,31,24,0.011,0.0218
108,2025-12-09 4:00,-1.68,58.52,1.4,58.27,0,吝备,18,12,0.013,0.0204
108,2025-12-09 5:00,-1.7,60.59,1.61,38.39,0,吝备,13,9,0.0082,0.0251
108,2025-12-09 6:00,-1.96,64.33,2.12,26.07,0,吝备,15,8,0.0013,0.0336
108,2025-12-09 7:00,-2.26,66.67,2.32,30.1,0,吝备,16,9,0.0002,0.0378
108,2025-12-09 8:00,-1.7,67.02,2.1,41.92,0,吝备,21,12,0.0021,0.0406
108,2025-12-09 9:00,0.75,60.61,1.96,43.39,0,吝备,22,12,0.0062,0.0345
108,2025-12-09 10:00,3.46,50.45,1.56,61.55,0,吝备,22,15,0.0074,0.0347
108,2025-12-09 11:00,4.7,47.97,2.19,51.55,0,吝备,23,15,0.0083,0.0347
108,2025-12-09 12:00,5.6,46.52,1.77,46.91,0,吝备,27,17,0.0118,0.0335
108,2025-12-09 13:00,7.75,47.24,2.02,176.07,0,吝备,29,16,0.0193,0.0274
108,2025-12-09 14:00,8.23,47.71,2.56,248.65,0,吝备,31,17,0.0274,0.0252
108,2025-12-09 15:00,8.04,50.36,2.94,262.56,0,吝备,26,14,0.0348,0.0163
108,2025-12-09 16:00,7.49,52.38,2.44,252.04,0,吝备,25,12,0.0342,0.0194
108,2025-12-09 17:00,6.64,57.03,1.8,251.39,0,吝备,27,14,0.0244,0.0285
108,2025-12-09 18:00,5.88,58.16,1.44,247.76,0,吝备,27,14,0.0155,0.0355
108,2025-12-09 19:00,5.03,60.11,1.03,266.74,0,吝备,25,13,0.0069,0.043
108,2025-12-09 20:00,4.4,64.43,0.81,300.3,0,吝备,28,15,0.0065,0.0443
108,2025-12-09 21:00,3.85,67.92,0.49,308.16,0,吝备,30,16,0.0042,0.0457
108,2025-12-09 22:00,3.31,70.04,0.76,18.05,0,吝备,29,15,0.0062,0.0414
108,2025-12-09 23:00,2.93,72.19,0.59,347.64,0,吝备,27,14,0.0045,0.0447
108,2025-12-10 0:00,2.63,73.34,1.07,31.86,0,吝备,27,16,0.0044,0.0442
108,2025-12-10 1:00,2.03,76.91,1.77,30.73,0,吝备,28,16,0.0058,0.0482
108,2025-12-10 2:00,1.91,78.85,1.53,35.26,0,吝备,29,18,0.0053,0.0466
108,2025-12-10 3:00,1.82,79.19,1.7,39.79,0,吝备,27,17,0.0051,0.0464
108,2025-12-10 4:00,1.32,80.39,1.71,40.8,0,吝备,31,19,0.0057,0.0413
108,2025-12-10 5:00,0.88,82.03,1.85,37.53,0,吝备,29,18,0.0062,0.0407
108,2025-12-10 6:00,0.77,84.26,1.79,43.27,0,吝备,31,18,0.0066,0.0406
108,2025-12-10 7:00,0.91,84.95,2.43,51.05,0,吝备,33,22,0.0065,0.0397
108,2025-12-10 8:00,1.72,82.85,2.74,51.42,0,吝备,36,23,0.0072,0.037
108,2025-12-10 9:00,2.88,77.27,3.11,50.05,0,吝备,40,26,0.0096,0.0347
108,2025-12-10 10:00,4.11,71.92,2.88,50.38,0,吝备,44,30,0.012,0.0352
108,2025-12-10 11:00,5.28,67.59,2.42,49.16,0,吝备,47,31,0.0141,0.038
108,2025-12-10 12:00,6.16,65.27,2.22,47.62,0,吝备,51,36,0.0145,0.039
108,2025-12-10 13:00,7.14,62.83,2.19,47.82,0,吝备,50,34,0.0155,0.0401
108,2025-12-10 14:00,8.39,59.79,1.99,50.41,0,吝备,50,32,0.0166,0.0404
108,2025-12-10 15:00,8.47,59.68,1.71,41.81,0,吝备,52,31,0.0137,0.0441
108,2025-12-10 16:00,8.25,60.71,1.81,44.88,0,吝备,55,32,0.0112,0.0472
108,2025-12-10 17:00,7.62,62.56,1.93,36.68,0,吝备,56,33,0.0118,0.0489
108,2025-12-10 18:00,7.48,64.56,1.53,26.89,0,吝备,61,38,0.0136,0.0502
108,2025-12-10 19:00,7.49,65.73,1.43,16.98,0,吝备,63,42,0.0137,0.0504
108,2025-12-10 20:00,7.23,70.68,1.4,27.71,0,吝备,62,38,0.0119,0.0491
108,2025-12-10 21:00,6.76,72.63,1.24,358.09,0,吝备,59,35,0.0131,0.0522
108,2025-12-10 22:00,6.11,75.22,0.83,16.6,0,吝备,60,35,0.0117,0.049
108,2025-12-10 23:00,5.24,78.52,1.43,31.11,0,吝备,57,33,0.0129,0.0502
108,2025-12-11 0:00,4.84,79.39,1.2,45.75,0,吝备,57,37,0.0118,0.0458
108,2025-12-11 1:00,5.05,79.71,1.84,50.74,0,吝备,53,32,0.0124,0.0452
108,2025-12-11 2:00,5.24,80.25,0.99,35.31,0.4,吝备,57,38,0.0118,0.0406
108,2025-12-11 3:00,5.21,87.85,1.42,42.88,3.18,吝备,55,35,0.0117,0.0394
108,2025-12-11 4:00,5.19,91.45,1.96,42.24,4.92,吝备,49,35,0.0128,0.0387
108,2025-12-11 5:00,5.24,92.88,1.2,52.15,9.48,吝备,46,33,0.0127,0.0369
108,2025-12-11 6:00,5.2,93.92,1.98,39.09,12.67,吝备,43,34,0.0113,0.0381
108,2025-12-11 7:00,5.34,93.63,1.59,50.03,12.9,吝备,42,31,0.0112,0.0391
108,2025-12-11 8:00,5.72,93.31,0.92,328.06,12.9,吝备,44,33,0.0112,0.0399
108,2025-12-11 9:00,6.54,94.08,1.43,261.3,12.9,吝备,41,32,0.0119,0.0425
108,2025-12-11 10:00,7.3,93.18,1.97,257.07,12.9,吝备,42,32,0.0141,0.0399
108,2025-12-11 11:00,7.44,86.74,3.51,295.55,12.9,吝备,49,37,0.0339,0.0208
108,2025-12-11 12:00,7.42,74.92,3.8,294.06,12.9,吝备,73,56,0.0486,0.0105
108,2025-12-11 13:00,7.66,63.38,4.03,299.76,12.9,吝备,67,52,0.0473,0.0089
108,2025-12-11 14:00,8.17,52.7,3.65,275.75,12.9,吝备,42,33,0.0445,0.0102
108,2025-12-11 15:00,6.89,47.35,4.75,275.12,12.9,吝备,31,24,0.0442,0.0092
108,2025-12-11 16:00,5.13,45.68,4.34,287.82,12.9,吝备,28,21,0.0401,0.0099
108,2025-12-11 17:00,3.32,46.72,4.59,301.85,12.9,吝备,20,13,0.036,0.0104
108,2025-12-11 18:00,2.04,48.17,4.19,293.93,12.9,吝备,21,14,0.0322,0.0121
108,2025-12-11 19:00,0.93,47.44,3.34,276.64,12.9,吝备,18,12,0.0287,0.0113
108,2025-12-11 20:00,0.08,46.86,3.88,299.11,12.9,吝备,20,12,0.0281,0.0103
108,2025-12-11 21:00,-0.63,48.55,3.58,309.1,12.9,吝备,19,12,0.0266,0.0103
108,2025-12-11 22:00,-1.09,50.36,3.11,307.2,12.9,吝备,22,12,0.0248,0.012
108,2025-12-11 23:00,-1.52,49.8,2.38,288.87,12.9,吝备,20,11,0.0243,0.0119
108,2025-12-12 0:00,-2.1,51.05,1.63,286.76,0.21,吝备,23,14,0.0234,0.0125
108,2025-12-12 1:00,-2.54,53.51,1.92,283.1,0,吝备,21,12,0.0215,0.013
108,2025-12-12 2:00,-2.98,55.54,1.23,301.42,0,吝备,24,15,0.0195,0.0147
108,2025-12-12 3:00,-3.31,59,0.9,296.28,0,吝备,21,13,0.0166,0.0169
108,2025-12-12 4:00,-3.33,60.06,1.3,333.07,0,吝备,22,15,0.016,0.0166
108,2025-12-12 5:00,-3.42,60.6,1.37,272.22,0,吝备,22,14,0.0144,0.0183
108,2025-12-12 6:00,-3.36,61.43,0.71,314.97,0,吝备,23,17,0.0101,0.0249
108,2025-12-12 7:00,-3.02,62.99,1.12,11.17,0,吝备,20,12,0.0056,0.0307
108,2025-12-12 8:00,-2.67,65.05,1.24,354.34,0,吝备,23,16,0.0043,0.0339
108,2025-12-12 9:00,-0.46,60.32,1.49,65.56,0,吝备,23,12,0.0103,0.0291
108,2025-12-12 10:00,2.49,53.62,1.86,67.87,0,吝备,22,12,0.0198,0.0187
108,2025-12-12 11:00,4.1,49.62,2.61,48.79,0,吝备,16,9,0.0186,0.0212
108,2025-12-12 12:00,5.62,47.54,2.27,65.44,0,吝备,16,10,0.0191,0.0213
108,2025-12-12 13:00,6.58,46.05,2.04,57.46,0,吝备,21,12,0.0185,0.0223
108,2025-12-12 14:00,6.82,46.91,2.09,61.7,0,吝备,22,13,0.0213,0.0206
108,2025-12-12 15:00,6.77,48.08,2.1,55.31,0,吝备,16,9,0.0245,0.0169
108,2025-12-12 16:00,6.51,49.12,2.34,50.8,0,吝备,18,9,0.022,0.0199
108,2025-12-12 17:00,5.81,51.29,2.69,48.09,0,吝备,16,8,0.0165,0.0243
108,2025-12-12 18:00,5.29,52.92,2.56,55.31,0,吝备,21,12,0.0163,0.0233
108,2025-12-12 19:00,4.73,55.82,2.23,40.29,0,吝备,22,15,0.0124,0.0289
108,2025-12-12 20:00,4.37,57.78,2.5,42.69,0,吝备,23,14,0.0129,0.0273
108,2025-12-12 21:00,4.26,57.8,2.34,54.2,0,吝备,19,13,0.0092,0.0309
108,2025-12-12 22:00,4.33,58.65,2.61,53.5,0,吝备,21,16,0.0049,0.0357
108,2025-12-12 23:00,3.75,60.34,2.79,57.42,0,吝备,20,12,0.0061,0.0327
108,2025-12-13 0:00,3.52,62.18,2.58,61.05,0,吝备,20,10,0.0122,0.0248
108,2025-12-13 1:00,3.65,63.38,2.95,56.01,0,吝备,13,7,0.0133,0.0216
108,2025-12-13 2:00,3.84,63.89,2.62,58.62,0,吝备,13,6,0.0143,0.0211
108,2025-12-13 3:00,3.98,64.29,2.41,52.36,0,吝备,11,5,0.0155,0.0195
108,2025-12-13 4:00,3.97,65.06,2.8,53.31,0,吝备,11,8,0.0181,0.0196
108,2025-12-13 5:00,3.81,66.74,2.4,51.01,0,吝备,9,4,0.0148,0.0225
108,2025-12-13 6:00,3.96,67.69,2.3,59.41,0,吝备,8,3,0.0135,0.0256
108,2025-12-13 7:00,4.22,67.51,2.57,50.95,0,吝备,8,3,0.0132,0.026
108,2025-12-13 8:00,4.35,67.57,2.57,50.3,0,吝备,9,4,0.0164,0.0232
108,2025-12-13 9:00,4.34,76.66,2.48,47.67,0.15,吝备,10,5,0.0154,0.0245
108,2025-12-13 10:00,4.04,84.45,2.41,48.28,0.73,吝备,13,6,0.017,0.0234
108,2025-12-13 11:00,3.92,86.85,2.27,47.43,1.09,吝备,10,4,0.0156,0.0252
108,2025-12-13 12:00,3.89,88.57,1.87,39.12,1.54,吝备,15,8,0.0149,0.027
108,2025-12-13 13:00,3.57,88.44,1.45,306.38,2.67,吝备,9,5,0.0153,0.0254
108,2025-12-13 14:00,3.57,88.77,0.84,270.48,3.53,吝备,6,5,0.0141,0.0271
108,2025-12-13 15:00,3.35,89.43,1.65,269.47,4.41,吝备,5,3,0.012,0.0293
108,2025-12-13 16:00,2.37,90.63,2.49,251.8,6.03,吝备,9,5,0.0186,0.026
108,2025-12-13 17:00,1.73,92.42,1.86,240.75,7.53,吝备,9,6,0.0148,0.032
108,2025-12-13 18:00,1.54,93.28,2.79,269.86,8.15,吝备,12,7,0.0168,0.0274
108,2025-12-13 19:00,0.96,93.56,3.2,291.76,8.8,吝备,12,9,0.0283,0.0141
108,2025-12-13 20:00,0.41,93.14,3.56,293.24,9.44,吝备,12,10,0.0363,0.0084
108,2025-12-13 21:00,0.16,91.46,2.74,282.05,9.5,吝备,12,10,0.0352,0.0092
108,2025-12-13 22:00,-0.09,88.91,2.3,315.65,9.5,吝备,16,16,0.0355,0.0081
108,2025-12-13 23:00,-0.58,89.34,2.16,268.82,9.5,吝备,20,15,0.0303,0.0126
108,2025-12-14 0:00,-0.91,89.64,2.2,265.02,0.16,吝备,24,20,0.0296,0.0114
108,2025-12-14 1:00,-1.07,90.07,1.59,267.89,0,吝备,28,21,0.0286,0.0127
108,2025-12-14 2:00,-0.95,89.55,1.14,271.44,0,吝备,32,25,0.0294,0.0123
108,2025-12-14 3:00,-0.81,89.28,1.68,268.01,0.06,吝备,31,22,0.0276,0.0129
108,2025-12-14 4:00,-0.84,88.31,0.91,284.46,0.1,吝备,30,25,0.0288,0.0114
108,2025-12-14 5:00,-0.9,86.23,2.28,273.13,0.1,吝备,28,20,0.0292,0.0101
108,2025-12-14 6:00,-1,86.28,1.72,247.81,0.1,吝备,28,19,0.0282,0.0108
108,2025-12-14 7:00,-0.89,84.95,2.6,275.39,0.1,吝备,27,19,0.0291,0.0109
108,2025-12-14 8:00,-1.04,81.25,2.83,289.44,0.1,吝备,27,23,0.0324,0.0093
108,2025-12-14 9:00,-0.99,78.27,2.82,280.6,0.1,吝备,20,15,0.0336,0.0093
108,2025-12-14 10:00,-0.49,74.94,3.33,285.54,0.1,吝备,22,16,0.0364,0.0083
108,2025-12-14 11:00,0.12,73.72,2.82,284.54,0.1,吝备,20,17,0.0371,0.0086
108,2025-12-14 12:00,0.75,71.34,2.92,296.3,0.1,吝备,22,20,0.0394,0.0077
108,2025-12-14 13:00,1.53,67.95,3.33,273.68,0.1,吝备,22,17,0.0408,0.0083
108,2025-12-14 14:00,2.16,64.28,2.84,280.42,0.1,吝备,25,18,0.0432,0.008
108,2025-12-14 15:00,2.63,63.31,2.39,280.45,0.1,吝备,22,16,0.0425,0.0091
108,2025-12-14 16:00,2.51,63.36,2.47,264.96,0.1,吝备,24,20,0.0412,0.0102
108,2025-12-14 17:00,1.46,68.19,1.61,283.91,0.1,吝备,26,19,0.0381,0.0127
108,2025-12-14 18:00,0.61,72.84,1.05,290.2,0.1,吝备,28,21,0.0287,0.0221
108,2025-12-14 19:00,0.11,74.4,1.6,270.09,0.1,吝备,27,20,0.0242,0.0251
108,2025-12-14 20:00,-0.02,73.22,1.54,283.21,0.1,吝备,28,19,0.0292,0.019
108,2025-12-14 21:00,-0.49,76.14,1.02,354.28,0.1,吝备,28,21,0.0282,0.019
108,2025-12-14 22:00,-0.8,74.36,0.89,248.95,0.1,吝备,30,21,0.0341,0.0132
108,2025-12-14 23:00,-1.32,73.81,0.86,223.05,0.1,吝备,22,19,0.0311,0.0158
108,2025-12-15 0:00,-1.53,76.97,0.52,272.88,0,吝备,24,21,0.0249,0.0211
108,2025-12-15 1:00,-1.68,80.33,0.62,290.11,0,吝备,25,18,0.0144,0.0287
108,2025-12-15 2:00,-2,81.32,1.06,21.53,0,吝备,26,20,0.0189,0.0234
108,2025-12-15 3:00,-2.49,82.55,1.54,37.23,0,吝备,22,16,0.0102,0.0321
108,2025-12-15 4:00,-2.8,85.01,1.62,37.11,0,吝备,25,22,0.0075,0.0356
108,2025-12-15 5:00,-3.08,86.15,1.9,38.56,0,吝备,24,20,0.0073,0.0351
108,2025-12-15 6:00,-3.32,87.34,2.05,33.25,0,吝备,30,25,0.0078,0.0352
108,2025-12-15 7:00,-3.48,88.83,2.12,35,0,吝备,27,21,0.0073,0.0351
108,2025-12-15 8:00,-3.05,89.92,1.85,42.21,0,吝备,27,22,0.0081,0.0369
108,2025-12-15 9:00,-1.13,85.7,1.74,48.95,0,吝备,28,22,0.0116,0.0326
108,2025-12-15 10:00,1.14,73.36,1.99,62.55,0,吝备,39,30,0.0125,0.0383
108,2025-12-15 11:00,2.66,67.08,1.92,57.87,0,吝备,36,27,0.015,0.037
108,2025-12-15 12:00,3.41,63.12,1.54,81.73,0,吝备,37,29,0.0167,0.0349
108,2025-12-15 13:00,3.77,60.45,1.63,108.38,0,吝备,34,24,0.018,0.0332
108,2025-12-15 14:00,4.22,60.96,1.72,104.01,0,吝备,34,26,0.0171,0.0338
108,2025-12-15 15:00,4.28,61,1.87,98.44,0,吝备,34,24,0.0157,0.0352
108,2025-12-15 16:00,4.16,62.05,1.46,70.13,0,吝备,34,27,0.0136,0.0384
108,2025-12-15 17:00,3.12,65.91,1.71,67.69,0,吝备,36,25,0.0099,0.0408
108,2025-12-15 18:00,2.12,71.66,2.42,36.49,0,吝备,44,30,0.0109,0.0426
108,2025-12-15 19:00,1.39,75.75,2.59,35.84,0,吝备,48,35,0.0117,0.0435
108,2025-12-15 20:00,1.11,78.06,2.29,45.07,0,吝备,47,37,0.0102,0.0433
108,2025-12-15 21:00,1.16,80.14,2.47,39.86,0,吝备,42,29,0.0092,0.0412
108,2025-12-15 22:00,1.55,79.7,2.19,43.61,0,吝备,38,29,0.0097,0.0409
108,2025-12-15 23:00,1.93,79.33,2.34,43.86,0,吝备,40,29,0.0095,0.0407
108,2025-12-16 0:00,2.23,78.94,2.43,47.66,0,吝备,44,30,0.0097,0.0386
108,2025-12-16 1:00,2.24,78.6,2.31,50.46,0,吝备,40,29,0.01,0.0356
108,2025-12-16 2:00,2.3,78.94,2.14,50.65,0,吝备,43,30,0.0109,0.0335
108,2025-12-16 3:00,2.3,78.94,2.08,54.27,0,吝备,38,27,0.0113,0.0317
108,2025-12-16 4:00,2.39,79.24,1.85,60.37,0,吝备,39,30,0.0118,0.0313
108,2025-12-16 5:00,2.6,78.79,2.1,50.38,0,吝备,36,28,0.0117,0.031
108,2025-12-16 6:00,2.81,78.86,2.27,50.27,0,吝备,39,30,0.0099,0.0337
108,2025-12-16 7:00,3.11,78.73,2.08,49.48,0,吝备,38,27,0.0094,0.0367
108,2025-12-16 8:00,3.36,78.91,2.81,44.18,0,吝备,43,31,0.0096,0.0368
108,2025-12-16 9:00,3.51,80.48,2.72,46.22,0,吝备,44,30,0.0099,0.0373
108,2025-12-16 10:00,3.67,86.07,2.67,46.88,0.14,吝备,46,33,0.0104,0.0357
108,2025-12-16 11:00,3.59,91.28,2.67,51.53,0.8,吝备,46,30,0.011,0.0343
108,2025-12-16 12:00,3.67,93.23,2.39,46.81,1.21,吝备,48,30,0.0117,0.0353
108,2025-12-16 13:00,3.91,93.74,2.71,43.74,1.3,吝备,43,31,0.0114,0.0348
108,2025-12-16 14:00,4.11,93.63,2.36,44.02,1.3,吝备,47,34,0.0109,0.0362
108,2025-12-16 15:00,4.22,94.72,2.29,44.54,1.55,吝备,44,31,0.0102,0.037
108,2025-12-16 16:00,4.34,94.8,2.11,41.16,1.95,吝备,38,29,0.0098,0.0374
108,2025-12-16 17:00,4.4,94.89,2.15,38.24,2.09,吝备,36,26,0.0102,0.0374
108,2025-12-16 18:00,4.43,94.55,2.2,36.83,2.1,吝备,43,31,0.0117,0.0387
108,2025-12-16 19:00,4.48,94.31,2.1,43.99,2.1,吝备,50,38,0.0128,0.0397
108,2025-12-16 20:00,4.53,94.22,1.9,47.2,2.1,吝备,48,38,0.011,0.0367
108,2025-12-16 21:00,4.63,93.87,1.68,36.66,2.1,吝备,38,27,0.01,0.0347
108,2025-12-16 22:00,4.79,94.11,1.69,31.92,2.1,吝备,44,26,0.0102,0.036
108,2025-12-16 23:00,4.93,94.65,1.6,12.77,2.1,吝备,63,31,0.0103,0.0361
108,2025-12-17 0:00,5,94.76,0.98,5.68,0.04,吝备,68,37,0.0096,0.0351
108,2025-12-17 1:00,5.09,94.81,1.03,307.58,0,吝备,74,37,0.0099,0.037
108,2025-12-17 2:00,5.06,94.66,1.89,286.99,0,吝备,73,39,0.0135,0.0291
108,2025-12-17 3:00,4.81,93.44,1.7,291.43,0,吝备,66,41,0.0209,0.019
108,2025-12-17 4:00,4.67,93.16,1.27,271.91,0,吝备,89,47,0.0173,0.0219
108,2025-12-17 5:00,4.43,91.24,1.75,294.91,0,吝备,77,40,0.0259,0.0154
108,2025-12-17 6:00,3.97,90.06,2.3,306.8,0,吝备,85,44,0.0243,0.0165
108,2025-12-17 7:00,3.44,89.56,2.24,278.27,0,吝备,88,46,0.0234,0.0177
108,2025-12-17 8:00,3.15,87.67,2.23,284.27,0,吝备,88,48,0.0278,0.0172
108,2025-12-17 9:00,3.31,85.44,2.42,297.4,0,吝备,78,46,0.0297,0.0166
108,2025-12-17 10:00,4.02,79.96,3.52,293.51,0,吝备,78,49,0.0332,0.0164
108,2025-12-17 11:00,5.12,73.77,3.09,283,0,吝备,76,49,0.0372,0.0159
108,2025-12-17 12:00,5.98,67.01,2.85,292.73,0,吝备,74,48,0.043,0.014
108,2025-12-17 13:00,6.45,59.91,2.97,301.02,0,吝备,,47,,
108,2025-12-17 14:00,6.99,58.41,2.89,286.46,0,吝备,,46,0.0468,0.0151
108,2025-12-17 15:00,7.27,56.98,2.92,262.31,0,吝备,67,43,0.0457,0.0163
108,2025-12-17 16:00,6.36,55.77,2.5,288.81,0,吝备,63,41,0.0445,0.0148
108,2025-12-17 17:00,4.99,56.69,2.1,280.98,0,吝备,55,36,0.0384,0.0196
108,2025-12-17 18:00,4.2,57.21,2.04,296.94,0,吝备,53,37,0.038,0.0195
108,2025-12-17 19:00,3.57,59.36,1.53,299.02,0,吝备,51,35,0.0345,0.0228
108,2025-12-17 20:00,3.03,62.91,1.45,290.25,0,吝备,56,38,0.0249,0.0321
108,2025-12-17 21:00,2.69,64.98,1.64,299.57,0,吝备,55,38,0.0264,0.029
108,2025-12-17 22:00,1.85,64.56,1.33,275.35,0,吝备,51,38,0.0281,0.0255
108,2025-12-17 23:00,1.46,62.11,1.2,280.64,0,吝备,45,32,0.0322,0.0202
108,2025-12-18 0:00,0.97,60.56,1.62,285.92,0,吝备,43,32,0.0297,0.0217
108,2025-12-18 1:00,0.7,56.91,2.42,298.17,0,吝备,32,23,0.036,0.0135
108,2025-12-18 2:00,0.12,57.81,1.8,280.97,0,吝备,23,17,0.0365,0.0112
108,2025-12-18 3:00,-0.79,60.76,1.19,263.74,0,吝备,21,14,0.0324,0.0152
108,2025-12-18 4:00,-1.2,62.85,1.14,265.73,0,吝备,22,13,0.0296,0.0178
108,2025-12-18 5:00,-1.37,65.28,0.72,278.83,0,吝备,20,14,0.0214,0.0248
108,2025-12-18 6:00,-1.6,70.62,0.55,292.39,0,吝备,20,13,0.0072,0.038
108,2025-12-18 7:00,-1.66,73.06,1.53,22.55,0,吝备,22,14,0.006,0.042
108,2025-12-18 8:00,-1.7,75.74,2.21,38.69,0,吝备,35,23,0.0082,0.0445
108,2025-12-18 9:00,0.15,74.7,2.44,41.52,0,吝备,45,32,0.011,0.0438
108,2025-12-18 10:00,2.68,64.24,1.93,53.84,0,吝备,56,40,0.0142,0.0406
108,2025-12-18 11:00,4.67,51.21,1.85,60.25,0,吝备,48,34,0.0236,0.031
108,2025-12-18 12:00,5.69,45.82,1.3,13.82,0,吝备,38,22,0.0264,0.0291
108,2025-12-18 13:00,7.28,43.09,1.54,205.49,0,吝备,41,28,0.0258,0.0317
108,2025-12-18 14:00,8.14,40.01,2.12,242.43,0,吝备,36,25,0.028,0.0283
108,2025-12-18 15:00,7.93,39.26,2.09,272.76,0,吝备,24,13,0.0308,0.0237
108,2025-12-18 16:00,7.19,43.77,1.47,298.39,0,吝备,25,15,0.0284,0.0272
108,2025-12-18 17:00,5.62,51.41,1.83,311.29,0,吝备,23,14,0.0311,0.0243
108,2025-12-18 18:00,4.39,55.36,1.42,310.28,0,吝备,23,16,0.0325,0.0218
108,2025-12-18 19:00,3.47,59.66,0.84,352.8,0,吝备,27,18,0.0145,0.0428
108,2025-12-18 20:00,2.49,64.63,1.75,48.32,0,吝备,32,23,0.0113,0.0478
108,2025-12-18 21:00,1.73,68.68,2.15,38.64,0,吝备,29,20,0.0107,0.0475
108,2025-12-18 22:00,1.85,70.31,2.48,54.57,0,吝备,33,21,0.0098,0.047
108,2025-12-18 23:00,1.66,70.36,1.71,52.51,0,吝备,31,20,0.0123,0.0405
108,2025-12-19 0:00,1.16,71.53,1.71,58.87,0,吝备,32,24,0.0132,0.0371
108,2025-12-19 1:00,0.81,74.63,2.19,52.43,0,吝备,32,22,0.0097,0.0413
108,2025-12-19 2:00,0.64,72.99,1.92,62.02,0,吝备,33,24,0.0095,0.039
108,2025-12-19 3:00,0.32,74.98,1.83,58.14,0,吝备,31,22,0.0089,0.0401
108,2025-12-19 4:00,-0.25,79.48,1.5,41.95,0,吝备,32,23,0.0091,0.0392
108,2025-12-19 5:00,-0.57,81.17,1.91,48.07,0,吝备,31,22,0.0093,0.0367
108,2025-12-19 6:00,-0.56,78.89,2.26,54.66,0,吝备,35,23,0.0093,0.0357
108,2025-12-19 7:00,0.11,77.04,1.69,55.24,0,吝备,32,24,0.0092,0.0379
108,2025-12-19 8:00,1.22,71.96,2.49,57.26,0,吝备,38,28,0.0094,0.0369
108,2025-12-19 9:00,1.98,68.52,2.87,52.79,0,吝备,40,29,0.0112,0.0349
108,2025-12-19 10:00,3.09,64.25,2.37,59.72,0,吝备,40,32,0.0141,0.0331
108,2025-12-19 11:00,4.44,60.76,2.64,62.37,0,吝备,40,30,0.015,0.0356
108,2025-12-19 12:00,6.67,54.86,2.68,60.67,0,吝备,44,33,0.0199,0.0339
108,2025-12-19 13:00,8.21,51.89,2.58,64.52,0,吝备,39,27,0.0233,0.0321
108,2025-12-19 14:00,8.88,52.05,2.38,53.34,0,吝备,38,27,0.0212,0.0382
108,2025-12-19 15:00,9.69,52.09,2.13,66.38,0,吝备,42,27,0.0196,0.0413
108,2025-12-19 16:00,9.5,53.13,2.37,43.92,0,吝备,45,29,0.0163,0.0457
108,2025-12-19 17:00,8.2,58.25,2.41,36.95,0,吝备,45,28,0.015,0.0492
108,2025-12-19 18:00,7.21,62.8,1.86,52.08,0,吝备,48,34,0.017,0.0502
108,2025-12-19 19:00,6.67,66.07,2.18,60.74,0,吝备,53,38,0.0168,0.0461
108,2025-12-19 20:00,7,67.77,2.25,58.8,0,吝备,40,29,0.0158,0.043
108,2025-12-19 21:00,7.26,67.91,1.55,66.01,0,吝备,32,22,0.014,0.0437
108,2025-12-19 22:00,7.28,68.63,1.15,58.67,0,吝备,34,23,0.0137,0.0457
108,2025-12-19 23:00,7.4,69.51,1.34,40.75,0,吝备,35,23,0.0135,0.0456
108,2025-12-20 0:00,7.54,69.91,1.26,48.69,0,吝备,39,24,0.0138,0.045
108,2025-12-20 1:00,7.6,69.67,1.24,36.75,0,吝备,34,22,0.0126,0.0422
108,2025-12-20 2:00,7.7,71.01,1.27,38.82,0,吝备,33,19,0.0127,0.0399
108,2025-12-20 3:00,7.73,73.16,1.62,38.87,0,吝备,33,22,0.0128,0.0392
108,2025-12-20 4:00,7.92,75.43,1.76,63.8,0,吝备,31,23,0.0126,0.0389
108,2025-12-20 5:00,8.15,76.54,1.28,53.66,0,吝备,32,21,0.0129,0.0373
108,2025-12-20 6:00,8.36,78.43,1.08,52.69,0.04,吝备,33,23,0.0129,0.0369
108,2025-12-20 7:00,8.31,82.08,1.58,26.79,0.1,吝备,33,23,0.0126,0.0377
108,2025-12-20 8:00,8.48,82.62,1.46,29.1,0.1,吝备,35,24,0.013,0.0379
108,2025-12-20 9:00,8.72,82.87,1.45,49.91,0.1,吝备,37,26,0.0134,0.0405
108,2025-12-20 10:00,8.91,83.79,1.09,23.68,0.19,吝备,43,28,0.014,0.0426
108,2025-12-20 11:00,9.81,88.29,1.42,228.5,0.2,吝备,47,29,0.015,0.0451
108,2025-12-20 12:00,10.43,89.82,1.59,238.89,0.2,吝备,73,34,0.0146,0.046
108,2025-12-20 13:00,10.49,90.73,3.11,282.02,0.2,吝备,70,33,0.0225,0.0327
108,2025-12-20 14:00,9.85,85.31,2.92,292.97,0.2,吝备,65,41,0.04,0.0151
108,2025-12-20 15:00,9.14,84.28,2.64,276.83,0.24,吝备,81,55,0.0422,0.0155
108,2025-12-20 16:00,8.68,83.82,2.53,260.58,0.3,吝备,83,60,0.0417,0.0151
108,2025-12-20 17:00,8.2,80.01,2.37,274.26,0.3,吝备,74,55,0.0399,0.016
108,2025-12-20 18:00,7.33,74.1,2.88,265.53,0.3,吝备,74,52,0.043,0.0137
108,2025-12-20 19:00,6.66,71.98,3.01,251.69,0.3,吝备,74,52,0.0405,0.015
108,2025-12-20 20:00,5.7,59.59,3.69,281.99,0.3,吝备,61,37,0.0396,0.0125
108,2025-12-20 21:00,3.69,49.61,4.54,277.48,0.3,吝备,36,17,0.0359,0.0107
108,2025-12-20 22:00,2.33,51.35,3.9,291.47,0.3,吝备,22,9,0.0326,0.0116
108,2025-12-20 23:00,1.4,52.26,3.48,287.36,0.3,吝备,22,8,0.0298,0.0114
108,2025-12-21 0:00,0.66,49.7,3.88,295.05,0.01,吝备,21,7,0.0292,0.0079
108,2025-12-21 1:00,-0.1,45.53,3.66,281.09,0,吝备,20,6,0.0294,0.0078
108,2025-12-21 2:00,-0.59,44.84,3.73,276.22,0,吝备,28,9,0.0294,0.0077
108,2025-12-21 3:00,-0.98,46.35,3.05,264.13,0,吝备,26,10,0.0288,0.0085
108,2025-12-21 4:00,-1.38,47.67,3.31,256.87,0,吝备,26,9,0.0291,0.0087
108,2025-12-21 5:00,-1.78,43.07,3.48,268.98,0,吝备,18,5,0.0303,0.0076
108,2025-12-21 6:00,-2.22,44.73,3.15,264.11,0,吝备,19,6,0.0282,0.0084
108,2025-12-21 7:00,-2.57,43.1,2.74,292.07,0,吝备,21,5,0.0275,0.0089
108,2025-12-21 8:00,-2.82,43.43,3.34,290.5,0,吝备,23,8,0.0267,0.0078
108,2025-12-21 9:00,-2.55,43.09,3.53,300.46,0,吝备,26,7,0.0269,0.0075
108,2025-12-21 10:00,-1.44,40.73,2.89,268.16,0,吝备,30,7,0.0266,0.0078
108,2025-12-21 11:00,-0.57,39.03,2.58,274.47,0,吝备,28,9,0.0288,0.0075
108,2025-12-21 12:00,0.56,36.21,2.79,283.06,0,吝备,23,8,0.0309,0.0074
108,2025-12-21 13:00,1.43,33.32,2.71,284.22,0,吝备,29,11,0.0335,0.0071
108,2025-12-21 14:00,1.94,33.39,2.84,281.41,0,吝备,30,12,0.0345,0.0074
108,2025-12-21 15:00,2,34.1,2.63,284.59,0,吝备,27,10,0.0347,0.0075
108,2025-12-21 16:00,1.14,35.54,2.7,280.03,0,吝备,29,12,0.034,0.008
108,2025-12-21 17:00,-0.12,38.8,2.25,277.72,0,吝备,28,10,0.0317,0.0106
108,2025-12-21 18:00,-0.78,40.69,2.22,260.48,0,吝备,27,9,0.03,0.0118
108,2025-12-21 19:00,-1.3,42.99,2.04,275.43,0,吝备,25,9,0.0268,0.0147
108,2025-12-21 20:00,-1.57,44.69,2.69,303.16,0,吝备,26,9,0.0247,0.0161
108,2025-12-21 21:00,-1.67,44.23,3.49,313.2,0,吝备,27,10,0.0279,0.0106
108,2025-12-21 22:00,-2.39,49.04,2.31,301.86,0,吝备,29,12,0.0258,0.011
108,2025-12-21 23:00,-3.18,52.59,1.6,304.04,0,吝备,29,13,0.0235,0.0129
108,2025-12-22 0:00,-3.81,53.85,1.15,323.14,0,吝备,28,14,0.0221,0.0138
108,2025-12-22 1:00,-4.38,54.04,2.06,50.17,0,吝备,28,12,0.0237,0.0119
108,2025-12-22 2:00,-4.76,54.46,1.72,34.27,0,吝备,32,14,0.0212,0.0147
108,2025-12-22 3:00,-4.99,55.97,1.14,355.56,0,吝备,32,13,0.017,0.0176
108,2025-12-22 4:00,-5.04,58.71,1.15,344.97,0,吝备,30,12,0.0144,0.0191
108,2025-12-22 5:00,-5.14,61.07,1.12,322.92,0,吝备,27,12,0.0106,0.025
108,2025-12-22 6:00,-5.53,62.32,1.57,11.23,0,吝备,28,14,0.0059,0.0299
108,2025-12-22 7:00,-5.73,62.57,2.32,43.09,0,吝备,30,14,0.0042,0.0331
108,2025-12-22 8:00,-5.3,61.76,1.74,58.14,0,吝备,34,17,0.0065,0.0321
108,2025-12-22 9:00,-3.01,54.69,2.12,59.12,0,吝备,33,14,0.0106,0.0284
108,2025-12-22 10:00,-0.76,46.05,2.85,52.34,0,吝备,38,19,0.0123,0.0269
108,2025-12-22 11:00,0.91,40.55,2.07,56.82,0,吝备,34,15,0.0161,0.0263
108,2025-12-22 12:00,2.35,33.72,2.36,57.44,0,吝备,27,13,0.0221,0.0225
108,2025-12-22 13:00,3.49,30.7,2.08,50.23,0,吝备,31,15,0.0228,0.0244
108,2025-12-22 14:00,4.54,27.1,1.8,65.15,0,吝备,28,13,0.0242,0.0233
108,2025-12-22 15:00,4.92,24.36,1.57,57,0,吝备,23,9,0.0239,0.0234
108,2025-12-22 16:00,4.42,24.2,1.83,37.71,0,吝备,22,10,0.0216,0.026
108,2025-12-22 17:00,2.65,28.69,2.24,26.52,0,吝备,25,11,0.0126,0.0374
108,2025-12-22 18:00,1.58,32.45,1.83,32.85,0,吝备,28,16,0.0098,0.0432
108,2025-12-22 19:00,0.62,37.59,1.99,47.04,0,吝备,36,21,0.0117,0.0453
108,2025-12-22 20:00,0.3,39.84,1.58,52.07,0,吝备,35,18,0.0098,0.0429
108,2025-12-22 21:00,0.51,41.5,1.48,47.3,0,吝备,28,16,0.0086,0.0443
108,2025-12-22 22:00,-0.06,47.08,1.89,36.31,0,吝备,32,15,0.0091,0.0463
108,2025-12-22 23:00,-0.18,49.85,1.91,46.04,0,吝备,27,14,0.0081,0.044
108,2025-12-23 0:00,0.29,46.94,2.2,62.66,0,吝备,28,13,0.0077,0.0415
108,2025-12-23 1:00,0.42,45.69,2.65,61.38,0,吝备,27,13,0.0074,0.0401
108,2025-12-23 2:00,0.21,45.46,2.35,64.44,0,吝备,25,12,0.0075,0.0373
108,2025-12-23 3:00,0.47,46.5,2.54,61.27,0,吝备,22,11,0.0077,0.0358
108,2025-12-23 4:00,0.81,46.69,2.68,66.65,0,吝备,20,12,0.0076,0.0356
108,2025-12-23 5:00,1.03,47.53,2.84,65.42,0,吝备,19,9,0.0079,0.0339
108,2025-12-23 6:00,1.53,47.71,2.77,68.4,0,吝备,21,8,0.0079,0.0352
108,2025-12-23 7:00,1.99,48.81,2.67,71.57,0,吝备,19,10,0.0079,0.0366
108,2025-12-23 8:00,2.37,49.39,2.69,67.88,0,吝备,23,12,0.008,0.0376
108,2025-12-23 9:00,3.01,49.37,2.86,61.24,0,吝备,24,11,0.0104,0.0351
108,2025-12-23 10:00,3.7,49.52,2.92,59.2,0,吝备,26,11,0.0119,0.0351
108,2025-12-23 11:00,4.07,50.82,2.92,56.32,0,吝备,27,13,0.0133,0.038
108,2025-12-23 12:00,4.21,59.55,2.57,55.5,0.1,吝备,31,18,0.0155,0.0371
108,2025-12-23 13:00,3.03,77.04,2.94,298.33,0.71,吝备,28,14,0.0178,0.0309
108,2025-12-23 14:00,2.66,86.69,2.23,42.59,2.16,吝备,27,16,0.0149,0.0364
108,2025-12-23 15:00,2.79,90.32,2.81,59.41,4.51,吝备,21,12,0.0139,0.0368
108,2025-12-23 16:00,2.7,92.16,2.6,51.14,6.04,吝备,19,8,0.0136,0.0367
108,2025-12-23 17:00,2.7,93.34,2.92,48.51,7.36,吝备,13,9,0.0126,0.0383
108,2025-12-23 18:00,2.82,93.98,2.02,45.6,8.69,吝备,18,11,0.0139,0.0392
108,2025-12-23 19:00,2.98,93.87,1.87,41.28,9.57,吝备,25,,0.0151,0.0385
108,2025-12-23 20:00,3.16,94.41,1.93,44.42,10.17,吝备,21,18,0.0146,0.036
108,2025-12-23 21:00,3.32,93.94,1.55,47.89,10.77,吝备,15,11,0.0133,0.0378
108,2025-12-23 22:00,3.47,93.32,1.38,0.17,10.8,吝备,13,11,0.0143,0.0357
108,2025-12-23 23:00,3.63,92.94,1.33,294.74,10.8,吝备,13,9,0.0132,0.036
108,2025-12-24 0:00,3.51,93.21,1.22,268.64,0.18,吝备,16,10,0.0125,0.034
108,2025-12-24 1:00,3.48,92.91,1,286.56,0,吝备,19,14,0.0128,0.0323
108,2025-12-24 2:00,3.5,93.2,1.18,1.54,0,吝备,17,13,0.0127,0.0372
108,2025-12-24 3:00,3.32,92.46,1.77,272.61,0,吝备,16,11,0.0143,0.0298
108,2025-12-24 4:00,3.04,92.05,1.55,267.12,0,吝备,17,11,0.0142,0.0275
108,2025-12-24 5:00,2.88,92.19,1.14,271.47,0,吝备,20,17,0.0138,0.0264
108,2025-12-24 6:00,2.79,91.93,2.43,285.73,0,吝备,20,18,0.0157,0.025
108,2025-12-24 7:00,2.53,90.69,3.12,297.2,0,吝备,17,13,0.0175,0.023
108,2025-12-24 8:00,2.43,88.54,2.84,295.81,0,吝备,21,15,0.0226,0.0184
108,2025-12-24 9:00,2.53,83.32,2.7,311.16,0,吝备,13,9,0.0302,0.0125
108,2025-12-24 10:00,2.89,79.34,1.92,309.3,0,吝备,12,6,,0.0106
108,2025-12-24 11:00,3.82,74.06,2.36,281.08,0,吝备,14,10,,0.0115
108,2025-12-24 12:00,4.95,67.63,3.24,277.7,0,吝备,19,14,,0.0121
108,2025-12-24 13:00,5.19,64.32,3.3,269.67,0,吝备,27,21,,0.0117
108,2025-12-24 14:00,5.89,61.32,3.12,269.92,0,吝备,31,23,,0.0132
108,2025-12-24 15:00,5.74,59.02,3.03,283.65,0,吝备,30,22,,0.012
108,2025-12-24 16:00,4.98,58.46,2.56,292.07,0,吝备,30,20,,0.0131
108,2025-12-24 17:00,3.56,62.55,3.13,309.31,0,吝备,28,19,,0.0144
108,2025-12-24 18:00,2.71,64.55,2.91,302.31,0,吝备,29,21,,0.0137
108,2025-12-24 19:00,1.92,70.21,2.02,300.19,0,吝备,29,22,,0.0188
108,2025-12-24 20:00,1.08,75.58,2.41,277.83,0,吝备,35,23,0.0289,0.0239
108,2025-12-24 21:00,0.55,79.34,2.7,280.74,0,吝备,32,23,0.0288,0.0234
108,2025-12-24 22:00,0.04,81.85,3.15,281.7,0,吝备,37,25,0.0269,0.0249
108,2025-12-24 23:00,-0.72,83.52,2.33,272.86,0,吝备,37,27,0.0251,0.0262
108,2025-12-25 0:00,-0.82,85.17,3.42,289.06,0,吝备,43,32,0.0308,0.0183
108,2025-12-25 1:00,-1.03,83.07,3.47,285.07,0,吝备,43,31,0.0352,0.0132
108,2025-12-25 2:00,-1.57,83.34,2.28,292.56,0,吝备,48,33,0.0344,0.0141
108,2025-12-25 3:00,-2,84.21,2.46,277.79,0,吝备,48,34,0.0348,0.0131
108,2025-12-25 4:00,-2.37,84.6,2.71,266.53,0,吝备,53,34,0.0344,0.014
108,2025-12-25 5:00,-2.71,79.84,2.62,282.08,0,吝备,46,32,0.0359,0.0145
108,2025-12-25 6:00,-2.92,67.76,3.35,310.85,0,吝备,34,23,0.0371,0.011
108,2025-12-25 7:00,-3.15,62.65,3,299.67,0,吝备,24,16,0.0343,0.013
108,2025-12-25 8:00,-3.42,60.4,1.91,295.53,0,吝备,25,16,0.0304,0.0167
108,2025-12-25 9:00,-2.49,56.13,3.08,285.18,0,吝备,21,11,0.0339,0.0139
108,2025-12-25 10:00,-1.46,51.89,4.26,291.35,0,吝备,23,13,0.0375,0.01
108,2025-12-25 11:00,-0.82,47,5.19,290.28,0,吝备,18,8,0.0419,0.0062
108,2025-12-25 12:00,-0.49,45.36,4.8,281.29,0,吝备,15,7,0.0427,0.0057
108,2025-12-25 13:00,-0.47,43.36,4.82,275.88,0,吝备,19,8,0.0439,0.005
108,2025-12-25 14:00,-0.35,40.33,4.79,275.24,0,吝备,17,12,0.0436,0.0055
108,2025-12-25 15:00,-0.96,38.86,5.28,280.96,0,吝备,14,7,0.0439,0.0054
108,2025-12-25 16:00,-2.28,41.48,5.2,278.28,0,吝备,18,10,0.0419,0.0063
108,2025-12-25 17:00,-3.8,40.39,4.53,275.51,0,吝备,16,8,0.0394,0.0069
108,2025-12-25 18:00,-4.87,39.05,4.47,276.45,0,吝备,16,6,0.0369,0.0069
108,2025-12-25 19:00,-5.89,44.3,4.64,274.3,0,吝备,18,9,0.0341,0.007
108,2025-12-25 20:00,-6.71,48.23,4.51,280.02,0,吝备,22,9,0.0312,0.0073
108,2025-12-25 21:00,-7.42,47.97,4.46,293.37,0,吝备,22,10,0.0307,0.0072
108,2025-12-25 22:00,-8.03,51.66,3.92,286.94,0,吝备,28,14,0.03,0.0074
108,2025-12-25 23:00,-8.63,47.79,4.13,284.05,0,吝备,25,11,0.0295,0.0072
108,2025-12-26 0:00,-9.14,47.79,4.04,276.73,0,吝备,23,11,0.0287,0.007
108,2025-12-26 1:00,-9.61,47.13,5.01,291.4,0,吝备,20,9,0.0297,0.0062
108,2025-12-26 2:00,-9.94,47,4.5,288.83,0,吝备,21,9,0.0289,0.0062
108,2025-12-26 3:00,-10.39,46.56,3.6,289.93,0,吝备,19,9,0.0288,0.0053
108,2025-12-26 4:00,-10.76,47.11,3.3,280.17,0,吝备,20,11,0.0276,0.0067
108,2025-12-26 5:00,-11.2,48.13,2.69,276.67,0,吝备,17,8,0.0252,0.0089
108,2025-12-26 6:00,-11.5,47.77,2.88,269.39,0,吝备,18,8,0.0234,0.0108
108,2025-12-26 7:00,-11.66,46.83,2.46,289.56,0,吝备,15,7,0.0227,0.0115
108,2025-12-26 8:00,-11.58,45.27,3.29,287.5,0,吝备,16,5,0.0243,0.0104
108,2025-12-26 9:00,-10.77,43.09,2.67,289.58,0,吝备,16,6,0.0249,0.01
108,2025-12-26 10:00,-9.57,39.01,2.87,287.19,0,吝备,24,11,0.027,0.0084
108,2025-12-26 11:00,-8.06,35.99,2.75,302.21,0,吝备,19,8,0.0279,0.0081
108,2025-12-26 12:00,-6.94,33.9,2.75,295.26,0,吝备,21,6,0.0281,0.0088
108,2025-12-26 13:00,-5.59,31.95,2.66,282.17,0,吝备,24,10,0.0276,0.0105
108,2025-12-26 14:00,-4.62,30.86,2.49,279.77,0,吝备,26,10,0.028,0.0111
108,2025-12-26 15:00,-4.35,30.04,2.99,278.89,0,吝备,21,8,0.0284,0.0109
108,2025-12-26 16:00,-4.82,29.49,3.16,295,0,吝备,18,10,0.0295,0.01
108,2025-12-26 17:00,-5.81,31.94,2.77,284.74,0,吝备,17,6,0.028,0.012
108,2025-12-26 18:00,-6.37,34.9,2.56,260.78,0,吝备,20,8,0.0268,0.0137
108,2025-12-26 19:00,-6.67,35.44,2.2,258.26,0,吝备,16,6,0.0246,0.0162
108,2025-12-26 20:00,-7.01,37.45,2.06,266.63,0,吝备,14,8,0.0242,0.0169
108,2025-12-26 21:00,-7.36,38.72,1.4,283.52,0,吝备,16,7,0.0215,0.0199
108,2025-12-26 22:00,-7.86,39.58,1.05,290.75,0,吝备,21,8,0.0219,0.019
108,2025-12-26 23:00,-8.18,38.4,0.78,282.95,0,吝备,17,8,0.0278,0.0134
108,2025-12-27 0:00,-8.19,37.76,0.75,267.25,0,吝备,13,6,0.0305,0.0128
108,2025-12-27 1:00,-7.44,40.48,1.23,31.36,0,吝备,13,5,0.0272,0.0155
108,2025-12-27 2:00,-6.9,42.97,1.91,32.68,0,吝备,16,8,0.0094,0.0331
108,2025-12-27 3:00,-6.64,42.76,1.53,56.87,0,吝备,17,8,0.0114,0.031
108,2025-12-27 4:00,-6.61,42.21,2.04,48.23,0,吝备,18,9,0.0121,0.0297
108,2025-12-27 5:00,-6.78,42.29,2.48,41.08,0,吝备,18,8,0.017,0.0245
108,2025-12-27 6:00,-6.71,40.92,2.08,42.93,0,吝备,18,9,0.0133,0.0298
108,2025-12-27 7:00,-6.28,42.54,2.44,39.8,0,吝备,21,9,0.009,0.0353
108,2025-12-27 8:00,-5.98,45.68,2.72,40.52,0,吝备,,12,0.0094,0.0364
108,2025-12-27 9:00,-4.62,46.85,2.3,53.51,0,吝备,33,10,0.0122,0.034
108,2025-12-27 10:00,-2.94,47,2.09,58.33,0,吝备,30,15,0.0158,0.0311
108,2025-12-27 11:00,-1.45,47.52,1.91,63.31,0,吝备,30,15,0.0195,0.0284
108,2025-12-27 12:00,-0.91,48.88,1.69,61.02,0,吝备,33,17,0.0185,0.0311
108,2025-12-27 13:00,-0.33,50.47,1.26,66.36,0,吝备,35,20,0.0187,0.0342
108,2025-12-27 14:00,0.09,51.5,1.96,51.04,0,吝备,40,21,0.019,0.035
108,2025-12-27 15:00,0.35,52.51,2.12,45.61,0,吝备,41,23,,0.0355
108,2025-12-27 16:00,0.42,54.23,1.5,62.05,0,吝备,40,25,,0.0386
108,2025-12-27 17:00,0.07,56.05,1.85,59.13,0,吝备,43,24,,0.0387
108,2025-12-27 18:00,-0.37,58.16,2.57,41.88,0,吝备,43,27,,0.0383
108,2025-12-27 19:00,-0.49,58.26,2.77,43.2,0,吝备,42,25,,0.0378
108,2025-12-27 20:00,-0.78,60.28,2.82,42.89,0,吝备,40,28,,0.0364
108,2025-12-27 21:00,-0.49,61.41,2.75,46.06,0,吝备,37,23,,0.0358
108,2025-12-27 22:00,-0.36,62.9,2.58,42.31,0,吝备,39,24,,0.0354
108,2025-12-27 23:00,-0.15,64.58,2.44,46.17,0,吝备,38,25,0.0125,0.0345
108,2025-12-28 0:00,0.03,66.26,2.22,47.7,0,吝备,41,25,0.0137,0.0334
108,2025-12-28 1:00,0.23,69.84,2.23,44.71,0,吝备,38,25,0.015,0.032
108,2025-12-28 2:00,0.28,70.89,2.3,49.08,0,吝备,39,28,0.0168,0.0279
108,2025-12-28 3:00,0.43,74.1,2.33,49.72,0,吝备,42,29,0.0203,0.0241
108,2025-12-28 4:00,0.5,73.92,2.12,38.93,0,吝备,44,28,0.0213,0.0235
108,2025-12-28 5:00,0.5,75.51,2.34,38.32,0,吝备,42,28,0.019,0.0267
108,2025-12-28 6:00,0.54,76.64,2.27,42.77,0,吝备,43,30,0.0162,0.03
108,2025-12-28 7:00,0.58,77.51,2.49,41.02,0,吝备,45,30,0.0147,0.0325
108,2025-12-28 8:00,0.76,78.28,2.26,47.11,0,吝备,47,35,0.0172,0.0295
108,2025-12-28 9:00,1.54,77.77,2.68,45.05,0,吝备,52,34,0.0204,0.027
108,2025-12-28 10:00,2.46,75.48,2.2,56.13,0,吝备,55,37,0.0234,0.0263
108,2025-12-28 11:00,3.33,75.16,2.03,59.27,0,吝备,54,37,0.0271,0.0237
108,2025-12-28 12:00,4.22,74.81,2.37,51.67,0,吝备,51,37,0.0296,0.023
108,2025-12-28 13:00,4.82,73.61,2.02,57.85,0,吝备,49,35,0.0294,0.0242
108,2025-12-28 14:00,5.6,70.96,2.09,50.53,0,吝备,51,35,0.029,0.025
108,2025-12-28 15:00,5.99,68.76,1.91,45.34,0,吝备,52,34,0.0263,0.029
108,2025-12-28 16:00,5.7,69.12,1.68,47.42,0,吝备,53,38,0.0221,0.0356
108,2025-12-28 17:00,5.17,71.39,1.63,45.32,0,吝备,52,38,0.0176,0.0403
108,2025-12-28 18:00,4.69,73.39,2.16,44.75,0,吝备,59,44,0.0173,0.0422
108,2025-12-28 19:00,4.4,75.69,1.64,46.87,0,吝备,61,44,0.0172,0.0423
108,2025-12-28 20:00,4.33,80.28,1.82,50.68,0.07,吝备,56,43,0.0171,0.0409
108,2025-12-28 21:00,4.3,83.81,1.57,18.53,0.19,吝备,51,38,0.0165,0.0402
108,2025-12-28 22:00,4.62,88.38,1.23,163.73,0.53,吝备,48,35,0.0156,0.0394
108,2025-12-28 23:00,5.13,87.68,1.42,167.62,0.6,吝备,29,21,0.0184,0.0339
108,2025-12-29 0:00,4.79,87.58,1.07,49.58,0.01,吝备,24,17,0.0146,0.0398
108,2025-12-29 1:00,4.44,89.18,1.27,30.05,0,吝备,28,19,0.0138,0.0376
108,2025-12-29 2:00,4.31,89.34,0.9,32.98,0,吝备,24,13,0.0146,0.0337
108,2025-12-29 3:00,4.18,90.15,1.08,34.43,0,吝备,22,14,0.0124,0.0356
108,2025-12-29 4:00,3.98,90.31,0.9,53.84,0,吝备,27,18,0.0125,0.0359
108,2025-12-29 5:00,3.78,91.53,1.3,34.43,0.06,吝备,24,17,0.012,0.0387
108,2025-12-29 6:00,4.41,93.69,1.45,255.4,0.3,吝备,27,17,0.0123,0.0402
108,2025-12-29 7:00,5.08,92.5,1.16,217.32,0.3,吝备,32,21,0.0125,0.0485
108,2025-12-29 8:00,4.99,91.38,1.15,224.87,0.3,吝备,44,29,0.0159,0.0509
108,2025-12-29 9:00,5.38,92.56,1.19,226.14,0.3,吝备,51,35,0.0186,0.0526
108,2025-12-29 10:00,6.97,90.21,1.37,214.32,0.3,吝备,67,45,0.0227,0.0505
108,2025-12-29 11:00,8.2,79.51,2.55,261.51,0.3,吝备,85,58,0.0378,0.0377
108,2025-12-29 12:00,8.79,72.08,2.67,267.82,0.3,吝备,104,75,0.049,0.0255
108,2025-12-29 13:00,8.84,68.77,3.12,242.65,0.3,吝备,111,82,0.0546,0.0196
108,2025-12-29 14:00,8.92,65.46,3.27,257.5,0.3,吝备,115,82,0.0525,0.0233
108,2025-12-29 15:00,8.58,60.41,4.23,258.49,0.3,吝备,108,78,,
108,2025-12-29 16:00,7.72,59.17,3.03,266.63,0.3,吝备,115,85,,
108,2025-12-29 17:00,6.42,63.22,2.57,258.4,0.3,吝备,102,77,0.0603,0.0184
108,2025-12-29 18:00,5.47,71.17,2.35,245.51,0.3,吝备,103,80,0.0513,0.0256
108,2025-12-29 19:00,4.57,71.24,2.81,247.8,0.3,吝备,108,85,0.0431,0.0299
108,2025-12-29 20:00,3.39,67.01,2.46,285.51,0.3,吝备,96,71,0.045,0.0201
108,2025-12-29 21:00,2.09,50.4,3.46,298.04,0.3,吝备,53,40,0.0437,0.0135
108,2025-12-29 22:00,0.9,50.32,2.03,296.39,0.3,吝备,23,18,0.0403,0.0139
108,2025-12-29 23:00,0.16,54.91,1.92,324.61,0.3,吝备,18,10,0.0418,0.0111
108,2025-12-30 0:00,-0.36,58.1,2.35,317.57,0.01,吝备,15,10,0.0412,0.0105
108,2025-12-30 1:00,-0.92,59.86,1.79,287.37,0,吝备,18,9,0.0384,0.0121
108,2025-12-30 2:00,-1.64,61.84,1.7,286.02,0,吝备,16,9,0.0379,0.012
108,2025-12-30 3:00,-2.12,62.48,1.74,268.55,0,吝备,18,10,0.0365,0.0132
108,2025-12-30 4:00,-2.81,61.85,1.53,266.21,0,吝备,19,12,0.033,0.0163
108,2025-12-30 5:00,-3.22,59.53,2.12,271.45,0,吝备,15,8,0.0283,0.0213
108,2025-12-30 6:00,-3.22,62.05,2.25,278.54,0,吝备,17,11,0.0233,0.0262
108,2025-12-30 7:00,-3.32,62.62,1.93,264.11,0,吝备,18,8,0.0168,0.0323
108,2025-12-30 8:00,-3.55,63.52,2.09,267.59,0,吝备,18,8,0.0182,0.0307
108,2025-12-30 9:00,-2.01,50.78,2.34,276.85,0,吝备,15,5,0.0282,0.0195
108,2025-12-30 10:00,-0.25,36.53,3.5,286.58,0,吝备,19,7,0.0327,0.0133
108,2025-12-30 11:00,0.98,30.56,2.95,292.24,0,吝备,14,5,0.0363,0.0118
108,2025-12-30 12:00,2.07,25.61,2.98,307.05,0,吝备,8,2,0.0431,0.0068
108,2025-12-30 13:00,2.9,26.28,3.19,286.91,0,吝备,14,6,0.0444,0.0074
108,2025-12-30 14:00,3.31,27.08,3.01,283.66,0,吝备,17,6,0.0448,0.0079
108,2025-12-30 15:00,3.26,28.27,3.82,287.03,0,吝备,16,6,0.0453,0.0086
108,2025-12-30 16:00,2.32,31.13,3.43,292.6,0,吝备,18,9,0.0462,0.0085
108,2025-12-30 17:00,1.09,34.87,2,288.25,0,吝备,21,10,0.0431,0.0118
108,2025-12-30 18:00,0.22,37.33,1.64,272.02,0,吝备,22,12,0.0359,0.0188
108,2025-12-30 19:00,-0.3,41.57,1.97,263.92,0,吝备,24,12,0.0347,0.0197
108,2025-12-30 20:00,-0.53,45.3,2.07,317.92,0,吝备,25,16,0.035,0.0171
108,2025-12-30 21:00,-0.68,45.58,1.61,304.89,0,吝备,24,13,0.0366,0.0153
108,2025-12-30 22:00,-0.95,44.99,2.21,293.2,0,吝备,27,15,0.0373,0.0132
108,2025-12-30 23:00,-1.05,43.7,2.46,288.55,0,吝备,25,13,0.039,0.0104
108,2025-12-31 0:00,-1.34,35.94,3.19,276.05,0,吝备,22,9,0.0394,0.0084
108,2025-12-31 1:00,,,,,,吝备,16,7,0.0399,0.0068
108,2025-12-31 2:00,,,,,,吝备,17,7,0.0386,0.0063
108,2025-12-31 3:00,,,,,,吝备,16,7,0.0369,0.0066
108,2025-12-31 4:00,,,,,,吝备,16,8,0.035,0.0076
108,2025-12-31 5:00,,,,,,吝备,17,7,0.0319,0.0088
108,2025-12-31 6:00,,,,,,吝备,18,10,0.0276,0.0102
108,2025-12-31 7:00,,,,,,吝备,22,9,0.0234,0.013
108,2025-12-31 8:00,,,,,,吝备,23,12,0.022,0.014
108,2025-12-31 9:00,,,,,,吝备,23,8,0.0239,0.0119
108,2025-12-31 10:00,,,,,,吝备,25,10,0.0273,0.0081
108,2025-12-31 11:00,,,,,,吝备,21,6,0.0292,0.0068
108,2025-12-31 12:00,,,,,,吝备,15,3,0.0294,0.007
108,2025-12-31 13:00,,,,,,吝备,21,6,0.031,0.0064
108,2025-12-31 14:00,,,,,,吝备,22,8,0.0329,0.0054
108,2025-12-31 15:00,,,,,,吝备,17,6,0.033,0.0065
108,2025-12-31 16:00,,,,,,吝备,18,8,0.0315,0.0085
108,2025-12-31 17:00,,,,,,吝备,26,11,0.0281,0.0117
108,2025-12-31 18:00,,,,,,吝备,27,10,0.0267,0.0122
108,2025-12-31 19:00,,,,,,吝备,23,10,0.0268,0.0113
108,2025-12-31 20:00,,,,,,吝备,24,11,0.0276,0.0089
108,2025-12-31 21:00,,,,,,吝备,25,10,0.0276,0.0092
108,2025-12-31 22:00,,,,,,吝备,23,11,0.0288,0.0074
108,2025-12-31 23:00,,,,,,吝备,25,11,0.0295,0.0063
